property_id,sample_id,sample_date,location_code,pb_ppm,longitude,latitude
ENA-01,ENA-01-10D-PA-03,2014-09-05,YD,78.1,-118.191004,34.026172
ENA-01,ENA-01-1D-03,2014-09-05,YD,150,-118.190913,34.026193
ENA-01,ENA-01-2D-03,2014-09-05,YD,132,-118.190912,34.026171
ENA-01,ENA-01-3D-03,2014-09-05,YD,130,-118.190937,34.026182
ENA-01,ENA-01-4D-03,2014-09-05,YD,108,-118.19097,34.026196
ENA-01,ENA-01-5D-03,2014-09-05,YD,114,-118.190966,34.026171
ENA-01,ENA-01-6D-03,2014-09-05,YD,134,-118.190936,34.02619
ENA-01,ENA-01-7D-03,2014-09-05,YD,146,-118.190938,34.026165
ENA-01,ENA-01-8D-PA-03,2014-09-05,YD,101,-118.191008,34.026191
ENA-01,ENA-01-9D-PA-03,2014-09-05,YD,77,-118.191023,34.02618
ENA-01,ENA-01-DZ-1D-03,2014-09-05,DL,264,-118.190904,34.026087
ENA-01,ENA-01-DZ-2D-03,2014-09-05,DL,220,-118.191027,34.02611
ENA-02,ENA-02-10D-03,2014-09-08,YD,222,-118.183086,34.022049
ENA-02,ENA-02-1D-03,2014-09-08,YD,63.8,-118.182742,34.022111
ENA-02,ENA-02-2D-03,2014-09-08,YD,34.7,-118.182743,34.022137
ENA-02,ENA-02-3D-03,2014-09-08,YD,34.8,-118.182765,34.022153
ENA-02,ENA-02-4D-03,2014-09-08,YD,159,-118.18277,34.022144
ENA-02,ENA-02-5D-03,2014-09-08,YD,325,-118.183019,34.022055
ENA-02,ENA-02-6D-03,2014-09-08,YD,203,-118.183045,34.022086
ENA-02,ENA-02-7D-03,2014-09-08,YD,168,-118.183022,34.022107
ENA-02,ENA-02-8D-03,2014-09-08,YD,550,-118.183049,34.022119000000004
ENA-02,ENA-02-9D-03,2014-09-08,YD,119,-118.183051,34.02215
ENA-03,ENA-03-1D-03,2014-09-08,YD,173,-118.209992,34.0244
ENA-03,ENA-03-2D-03,2014-09-08,YD,104,-118.210001,34.024386
ENA-03,ENA-03-3D-03,2014-09-08,YD,126,-118.209978,34.024392
ENA-03,ENA-03-4D-03,2014-09-08,YD,288,-118.209985,34.024381
ENA-03,ENA-03-5D-03,2014-09-08,YD,132,-118.209955,34.024392
ENA-03,ENA-03-DZ-1D-03,2014-09-08,DL,178,-118.20998,34.024373
ENA-04,ENA-04-10D-EZ-03,2014-09-08,YD,44.9,-118.183297,34.023267
ENA-04,ENA-04-1D-03,2014-09-08,YD,103,-118.183381,34.023212
ENA-04,ENA-04-2D-03,2014-09-08,YD,86.7,-118.18364,34.023224
ENA-04,ENA-04-3D-03,2014-09-08,YD,104,-118.183275,34.023214
ENA-04,ENA-04-4D-03,2014-09-08,YD,117,-118.183276,34.023205
ENA-04,ENA-04-5D-EZ-03,2014-09-08,YD,129,-118.18342,34.023206
ENA-04,ENA-04-6D-EZ-03,2014-09-08,YD,118,-118.183507,34.023202
ENA-04,ENA-04-7D-EZ-03,2014-09-08,YD,325,-118.183521,34.023201
ENA-04,ENA-04-8D-EZ-03,2014-09-08,YD,450,-118.183539,34.023202
ENA-04,ENA-04-9D-EZ-03,2014-09-08,YD,44.5,-118.183319,34.023268
ENA-04,ENA-04-DS-1D-03,2014-09-08,DL,238,-118.183477,34.023232
ENA-04,ENA-04-DZ-1D-03,2014-09-08,DL,235,-118.183531,34.0232
ENA-05,ENA-05-10D-03,2014-09-08,YD,624,-118.180555,34.021026
ENA-05,ENA-05-1D-03,2014-09-08,YD,235,-118.180172,34.020949
ENA-05,ENA-05-2D-03,2014-09-08,YD,627,-118.180205,34.020947
ENA-05,ENA-05-3D-03,2014-09-08,YD,210,-118.18019,34.020977
ENA-05,ENA-05-4D-03,2014-09-08,YD,331,-118.18019,34.021016
ENA-05,ENA-05-5D-03,2014-09-08,YD,368,-118.180168,34.021033
ENA-05,ENA-05-6D-03,2014-09-08,YD,310,-118.180204,34.021035
ENA-05,ENA-05-7D-03,2014-09-08,YD,477,-118.180498,34.021022
ENA-05,ENA-05-8D-03,2014-09-08,YD,372,-118.180514,34.021046
ENA-05,ENA-05-9D-03,2014-09-08,YD,805,-118.180539,34.021046
ENA-05,ENA-05-DZ-1D-03,2014-09-08,DL,40.1,-118.180206,34.021009
ENA-05,ENA-05-DZ-2D-03,2014-09-08,DL,1470,-118.180346,34.020995
ENA-06,ENA-06-10D-03,2014-09-09,YD,302,-118.201474,34.020625
ENA-06,ENA-06-1D-03,2014-09-09,YD,208,-118.201399,34.020939
ENA-06,ENA-06-2D-03,2014-09-09,YD,191,-118.201388,34.020955
ENA-06,ENA-06-3D-03,2014-09-09,YD,182,-118.201368,34.020937000000004
ENA-06,ENA-06-4D-03,2014-09-09,YD,281,-118.201349,34.020921
ENA-06,ENA-06-5D-03,2014-09-09,YD,133,-118.20134,34.020936
ENA-06,ENA-06-6D-03,2014-09-09,YD,161,-118.201469,34.020788
ENA-06,ENA-06-7D-03,2014-09-09,YD,165,-118.201493,34.020783
ENA-06,ENA-06-8D-03,2014-09-09,YD,266,-118.201472,34.020766
ENA-06,ENA-06-9D-03,2014-09-09,YD,432,-118.20149,34.020633
ENA-06,ENA-06-DZ-1D-03,2014-09-09,DL,279,-118.20136,34.020923
ENA-06,ENA-06-DZ-2D-03,2014-09-09,DL,1370,-118.201449,34.0208
ENA-07,ENA-07-10D-03,2014-09-09,YD,376,-118.198891,34.020341
ENA-07,ENA-07-1D-03,2014-09-09,YD,160,-118.199203,34.020519
ENA-07,ENA-07-2D-03,2014-09-09,YD,158,-118.19923,34.020499
ENA-07,ENA-07-3D-03,2014-09-09,YD,194,-118.199199,34.020494
ENA-07,ENA-07-4D-03,2014-09-09,YD,207,-118.199221,34.020478
ENA-07,ENA-07-5D-03,2014-09-09,YD,169,-118.199211,34.020461
ENA-07,ENA-07-6D-03,2014-09-09,YD,320,-118.198982,34.020412
ENA-07,ENA-07-7D-03,2014-09-09,YD,324,-118.198997,34.020381
ENA-07,ENA-07-8D-03,2014-09-09,YD,382,-118.198925,34.020357
ENA-07,ENA-07-9D-03,2014-09-09,YD,371,-118.198909,34.020349
ENA-07,ENA-07-DZ-1D-03,2014-09-09,DL,437,-118.19918,34.020486
ENA-07,ENA-07-DZ-2D-03,2014-09-09,DL,443,-118.199128,34.020507
ENA-07,ENA-07-DZ-3D-03,2014-09-09,DL,243,-118.199003,34.020402
ENA-07,ENA-07-DZ-4D-03,2014-09-09,DL,497,-118.199098,34.020411
ENA-09,ENA-09-10D-03,2014-09-10,YD,272,-118.203519,34.021472
ENA-09,ENA-09-1D-03,2014-09-10,YD,151,-118.203705,34.021214
ENA-09,ENA-09-2D-03,2014-09-10,YD,275,-118.203676,34.021202
ENA-09,ENA-09-3D-03,2014-09-10,YD,264,-118.203687,34.021237
ENA-09,ENA-09-4D-03,2014-09-10,YD,398,-118.203629,34.021172
ENA-09,ENA-09-5D-03,2014-09-10,YD,282,-118.203629,34.021193
ENA-09,ENA-09-6D-EZ-03,2014-09-10,YD,325,-118.203562,34.021378
ENA-09,ENA-09-7D-03,2014-09-10,YD,122,-118.203575,34.021419
ENA-09,ENA-09-8D-03,2014-09-10,YD,352,-118.203538,34.021418
ENA-09,ENA-09-9D-03,2014-09-10,YD,320,-118.20355,34.021445
ENA-09,ENA-09-DZ-1D-03,2014-09-10,DL,209,-118.203659,34.021243
ENA-10,ENA-10-10D-EZ-03,2014-09-10,YD,284,-118.188659,34.018212
ENA-10,ENA-10-1D-03,2014-09-10,YD,60.3,-118.188357,34.018217
ENA-10,ENA-10-2D-03,2014-09-10,YD,183,-118.188684,34.018213
ENA-10,ENA-10-3D-03,2014-09-10,YD,252,-118.188597,34.018254
ENA-10,ENA-10-4D-03,2014-09-10,YD,239,-118.188606,34.018228
ENA-10,ENA-10-5D-EZ-03,2014-09-10,YD,512,-118.188613,34.018254
ENA-10,ENA-10-6D-EZ-03,2014-09-10,YD,293,-118.188623,34.018235
ENA-10,ENA-10-7D-EZ-03,2014-09-10,YD,284,-118.188626,34.018222
ENA-10,ENA-10-8D-EZ-03,2014-09-10,YD,295,-118.188658,34.018228
ENA-10,ENA-10-9D-EZ-03,2014-09-10,YD,297,-118.188658,34.01822
ENA-10,ENA-10-DZ-1D-03,2014-09-10,DL,191,-118.188453,34.018266
ENA-10,ENA-10-DZ-2D-03,2014-09-10,DL,234,-118.18843,34.018216
ENA-10,ENA-10-DZ-3D-03,2014-09-10,DL,216,-118.188595,34.018228
ENA-10,ENA-10-DZ-4D-03,2014-09-10,DL,536,-118.188494,34.018275
ENA-11,ENA-11-10D-03,2014-09-10,YD,454,-118.186739,34.01843
ENA-11,ENA-11-1D-03,2014-09-10,YD,214,-118.187129,34.018474
ENA-11,ENA-11-2D-03,2014-09-10,YD,224,-118.187087,34.018475
ENA-11,ENA-11-3D-03,2014-09-10,YD,141,-118.187108,34.018446
ENA-11,ENA-11-4D-03,2014-09-10,YD,185,-118.187131,34.01842
ENA-11,ENA-11-5D-03,2014-09-10,YD,182,-118.187083,34.01842
ENA-11,ENA-11-6D-03,2014-09-10,YD,297,-118.186852,34.018506
ENA-11,ENA-11-7D-03,2014-09-10,YD,891,-118.18682,34.018487
ENA-11,ENA-11-8D-03,2014-09-10,YD,654,-118.186805,34.018468
ENA-11,ENA-11-9D-03,2014-09-10,YD,328,-118.186786,34.018429
ENA-12,ENA-12-10D-03,2014-09-11,YD,480,-118.188834,34.02483
ENA-12,ENA-12-1D-03,2014-09-11,YD,778,-118.188772,34.024997
ENA-12,ENA-12-2D-03,2014-09-11,YD,477,-118.188733,34.024955
ENA-12,ENA-12-3D-03,2014-09-11,YD,460,-118.188769,34.024934
ENA-12,ENA-12-4D-03,2014-09-11,YD,374,-118.188798,34.024915
ENA-12,ENA-12-5D-03,2014-09-11,YD,447,-118.188838,34.024929
ENA-12,ENA-12-6D-03,2014-09-11,YD,319,-118.188733,34.024899
ENA-12,ENA-12-7D-03,2014-09-11,YD,440,-118.188755,34.024873
ENA-12,ENA-12-8D-03,2014-09-11,YD,407,-118.188839,34.024866
ENA-12,ENA-12-9D-03,2014-09-11,YD,1860,-118.188728,34.024831
ENA-12,ENA-12-DZ-1D-03,2014-09-11,DL,290,-118.188838,34.025222
ENA-12,ENA-12-DZ-2D-03,2014-09-11,DL,767,-118.188746,34.025189
ENA-12,ENA-12-DZ-3D-03,2014-09-11,DL,902,-118.188766,34.025077
ENA-13,ENA-13-10D-03,2014-09-11,YD,180,-118.191687,34.019295
ENA-13,ENA-13-1D-03,2014-09-11,YD,183,-118.191331,34.019264
ENA-13,ENA-13-2D-03,2014-09-11,YD,245,-118.191324,34.019326
ENA-13,ENA-13-3D-03,2014-09-11,YD,256,-118.191331,34.019314
ENA-13,ENA-13-4D-03,2014-09-11,YD,201,-118.191338,34.019303
ENA-13,ENA-13-5D-03,2014-09-11,YD,1330,-118.19135,34.01932
ENA-13,ENA-13-6D-03,2014-09-11,YD,533,-118.191609,34.019299
ENA-13,ENA-13-7D-03,2014-09-11,YD,355,-118.191615,34.019321
ENA-13,ENA-13-8D-03,2014-09-11,YD,330,-118.191634,34.019311
ENA-13,ENA-13-9D-03,2014-09-11,YD,177,-118.191653,34.019296
ENA-13,ENA-13-DZ-1D-03,2014-09-11,DL,192,-118.191385,34.019309
ENA-13,ENA-13-DZ-2D-03,2014-09-11,DL,710,-118.191493,34.019247
ENA-14,ENA-14-10D-03,2014-09-13,YD,247,-118.184031,34.026751
ENA-14,ENA-14-1D-03,2014-09-13,YD,99,-118.183942,34.026402
ENA-14,ENA-14-2D-03,2014-09-13,YD,195,-118.184098,34.026436
ENA-14,ENA-14-3D-03,2014-09-13,YD,192,-118.18402,34.026419
ENA-14,ENA-14-4D-03,2014-09-13,YD,263,-118.184018,34.026443
ENA-14,ENA-14-5D-03,2014-09-13,YD,261,-118.183954,34.026484
ENA-14,ENA-14-6D-03,2014-09-13,YD,210,-118.183937,34.026698
ENA-14,ENA-14-7D-03,2014-09-13,YD,199,-118.184066,34.026725
ENA-14,ENA-14-8D-03,2014-09-13,YD,195,-118.184066,34.02675
ENA-14,ENA-14-9D-03,2014-09-13,YD,228,-118.184034,34.026726
ENA-14,ENA-14-DZ-1D-03,2014-09-13,DL,214,-118.184074,34.026462
ENA-14,ENA-14-DZ-2D-03,2014-09-13,DL,61.8,-118.183933,34.026533
ENA-15,ENA-15-10D-EZ-03,2014-09-17,YD,864,-118.200526,34.023915
ENA-15,ENA-15-1D-03,2014-09-17,YD,295,-118.200648,34.023798
ENA-15,ENA-15-2D-03,2014-09-17,YD,256,-118.200624,34.023783
ENA-15,ENA-15-3D-03,2014-09-17,YD,288,-118.200592,34.023769
ENA-15,ENA-15-4D-03,2014-09-17,YD,1720,-118.200558,34.023756
ENA-15,ENA-15-5D-03,2014-09-17,YD,415,-118.200525,34.023742
ENA-15,ENA-15-6D-03,2014-09-17,YD,401,-118.200445,34.023879
ENA-15,ENA-15-7D-03,2014-09-17,YD,726,-118.200467,34.023889
ENA-15,ENA-15-8D-03,2014-09-17,YD,435,-118.200487,34.023898
ENA-15,ENA-15-9D-03,2014-09-17,YD,794,-118.200507,34.023906
ENA-15,ENA-15-DS-1D-03,2014-09-17,DL,632,-118.20051,34.023899
ENA-15,ENA-15-DZ-1D-03,2014-09-17,DL,1150,-118.20058,34.023802
ENA-15,ENA-15-DZ-2D-03,2014-09-17,DL,588,-118.200592,34.02381
ENA-15,ENA-15-DZ-3D-03,2014-09-17,DL,622,-118.200527,34.023907
ENA-15,ENA-15-DZ-4D-03,2014-09-17,DL,2620,-118.200478,34.023794
ENA-16,ENA-16-10D-03,2014-09-20,YD,181,-118.177475,34.02311
ENA-16,ENA-16-1D-03,2014-09-20,YD,170,-118.177572,34.023135
ENA-16,ENA-16-2D-03,2014-09-20,YD,151,-118.177564,34.023116
ENA-16,ENA-16-3D-03,2014-09-20,YD,219,-118.177573,34.023098
ENA-16,ENA-16-4D-03,2014-09-20,YD,185,-118.177542,34.023141
ENA-16,ENA-16-5D-03,2014-09-20,YD,170,-118.177532,34.023118
ENA-16,ENA-16-6D-03,2014-09-20,YD,395,-118.177525,34.023113
ENA-16,ENA-16-7D-03,2014-09-20,YD,153,-118.177515,34.023137
ENA-16,ENA-16-8D-03,2014-09-20,YD,270,-118.177497,34.023113
ENA-16,ENA-16-9D-03,2014-09-20,YD,272,-118.177494,34.023133
ENA-16,ENA-16-DZ-1D-03,2014-09-20,DL,146,-118.177845,34.023109
ENA-16,ENA-16-DZ-2D-03,2014-09-20,DL,176,-118.177602,34.023098
ENA-17,ENA-17-10D-03,2014-09-20,YD,270,-118.195119,34.022125
ENA-17,ENA-17-1D-03,2014-09-20,YD,110,-118.194848,34.021932
ENA-17,ENA-17-2D-03,2014-09-20,YD,204,-118.194855,34.021949
ENA-17,ENA-17-3D-03,2014-09-20,YD,86.3,-118.194826,34.021965
ENA-17,ENA-17-4D-03,2014-09-20,YD,90.3,-118.194837,34.021988
ENA-17,ENA-17-5D-03,2014-09-20,YD,237,-118.194813,34.021986
ENA-17,ENA-17-6D-03,2014-09-20,YD,322,-118.195056,34.022091
ENA-17,ENA-17-7D-03,2014-09-20,YD,1440,-118.195084,34.022081
ENA-17,ENA-17-8D-03,2014-09-20,YD,286,-118.195081,34.022108
ENA-17,ENA-17-9D-03,2014-09-20,YD,435,-118.195109,34.022103
ENA-17,ENA-17-DZ-1D-03,2014-09-20,DL,387,-118.194874,34.021977
ENA-17,ENA-17-DZ-2D-03,2014-09-20,DL,586,-118.195015,34.022058
ENA-17,ENA-17-DZ-3D-03,2014-09-20,DL,669,-118.194909,34.022034
ENA-18,ENA-18-10D-EZ-03,2014-09-20,YD,1080,-118.186737,34.023356
ENA-18,ENA-18-1D-03,2014-09-20,YD,167,-118.186341,34.023311
ENA-18,ENA-18-2D-03,2014-09-20,YD,233,-118.186342,34.023354
ENA-18,ENA-18-3D-03,2014-09-20,YD,188,-118.186366,34.023336
ENA-18,ENA-18-4D-03,2014-09-20,YD,211,-118.186385,34.02331
ENA-18,ENA-18-5D-03,2014-09-20,YD,735,-118.186454,34.023324
ENA-18,ENA-18-6D-EZ-03,2014-09-20,YD,750,-118.18663,34.023416
ENA-18,ENA-18-7D-EZ-03,2014-09-20,YD,768,-118.186622,34.023377
ENA-18,ENA-18-8D-EZ-03,2014-09-20,YD,613,-118.186654,34.023369
ENA-18,ENA-18-9D-EZ-03,2014-09-20,YD,1290,-118.186679,34.023364
ENA-18,ENA-18-DZ-1D-03,2014-09-20,DL,674,-118.186396,34.02338
ENA-18,ENA-18-DZ-2D-03,2014-09-20,DL,1540,-118.186554,34.023312
ENA-19,ENA-19-10D-03,2014-09-22,YD,108,-118.202424,34.027287
ENA-19,ENA-19-1D-03,2014-09-22,YD,95,-118.202399,34.027386
ENA-19,ENA-19-2D-03,2014-09-22,YD,93.2,-118.202374,34.027376
ENA-19,ENA-19-3D-03,2014-09-22,YD,109,-118.202398,34.027365
ENA-19,ENA-19-4D-03,2014-09-22,YD,114,-118.202417,34.027356
ENA-19,ENA-19-5D-03,2014-09-22,YD,94.5,-118.202393,34.027346
ENA-19,ENA-19-6D-03,2014-09-22,YD,92.6,-118.202431,34.027333
ENA-19,ENA-19-7D-03,2014-09-22,YD,117,-118.202404,34.027322
ENA-19,ENA-19-8D-03,2014-09-22,YD,91,-118.202427,34.02731
ENA-19,ENA-19-9D-03,2014-09-22,YD,94.2,-118.202451,34.027297
ENA-19,ENA-19-DZ-1D-03,2014-09-22,DL,137,-118.202399,34.027288
ENA-20,ENA-20-10D-03,2014-09-22,YD,1200,-118.192851,34.029606
ENA-20,ENA-20-1D-03,2014-09-22,YD,225,-118.193095,34.029368
ENA-20,ENA-20-2D-03,2014-09-22,YD,199,-118.1931,34.029367
ENA-20,ENA-20-3D-03,2014-09-22,YD,147,-118.193059,34.029334
ENA-20,ENA-20-4D-03,2014-09-22,YD,87.2,-118.193024,34.029331
ENA-20,ENA-20-5D-03,2014-09-22,YD,114,-118.193015,34.029333
ENA-20,ENA-20-6D-03,2014-09-22,YD,292,-118.192996,34.029514
ENA-20,ENA-20-7D-03,2014-09-22,YD,413,-118.192969,34.029561
ENA-20,ENA-20-8D-03,2014-09-22,YD,264,-118.192903,34.029564
ENA-20,ENA-20-9D-03,2014-09-22,YD,1260,-118.19293,34.029629
ENA-20,ENA-20-DZ-1D-03,2014-09-22,DL,242,-118.193065,34.029369
ENA-20,ENA-20-DZ-2D-03,2014-09-22,DL,292,-118.192986,34.029488
ENA-21,ENA-21-10D-03,2014-09-22,YD,353,-118.183142,34.018358
ENA-21,ENA-21-1D-03,2014-09-22,YD,355,-118.183609,34.018407
ENA-21,ENA-21-2D-03,2014-09-22,YD,279,-118.18357,34.018407
ENA-21,ENA-21-3D-03,2014-09-22,YD,222,-118.18359,34.018378
ENA-21,ENA-21-4D-03,2014-09-22,YD,604,-118.183611,34.018348
ENA-21,ENA-21-5D-03,2014-09-22,YD,211,-118.183569,34.018349
ENA-21,ENA-21-6D-03,2014-09-22,YD,354,-118.183341,34.018396
ENA-21,ENA-21-7D-03,2014-09-22,YD,511,-118.1833,34.018371
ENA-21,ENA-21-8D-03,2014-09-22,YD,245,-118.183241,34.018399
ENA-21,ENA-21-9D-03,2014-09-22,YD,492,-118.183149,34.018384
ENA-21,ENA-21-DZ-1D-03,2014-09-22,DL,582,-118.183553,34.018392
ENA-21,ENA-21-DZ-2D-03,2014-09-22,DL,1090,-118.183416,34.018407
ENA-21,ENA-21-DZ-3D-03,2014-09-22,DL,568,-118.183386,34.018394
ENA-22,ENA-22-10D-03,2014-09-22,YD,180,-118.207002,34.021035
ENA-22,ENA-22-1D-03,2014-09-22,YD,239,-118.206761,34.021272
ENA-22,ENA-22-2D-03,2014-09-22,YD,326,-118.206768,34.021261
ENA-22,ENA-22-3D-03,2014-09-22,YD,257,-118.206806,34.021286
ENA-22,ENA-22-4D-03,2014-09-22,YD,302,-118.206831,34.021306
ENA-22,ENA-22-5D-03,2014-09-22,YD,210,-118.206863,34.021306
ENA-22,ENA-22-6D-03,2014-09-22,YD,117,-118.20686,34.021104
ENA-22,ENA-22-7D-03,2014-09-22,YD,322,-118.206879,34.021073
ENA-22,ENA-22-8D-03,2014-09-22,YD,129,-118.206928,34.021009
ENA-22,ENA-22-9D-03,2014-09-22,YD,482,-118.206965,34.021022
ENA-22,ENA-22-DZ-1D-03,2014-09-22,DL,338,-118.20679,34.021263
ENA-22,ENA-22-DZ-2D-03,2014-09-22,DL,829,-118.206816,34.021182
ENA-22,ENA-22-DZ-3D-03,2014-09-22,DL,205,-118.206921,34.021162
ENA-22,ENA-22-DZ-4D-03,2014-09-22,DL,926,-118.206921,34.021223
ENA-23,ENA-23-10D-03,2014-09-23,YD,165,-118.193498,34.019325
ENA-23,ENA-23-1D-03,2014-09-23,YD,54.1,-118.193499,34.019265
ENA-23,ENA-23-2D-03,2014-09-23,YD,75.9,-118.1935,34.019246
ENA-23,ENA-23-3D-03,2014-09-23,YD,82.9,-118.193459,34.019246
ENA-23,ENA-23-4D-03,2014-09-23,YD,143,-118.19346,34.019265
ENA-23,ENA-23-5D-03,2014-09-23,YD,149,-118.19346,34.019288
ENA-23,ENA-23-6D-03,2014-09-23,YD,67.9,-118.193496,34.019287
ENA-23,ENA-23-7D-03,2014-09-23,YD,97.9,-118.19346,34.019308
ENA-23,ENA-23-8D-03,2014-09-23,YD,92.5,-118.193499,34.019308
ENA-23,ENA-23-9D-03,2014-09-23,YD,103,-118.193459,34.019325
ENA-23,ENA-23-DZ-1D-03,2014-09-23,DL,464,-118.193603,34.019283
ENA-25,ENA-25-10D-03,2014-09-23,YD,2050,-118.184192,34.021209
ENA-25,ENA-25-1D-03,2014-09-23,YD,151,-118.18384,34.021217
ENA-25,ENA-25-2D-03,2014-09-23,YD,191,-118.183861,34.021215
ENA-25,ENA-25-3D-03,2014-09-23,YD,133,-118.183851,34.021233
ENA-25,ENA-25-4D-03,2014-09-23,YD,230,-118.183841,34.021248
ENA-25,ENA-25-5D-03,2014-09-23,YD,146,-118.183862,34.021247
ENA-25,ENA-25-6D-03,2014-09-23,YD,107,-118.184082,34.021216
ENA-25,ENA-25-7D-03,2014-09-23,YD,227,-118.184084,34.021255
ENA-25,ENA-25-8D-03,2014-09-23,YD,549,-118.184084,34.021288
ENA-25,ENA-25-9D-03,2014-09-23,YD,322,-118.184155,34.021232
ENA-25,ENA-25-DZ-1D-03,2014-09-23,DL,191,-118.18387800000001,34.021223
ENA-25,ENA-25-DZ-2D-03,2014-09-23,DL,267,-118.184059,34.02123
ENA-26,ENA-26-10D-03,2014-09-23,YD,349,-118.18186,34.026891
ENA-26,ENA-26-1D-03,2014-09-23,YD,253,-118.181418,34.02688
ENA-26,ENA-26-2D-03,2014-09-23,YD,229,-118.181445,34.026881
ENA-26,ENA-26-3D-03,2014-09-23,YD,185,-118.181433,34.02691
ENA-26,ENA-26-4D-03,2014-09-23,YD,165,-118.181421,34.026956
ENA-26,ENA-26-5D-03,2014-09-23,YD,176,-118.18145,34.026955
ENA-26,ENA-26-6D-03,2014-09-23,YD,72.3,-118.181686,34.026949
ENA-26,ENA-26-7D-03,2014-09-23,YD,265,-118.181712,34.026921
ENA-26,ENA-26-8D-03,2014-09-23,YD,229,-118.181759,34.026919
ENA-26,ENA-26-9D-03,2014-09-23,YD,502,-118.181799,34.026953
ENA-26,ENA-26-DZ-1D-03,2014-09-23,DL,264,-118.181572,34.026917
ENA-26,ENA-26-DZ-2D-03,2014-09-23,DL,583,-118.181572,34.026917
ENA-27,ENA-27-10D-03,2014-09-24,YD,293,-118.201183,34.020556
ENA-27,ENA-27-1D-03,2014-09-24,YD,121,-118.200978,34.020769
ENA-27,ENA-27-2D-03,2014-09-24,YD,224,-118.200993,34.020753
ENA-27,ENA-27-3D-03,2014-09-24,YD,544,-118.201022,34.020778
ENA-27,ENA-27-4D-03,2014-09-24,YD,131,-118.201039,34.020795
ENA-27,ENA-27-5D-03,2014-09-24,YD,1290,-118.201048,34.020775
ENA-27,ENA-27-6D-03,2014-09-24,YD,231,-118.201141,34.020637
ENA-27,ENA-27-7D-03,2014-09-24,YD,115,-118.201124,34.020614
ENA-27,ENA-27-8D-03,2014-09-24,YD,225,-118.201165,34.020598
ENA-27,ENA-27-9D-03,2014-09-24,YD,162,-118.201147,34.020567
ENA-27,ENA-27-DZ-1D-03,2014-09-24,DL,608,-118.201033,34.020756
ENA-27,ENA-27-DZ-2D-03,2014-09-24,DL,1340,-118.201001,34.020685
ENA-27,ENA-27-DZ-3D-03,2014-09-24,DL,1060,-118.201105,34.020668
ENA-27,ENA-27-DZ-4D-03,2014-09-24,DL,739,-118.201086,34.020717
ENA-28,ENA-28-10D-03,2014-09-24,YD,166,-118.205349,34.023267
ENA-28,ENA-28-1D-03,2014-09-24,YD,146,-118.205585,34.023025
ENA-28,ENA-28-2D-03,2014-09-24,YD,141,-118.205571,34.023047
ENA-28,ENA-28-3D-03,2014-09-24,YD,179,-118.205543,34.023018
ENA-28,ENA-28-4D-03,2014-09-24,YD,172,-118.20551,34.02299
ENA-28,ENA-28-5D-03,2014-09-24,YD,142,-118.205496,34.023013
ENA-28,ENA-28-6D-03,2014-09-24,YD,280,-118.205441,34.023238
ENA-28,ENA-28-7D-03,2014-09-24,YD,108,-118.205381,34.023209
ENA-28,ENA-28-8D-03,2014-09-24,YD,68.3,-118.205393,34.023249
ENA-28,ENA-28-9D-03,2014-09-24,YD,146,-118.205401,34.02329
ENA-28,ENA-28-DZ-1D-03,2014-09-24,DL,55.8,-118.205532,34.023039
ENA-28,ENA-28-DZ-2D-03,2014-09-24,DL,256,-118.205502,34.023156
ENA-29,ENA-29-10D-03,2014-09-24,YD,152,-118.190688,34.02717
ENA-29,ENA-29-1D-03,2014-09-24,YD,131,-118.190609,34.027199
ENA-29,ENA-29-2D-03,2014-09-24,YD,175,-118.190608,34.027189
ENA-29,ENA-29-3D-03,2014-09-24,YD,198,-118.1907,34.027134
ENA-29,ENA-29-4D-03,2014-09-24,YD,135,-118.190625,34.0272
ENA-29,ENA-29-5D-03,2014-09-24,YD,179,-118.190624,34.027189
ENA-29,ENA-29-6D-03,2014-09-24,YD,261,-118.190625,34.027178
ENA-29,ENA-29-7D-03,2014-09-24,YD,104,-118.190687,34.027198
ENA-29,ENA-29-8D-03,2014-09-24,YD,119,-118.190699,34.027186
ENA-29,ENA-29-9D-03,2014-09-24,YD,159,-118.190672,34.027183
ENA-29,ENA-29-DZ-1D-03,2014-09-24,DL,975,-118.190623,34.02716
ENA-29,ENA-29-DZ-2D-03,2014-09-24,DL,830,-118.190607,34.02711
ENA-29,ENA-29-DZ-3D-03,2014-09-24,DL,240,-118.190711,34.027141
ENA-31,ENA-31-10D-03,2014-09-25,YD,931,-118.186748,34.021525
ENA-31,ENA-31-1D-03,2014-09-25,YD,232,-118.186347,34.02155
ENA-31,ENA-31-2D-03,2014-09-25,YD,185,-118.186329,34.021572
ENA-31,ENA-31-3D-03,2014-09-25,YD,167,-118.186322,34.021597
ENA-31,ENA-31-4D-03,2014-09-25,YD,232,-118.186345,34.021611
ENA-31,ENA-31-5D-03,2014-09-25,YD,153,-118.186346,34.021632
ENA-31,ENA-31-6D-03,2014-09-25,YD,237,-118.186597,34.0216
ENA-31,ENA-31-7D-03,2014-09-25,YD,211,-118.186682,34.021564
ENA-31,ENA-31-8D-03,2014-09-25,YD,309,-118.186732,34.021598
ENA-31,ENA-31-9D-03,2014-09-25,YD,347,-118.186698,34.021525
ENA-31,ENA-31-DZ-1D-03,2014-09-25,DL,593,-118.186387,34.021616
ENA-31,ENA-31-DZ-2D-03,2014-09-25,DL,333,-118.186591,34.021592
ENA-31,ENA-31-DZ-3D-03,2014-09-25,DL,341,-118.186423,34.02164
ENA-32,ENA-32-10D-03,2014-09-26,YD,1100,-118.184968,34.027885
ENA-32,ENA-32-1D-03,2014-09-26,YD,75,-118.184858,34.028207
ENA-32,ENA-32-2D-03,2014-09-26,YD,29.9,-118.184858,34.028189
ENA-32,ENA-32-3D-03,2014-09-26,YD,38.7,-118.184897,34.028198
ENA-32,ENA-32-4D-03,2014-09-26,YD,60.1,-118.184937,34.028201
ENA-32,ENA-32-5D-03,2014-09-26,YD,44.4,-118.184935,34.028184
ENA-32,ENA-32-6D-03,2014-09-26,YD,132,-118.184884,34.028017
ENA-32,ENA-32-7D-03,2014-09-26,YD,185,-118.184983,34.02802
ENA-32,ENA-32-8D-03,2014-09-26,YD,169,-118.184929,34.027955
ENA-32,ENA-32-9D-03,2014-09-26,YD,173,-118.184878,34.027883
ENA-32,ENA-32-DZ-1D-03,2014-09-26,DL,26,-118.184883,34.028184
ENA-32,ENA-32-DZ-2D-03,2014-09-26,DL,77.4,-118.184864,34.028106
ENA-33,ENA-33-10D-03,2014-09-26,YD,201,-118.19175,34.020833
ENA-33,ENA-33-1D-03,2014-09-26,YD,31.6,-118.191785,34.020735
ENA-33,ENA-33-2D-03,2014-09-26,YD,38.1,-118.191825,34.020863
ENA-33,ENA-33-3D-03,2014-09-26,YD,26.2,-118.191816,34.020733
ENA-33,ENA-33-4D-03,2014-09-26,YD,37.1,-118.191869,34.02073
ENA-33,ENA-33-5D-03,2014-09-26,YD,29.1,-118.191928,34.020729
ENA-33,ENA-33-6D-03,2014-09-26,YD,23.6,-118.191806,34.020845
ENA-33,ENA-33-7D-03,2014-09-26,YD,29.4,-118.191783,34.020859
ENA-33,ENA-33-8D-03,2014-09-26,YD,35.8,-118.191766,34.020866
ENA-33,ENA-33-9D-03,2014-09-26,YD,46.1,-118.191757,34.020853
ENA-33,ENA-33-DS-1D-03,2014-09-26,DL,49.2,-118.191829,34.020775
ENA-33,ENA-33-DZ-1D-03,2014-09-26,DL,40.7,-118.191806,34.02082
ENA-33,ENA-33-DZ-2D-03,2014-09-26,DL,28,-118.191773,34.020773
ENA-33,ENA-33-DZ-3D-03,2014-09-26,DL,26.8,-118.191909,34.020843
ENA-33,ENA-33-DZ-4D-03,2014-09-26,DL,35.1,-118.191935,34.020804
ENA-34,ENA-34-10D-EZ-03,2014-09-26,YD,380,-118.183125,34.024768
ENA-34,ENA-34-1D-03,2014-09-26,YD,115,-118.182792,34.024737
ENA-34,ENA-34-2D-03,2014-09-26,YD,133,-118.182833,34.024737
ENA-34,ENA-34-3D-03,2014-09-26,YD,131,-118.182812,34.024771
ENA-34,ENA-34-4D-03,2014-09-26,YD,40.2,-118.182785,34.024816
ENA-34,ENA-34-5D-03,2014-09-26,YD,66.3,-118.182833,34.024815
ENA-34,ENA-34-6D-03,2014-09-26,YD,417,-118.183036,34.024798
ENA-34,ENA-34-7D-03,2014-09-26,YD,402,-118.183041,34.024761
ENA-34,ENA-34-8D-03,2014-09-26,YD,240,-118.183063,34.024804
ENA-34,ENA-34-9D-03,2014-09-26,YD,422,-118.183081,34.024769
ENA-34,ENA-34-DZ-1D-03,2014-09-26,DL,194,-118.182883,34.024797
ENA-34,ENA-34-DZ-2D-03,2014-09-26,DL,295,-118.18291,34.024744
ENA-34,ENA-34-DZ-3D-03,2014-09-26,DL,179,-118.183036,34.024782
ENA-35,ENA-35-10D-03,2014-09-29,YD,434,-118.180708,34.023162
ENA-35,ENA-35-1D-03,2014-09-29,YD,202,-118.18115,34.023224
ENA-35,ENA-35-2D-03,2014-09-29,YD,180,-118.181109,34.023225
ENA-35,ENA-35-3D-03,2014-09-29,YD,137,-118.181134,34.023189
ENA-35,ENA-35-4D-03,2014-09-29,YD,173,-118.181151,34.023153
ENA-35,ENA-35-5D-03,2014-09-29,YD,166,-118.181106,34.023158
ENA-35,ENA-35-6D-03,2014-09-29,YD,249,-118.180793,34.023251
ENA-35,ENA-35-7D-03,2014-09-29,YD,908,-118.180721,34.023252
ENA-35,ENA-35-8D-03,2014-09-29,YD,337,-118.180758,34.023207
ENA-35,ENA-35-9D-03,2014-09-29,YD,134,-118.180798,34.023157
ENA-35,ENA-35-DZ-1D-03,2014-09-29,DL,173,-118.181086,34.023191
ENA-35,ENA-35-DZ-2D-03,2014-09-29,DL,77.8,-118.180955,34.023221
ENA-35,ENA-35-DZ-3D-03,2014-09-29,DL,275,-118.180853,34.023165
ENA-35,ENA-35-DZ-4D-03,2014-09-29,DL,116,-118.18093,34.023145
ENA-36,ENA-36-10D-03,2014-10-01,YD,190,-118.187975,34.022617
ENA-36,ENA-36-1D-03,2014-10-01,YD,91.7,-118.18819,34.022761
ENA-36,ENA-36-2D-03,2014-10-01,YD,166,-118.188189,34.022735
ENA-36,ENA-36-3D-03,2014-10-01,YD,176,-118.188184,34.022702
ENA-36,ENA-36-4D-03,2014-10-01,YD,187,-118.18819,34.022673
ENA-36,ENA-36-5D-03,2014-10-01,YD,141,-118.188162,34.022621
ENA-36,ENA-36-6D-03,2014-10-01,YD,70.1,-118.18811,34.022613
ENA-36,ENA-36-7D-03,2014-10-01,YD,102,-118.18809,34.022632
ENA-36,ENA-36-8D-03,2014-10-01,YD,92.1,-118.188059,34.022616
ENA-36,ENA-36-9D-03,2014-10-01,YD,125,-118.188027,34.022636
ENA-36,ENA-36-DZ-1D-03,2014-10-01,DL,115,-118.188143,34.022716
ENA-36,ENA-36-DZ-2D-03,2014-10-01,DL,378,-118.188067,34.022639
ENA-37,ENA-37-10D-03,2014-10-01,YD,169,-118.179892,34.018247
ENA-37,ENA-37-1D-03,2014-10-01,YD,150,-118.179936,34.0183
ENA-37,ENA-37-2D-03,2014-10-01,YD,146,-118.179935,34.018283
ENA-37,ENA-37-3D-03,2014-10-01,YD,155,-118.179934,34.018269
ENA-37,ENA-37-4D-03,2014-10-01,YD,255,-118.179933,34.018249
ENA-37,ENA-37-5D-03,2014-10-01,YD,169,-118.179919,34.018284
ENA-37,ENA-37-6D-03,2014-10-01,YD,171,-118.179918,34.018269
ENA-37,ENA-37-7D-03,2014-10-01,YD,266,-118.179895,34.018302
ENA-37,ENA-37-8D-03,2014-10-01,YD,229,-118.179893,34.018284
ENA-37,ENA-37-9D-03,2014-10-01,YD,181,-118.179893,34.018267
ENA-37,ENA-37-DZ-1D-03,2014-10-01,DL,514,-118.179875,34.018276
ENA-38,ENA-38-10D-03,2014-10-01,YD,159,-118.194735,34.016876
ENA-38,ENA-38-1D-03,2014-10-01,YD,117,-118.195102,34.016913
ENA-38,ENA-38-2D-03,2014-10-01,YD,133,-118.195081,34.016913
ENA-38,ENA-38-3D-03,2014-10-01,YD,108,-118.19509,34.016894
ENA-38,ENA-38-4D-03,2014-10-01,YD,93.2,-118.195101,34.016878
ENA-38,ENA-38-5D-03,2014-10-01,YD,99.2,-118.195081,34.016878
ENA-38,ENA-38-6D-03,2014-10-01,YD,119,-118.194881,34.016932
ENA-38,ENA-38-7D-03,2014-10-01,YD,105,-118.194866,34.016912
ENA-38,ENA-38-8D-03,2014-10-01,YD,125,-118.194799,34.01694
ENA-38,ENA-38-9D-03,2014-10-01,YD,61.9,-118.194765,34.016939
ENA-38,ENA-38-DZ-1D-03,2014-10-01,DL,111,-118.195068,34.016918
ENA-39,ENA-39-10D-03,2014-10-09,YD,258,-118.204417,34.020633
ENA-39,ENA-39-1D-03,2014-10-09,YD,215,-118.204488,34.020638
ENA-39,ENA-39-2D-03,2014-10-09,YD,179,-118.204465,34.020628
ENA-39,ENA-39-3D-03,2014-10-09,YD,130,-118.20443,34.020611
ENA-39,ENA-39-4D-03,2014-10-09,YD,185,-118.204493,34.020652
ENA-39,ENA-39-5D-03,2014-10-09,YD,177,-118.204471,34.020643
ENA-39,ENA-39-6D-03,2014-10-09,YD,303,-118.204451,34.020634
ENA-39,ENA-39-7D-03,2014-10-09,YD,334,-118.204424,34.020623
ENA-39,ENA-39-8D-03,2014-10-09,YD,302,-118.204475,34.020658
ENA-39,ENA-39-9D-03,2014-10-09,YD,897,-118.204454,34.020649
ENA-39,ENA-39-DZ-1D-03,2014-10-09,DL,444,-118.204453,34.020665
ENA-40,ENA-40-10D-03,2014-10-10,YD,117,-118.202707,34.023068
ENA-40,ENA-40-1D-03,2014-10-10,YD,113,-118.202943,34.022802
ENA-40,ENA-40-2D-03,2014-10-10,YD,332,-118.202932,34.02282
ENA-40,ENA-40-3D-03,2014-10-10,YD,131,-118.202928,34.022796
ENA-40,ENA-40-4D-03,2014-10-10,YD,147,-118.202919,34.022812
ENA-40,ENA-40-5D-03,2014-10-10,YD,135,-118.202889,34.022782
ENA-40,ENA-40-6D-03,2014-10-10,YD,118,-118.202884,34.022792
ENA-40,ENA-40-7D-03,2014-10-10,YD,117,-118.202878,34.022803
ENA-40,ENA-40-8D-03,2014-10-10,YD,85.6,-118.202751,34.023089
ENA-40,ENA-40-9D-03,2014-10-10,YD,209,-118.202712,34.023085
ENA-41,ENA-41-10D-03,2014-10-10,YD,174,-118.200803,34.025592
ENA-41,ENA-41-1D-03,2014-10-10,YD,289,-118.200696,34.025583
ENA-41,ENA-41-2D-03,2014-10-10,YD,316,-118.200705,34.025566
ENA-41,ENA-41-3D-03,2014-10-10,YD,265,-118.200719,34.025592
ENA-41,ENA-41-4D-03,2014-10-10,YD,341,-118.200726,34.025579
ENA-41,ENA-41-5D-03,2014-10-10,YD,206,-118.200751,34.025606
ENA-41,ENA-41-6D-03,2014-10-10,YD,180,-118.20077,34.025615
ENA-41,ENA-41-7D-03,2014-10-10,YD,271,-118.200776,34.025597
ENA-41,ENA-41-8D-03,2014-10-10,YD,176,-118.20079,34.02562
ENA-41,ENA-41-9D-03,2014-10-10,YD,194,-118.200798,34.025607
ENA-41,ENA-41-DS-1D-03,2014-10-10,DL,203,-118.200793,34.025538
ENA-41,ENA-41-DZ-1D-03,2014-10-10,DL,47.5,-118.200793,34.025538
ENA-41,ENA-41-DZ-2D-03,2014-10-10,DL,720,-118.200793,34.025538
ENA-42,ENA-42-10D-03,2014-10-10,YD,103,-118.19584,34.026725
ENA-42,ENA-42-1D-03,2014-10-10,YD,96.6,-118.19571,34.026686
ENA-42,ENA-42-2D-03,2014-10-10,YD,61.9,-118.195718,34.026663
ENA-42,ENA-42-3D-03,2014-10-10,YD,82.2,-118.195732,34.02664
ENA-42,ENA-42-4D-03,2014-10-10,YD,66.3,-118.195738,34.026699
ENA-42,ENA-42-5D-03,2014-10-10,YD,60,-118.195748,34.026684
ENA-42,ENA-42-6D-03,2014-10-10,YD,101,-118.19577,34.026715
ENA-42,ENA-42-7D-03,2014-10-10,YD,80.7,-118.195782,34.026699
ENA-42,ENA-42-8D-03,2014-10-10,YD,107,-118.1958,34.026734
ENA-42,ENA-42-9D-03,2014-10-10,YD,109,-118.195814,34.026713
ENA-43,ENA-43-10D-03,2014-10-13,YD,426,-118.176382,34.013383
ENA-43,ENA-43-1D-03,2014-10-13,YD,125,-118.176313,34.013657
ENA-43,ENA-43-2D-03,2014-10-13,YD,135,-118.176316,34.013628
ENA-43,ENA-43-3D-03,2014-10-13,YD,146,-118.176384,34.013655
ENA-43,ENA-43-4D-03,2014-10-13,YD,302,-118.176385,34.013622
ENA-43,ENA-43-5D-03,2014-10-13,YD,281,-118.176393,34.013561
ENA-43,ENA-43-6D-03,2014-10-13,YD,353,-118.176362,34.013446
ENA-43,ENA-43-7D-03,2014-10-13,YD,454,-118.176358,34.013384
ENA-43,ENA-43-8D-03,2014-10-13,YD,385,-118.176375,34.013419
ENA-43,ENA-43-9D-03,2014-10-13,YD,155,-118.176405,34.013449
ENA-43,ENA-43-DZ-1D-03,2014-10-13,DL,143,-118.176331,34.01361
ENA-43,ENA-43-DZ-2D-03,2014-10-13,DL,388,-118.176306,34.013533
ENA-43,ENA-43-DZ-3D-03,2014-10-13,DL,308,-118.176375,34.013538
ENA-44,ENA-44-10D-03,2014-10-13,YD,587,-118.179493,34.013439
ENA-44,ENA-44-1D-03,2014-10-13,YD,189,-118.179913,34.013493
ENA-44,ENA-44-2D-03,2014-10-13,YD,163,-118.179899,34.013484
ENA-44,ENA-44-3D-03,2014-10-13,YD,168,-118.179908,34.013471
ENA-44,ENA-44-4D-03,2014-10-13,YD,244,-118.179913,34.013477
ENA-44,ENA-44-5D-03,2014-10-13,YD,173,-118.1799,34.013459
ENA-44,ENA-44-6D-03,2014-10-13,YD,162,-118.17991,34.013442
ENA-44,ENA-44-7D-03,2014-10-13,YD,190,-118.179899,34.013443
ENA-44,ENA-44-8D-03,2014-10-13,YD,181,-118.179902,34.013434
ENA-44,ENA-44-9D-03,2014-10-13,YD,585,-118.179494,34.013461
ENA-44,ENA-44-DZ-1D-03,2014-10-13,DL,201,-118.179893,34.01345
ENA-44,ENA-44-DZ-2D-03,2014-10-13,DL,533,-118.17987,34.013433
ENA-45,ENA-45-10D-03,2014-10-13,YD,152,-118.179883,34.015593
ENA-45,ENA-45-1D-03,2014-10-13,YD,99,-118.179926,34.015656
ENA-45,ENA-45-2D-03,2014-10-13,YD,141,-118.179889,34.015655
ENA-45,ENA-45-3D-03,2014-10-13,YD,167,-118.179919,34.015656
ENA-45,ENA-45-4D-03,2014-10-13,YD,119,-118.179921,34.015634
ENA-45,ENA-45-5D-03,2014-10-13,YD,120,-118.179887,34.015636
ENA-45,ENA-45-6D-03,2014-10-13,YD,126,-118.179921,34.015639
ENA-45,ENA-45-7D-03,2014-10-13,YD,174,-118.179918,34.015612
ENA-45,ENA-45-8D-03,2014-10-13,YD,319,-118.179922,34.015617
ENA-45,ENA-45-9D-03,2014-10-13,YD,176,-118.179902,34.015615
ENA-45,ENA-45-DZ-1D-03,2014-10-13,DL,131,-118.179864,34.015604
ENA-45,ENA-45-DZ-2D-03,2014-10-13,DL,262,-118.179797,34.015664
ENA-45,ENA-45-DZ-3D-03,2014-10-13,DL,207,-118.179854,34.015601
ENA-46,ENA-46-10D-03,2014-10-13,YD,354,-118.175434,34.016063
ENA-46,ENA-46-1D-03,2014-10-13,YD,149,-118.175775,34.016114
ENA-46,ENA-46-2D-03,2014-10-13,YD,148,-118.175735,34.016114
ENA-46,ENA-46-3D-03,2014-10-13,YD,235,-118.175775,34.01605
ENA-46,ENA-46-4D-03,2014-10-13,YD,181,-118.175751,34.016063
ENA-46,ENA-46-5D-03,2014-10-13,YD,149,-118.17573,34.016065
ENA-46,ENA-46-6D-03,2014-10-13,YD,352,-118.175478,34.016095
ENA-46,ENA-46-7D-03,2014-10-13,YD,251,-118.175436,34.016112
ENA-46,ENA-46-8D-03,2014-10-13,YD,108,-118.175451,34.016063
ENA-46,ENA-46-9D-03,2014-10-13,YD,172,-118.17549,34.016062
ENA-46,ENA-46-DZ-1D-03,2014-10-13,DL,420,-118.175712,34.016061
ENA-46,ENA-46-DZ-2D-03,2014-10-13,DL,684,-118.175688,34.016038
ENA-47,ENA-47-10D-03,2014-10-14,YD,142,-118.179082,34.017278
ENA-47,ENA-47-1D-03,2014-10-14,YD,74.7,-118.17907,34.01722
ENA-47,ENA-47-2D-03,2014-10-14,YD,17.8,-118.179095,34.017219
ENA-47,ENA-47-3D-03,2014-10-14,YD,184,-118.179118,34.017218
ENA-47,ENA-47-4D-03,2014-10-14,YD,194,-118.179105,34.017232
ENA-47,ENA-47-5D-03,2014-10-14,YD,141,-118.179082,34.017235
ENA-47,ENA-47-6D-03,2014-10-14,YD,133,-118.179068,34.017256
ENA-47,ENA-47-7D-03,2014-10-14,YD,133,-118.179084,34.017258
ENA-47,ENA-47-8D-03,2014-10-14,YD,383,-118.17911,34.017257
ENA-47,ENA-47-9D-03,2014-10-14,YD,199,-118.179103,34.017276
ENA-47,ENA-47-DZ-1D-03,2014-10-14,DL,363,-118.179123,34.017269
ENA-49,ENA-49-10D-03,2014-10-14,YD,127,-118.184821,34.018109
ENA-49,ENA-49-1D-03,2014-10-14,YD,143,-118.184845,34.018152
ENA-49,ENA-49-2D-03,2014-10-14,YD,144,-118.18481,34.018151
ENA-49,ENA-49-3D-03,2014-10-14,YD,126,-118.18485,34.018124
ENA-49,ENA-49-4D-03,2014-10-14,YD,103,-118.184815,34.018138
ENA-49,ENA-49-5D-03,2014-10-14,YD,162,-118.184792,34.018123
ENA-49,ENA-49-6D-03,2014-10-14,YD,163,-118.184854,34.018121
ENA-49,ENA-49-7D-03,2014-10-14,YD,138,-118.184817,34.018086
ENA-49,ENA-49-8D-03,2014-10-14,YD,201,-118.184792,34.018087
ENA-49,ENA-49-9D-03,2014-10-14,YD,114,-118.184841,34.018108
ENA-49,ENA-49-DZ-1D-03,2014-10-14,DL,495,-118.184775,34.018116
ENA-49,ENA-49-DZ-2D-03,2014-10-14,DL,1180,-118.184728,34.018093
ENA-50,ENA-50-10D-03,2014-10-14,YD,60.2,-118.178825,34.014219
ENA-50,ENA-50-1D-03,2014-10-14,YD,54.9,-118.178836,34.014278
ENA-50,ENA-50-2D-03,2014-10-14,YD,67.8,-118.17886,34.014223
ENA-50,ENA-50-3D-03,2014-10-14,YD,62.4,-118.17886,34.014248
ENA-50,ENA-50-4D-03,2014-10-14,YD,65.5,-118.178859,34.014278
ENA-50,ENA-50-5D-03,2014-10-14,YD,68.1,-118.178843,34.014249
ENA-50,ENA-50-6D-03,2014-10-14,YD,67,-118.178841,34.014237
ENA-50,ENA-50-7D-03,2014-10-14,YD,64,-118.178841,34.01422
ENA-50,ENA-50-8D-03,2014-10-14,YD,70.3,-118.178826,34.014248
ENA-50,ENA-50-9D-03,2014-10-14,YD,65.4,-118.178824,34.014234
ENA-50,ENA-50-DS-1D-03,2014-10-14,DL,248,-118.178793,34.014251
ENA-50,ENA-50-DZ-1D-03,2014-10-14,DL,60.8,-118.178782,34.014282
ENA-51,ENA-51-10D-03,2014-10-15,YD,603,-118.189762,34.017114
ENA-51,ENA-51-1D-03,2014-10-15,YD,191,-118.190149,34.017152
ENA-51,ENA-51-2D-03,2014-10-15,YD,192,-118.190119,34.017153
ENA-51,ENA-51-3D-03,2014-10-15,YD,201,-118.19013699999999,34.01713
ENA-51,ENA-51-4D-03,2014-10-15,YD,176,-118.190148,34.017105
ENA-51,ENA-51-5D-03,2014-10-15,YD,158,-118.190118,34.017108
ENA-51,ENA-51-6D-03,2014-10-15,YD,666,-118.189803,34.017169
ENA-51,ENA-51-7D-03,2014-10-15,YD,598,-118.189767,34.017168
ENA-51,ENA-51-8D-03,2014-10-15,YD,859,-118.189786,34.01714
ENA-51,ENA-51-9D-03,2014-10-15,YD,458,-118.189802,34.01712
ENA-51,ENA-51-DZ-1D-03,2014-10-15,DL,189,-118.190063,34.017095
ENA-52,ENA-52-10D-EZ-03,2014-10-15,YD,325,-118.18812,34.017097
ENA-52,ENA-52-1D-EZ-03,2014-10-15,YD,2140,-118.188171,34.017028
ENA-52,ENA-52-2D-EZ-03,2014-10-15,YD,168,-118.188163,34.017031
ENA-52,ENA-52-3D-EZ-03,2014-10-15,YD,166,-118.188152,34.017023
ENA-52,ENA-52-4D-EZ-03,2014-10-15,YD,221,-118.188137,34.017025
ENA-52,ENA-52-5D-EZ-03,2014-10-15,YD,280,-118.188126,34.01703
ENA-52,ENA-52-6D-EZ-03,2014-10-15,YD,182,-118.18812,34.017039
ENA-52,ENA-52-7D-EZ-03,2014-10-15,YD,358,-118.188121,34.017052
ENA-52,ENA-52-8D-EZ-03,2014-10-15,YD,268,-118.188121,34.017067
ENA-52,ENA-52-9D-EZ-03,2014-10-15,YD,211,-118.18812,34.017078
ENA-52,ENA-52-DZ-1D-03,2014-10-15,DL,245,-118.188112,34.017056
ENA-53,ENA-53-10D-03,2014-10-15,YD,249,-118.190142,34.017763
ENA-53,ENA-53-1D-03,2014-10-15,YD,218,-118.19016,34.017819
ENA-53,ENA-53-2D-03,2014-10-15,YD,138,-118.19016,34.017807
ENA-53,ENA-53-3D-03,2014-10-15,YD,116,-118.19016,34.017794
ENA-53,ENA-53-4D-03,2014-10-15,YD,161,-118.19016,34.01778
ENA-53,ENA-53-5D-03,2014-10-15,YD,154,-118.190161,34.017762
ENA-53,ENA-53-6D-03,2014-10-15,YD,256,-118.19014,34.017821
ENA-53,ENA-53-7D-03,2014-10-15,YD,125,-118.190141,34.017807
ENA-53,ENA-53-8D-03,2014-10-15,YD,122,-118.190142,34.017796
ENA-53,ENA-53-9D-03,2014-10-15,YD,145,-118.190142,34.01778
ENA-53,ENA-53-DZ-1D-03,2014-10-15,DL,278,-118.190126,34.017792
ENA-53,ENA-53-DZ-2D-03,2014-10-15,DL,464,-118.190068,34.01775
ENA-54,ENA-54-10D-03,2014-10-17,YD,129,-118.190347,34.029152
ENA-54,ENA-54-1D-03,2014-10-17,YD,136,-118.190253,34.02918
ENA-54,ENA-54-2D-03,2014-10-17,YD,106,-118.190254,34.029148
ENA-54,ENA-54-3D-03,2014-10-17,YD,92.6,-118.190272,34.029163
ENA-54,ENA-54-4D-03,2014-10-17,YD,136,-118.19029,34.029174
ENA-54,ENA-54-5D-03,2014-10-17,YD,87.8,-118.19029,34.029148
ENA-54,ENA-54-6D-03,2014-10-17,YD,66.7,-118.190315,34.029177
ENA-54,ENA-54-7D-03,2014-10-17,YD,142,-118.190316,34.029149
ENA-54,ENA-54-8D-03,2014-10-17,YD,116,-118.190328,34.029163
ENA-54,ENA-54-9D-03,2014-10-17,YD,49,-118.190347,34.029179
ENA-54,ENA-54-DZ-1D-03,2014-10-17,DL,499,-118.190331,34.02912
ENA-54,ENA-54-DZ-2D-03,2014-10-17,DL,47.9,-118.190247,34.029074
ENA-55,ENA-55-10D-03,2014-10-17,YD,677,-118.187809,34.028394
ENA-55,ENA-55-1D-03,2014-10-17,YD,189,-118.188023,34.028385
ENA-55,ENA-55-2D-03,2014-10-17,YD,176,-118.188008,34.028406
ENA-55,ENA-55-3D-03,2014-10-17,YD,354,-118.188025,34.028439
ENA-55,ENA-55-4D-03,2014-10-17,YD,824,-118.187977,34.028382
ENA-55,ENA-55-5D-03,2014-10-17,YD,404,-118.187926,34.028384
ENA-55,ENA-55-6D-03,2014-10-17,YD,471,-118.187947,34.028407
ENA-55,ENA-55-7D-03,2014-10-17,YD,707,-118.187976,34.028433
ENA-55,ENA-55-8D-03,2014-10-17,YD,273,-118.187909,34.028468
ENA-55,ENA-55-9D-03,2014-10-17,YD,590,-118.187828,34.028378
ENA-55,ENA-55-DZ-1D-03,2014-10-17,DL,457,-118.187827,34.028399
ENA-55,ENA-55-DZ-2D-03,2014-10-17,DL,529,-118.187899,34.028437
ENA-56,ENA-56-10D-03,2014-10-17,YD,194,-118.184275,34.017185
ENA-56,ENA-56-1D-03,2014-10-17,YD,71.5,-118.183835,34.017133
ENA-56,ENA-56-2D-03,2014-10-17,YD,267,-118.183862,34.017133
ENA-56,ENA-56-3D-03,2014-10-17,YD,34.4,-118.18385,34.017159
ENA-56,ENA-56-4D-03,2014-10-17,YD,43.8,-118.18386,34.017192
ENA-56,ENA-56-5D-03,2014-10-17,YD,88,-118.183833,34.01719
ENA-56,ENA-56-6D-03,2014-10-17,YD,186,-118.184208,34.017152
ENA-56,ENA-56-7D-03,2014-10-17,YD,174,-118.184266,34.017145
ENA-56,ENA-56-8D-03,2014-10-17,YD,170,-118.18424,34.017171
ENA-56,ENA-56-9D-03,2014-10-17,YD,138,-118.184212,34.017187
ENA-57,ENA-57-10D-03,2014-10-17,YD,306,-118.181453,34.026663
ENA-57,ENA-57-1D-03,2014-10-17,YD,350,-118.181448,34.026568
ENA-57,ENA-57-2D-03,2014-10-17,YD,456,-118.181482,34.026568
ENA-57,ENA-57-3D-03,2014-10-17,YD,480,-118.181529,34.026568
ENA-57,ENA-57-4D-03,2014-10-17,YD,228,-118.181418,34.026606
ENA-57,ENA-57-5D-03,2014-10-17,YD,298,-118.181447,34.026605000000004
ENA-57,ENA-57-6D-03,2014-10-17,YD,794,-118.181421,34.026642
ENA-57,ENA-57-7D-03,2014-10-17,YD,303,-118.181445,34.026641
ENA-57,ENA-57-8D-03,2014-10-17,YD,193,-118.181439,34.026652
ENA-57,ENA-57-9D-03,2014-10-17,YD,199,-118.181427,34.026663
ENA-57,ENA-57-DZ-1D-03,2014-10-17,DL,2800,-118.181473,34.026607
ENA-58,ENA-58-10D-03,2014-10-20,YD,115,-118.18835,34.026943
ENA-58,ENA-58-1D-03,2014-10-20,YD,98.1,-118.188308,34.027191
ENA-58,ENA-58-2D-03,2014-10-20,YD,202,-118.188354,34.027153
ENA-58,ENA-58-3D-03,2014-10-20,YD,128,-118.188273,34.027135
ENA-58,ENA-58-4D-03,2014-10-20,YD,133,-118.188343,34.027106
ENA-58,ENA-58-5D-03,2014-10-20,YD,148,-118.188269,34.027086
ENA-58,ENA-58-6D-03,2014-10-20,YD,127,-118.188288,34.027032
ENA-58,ENA-58-7D-03,2014-10-20,YD,93.9,-118.188286,34.027004
ENA-58,ENA-58-8D-03,2014-10-20,YD,93.1,-118.188348,34.026985
ENA-58,ENA-58-9D-03,2014-10-20,YD,83.2,-118.188295,34.026971
ENA-58,ENA-58-DZ-1D-03,2014-10-20,DL,89.7,-118.188305,34.026929
ENA-58,ENA-58-DZ-2D-03,2014-10-20,DL,211,-118.188212,34.02689
ENA-59,ENA-59-10D-03,2014-10-20,YD,153,-118.194838,34.026257
ENA-59,ENA-59-1D-03,2014-10-20,YD,161,-118.194766,34.026263
ENA-59,ENA-59-2D-03,2014-10-20,YD,197,-118.194775,34.026248
ENA-59,ENA-59-3D-03,2014-10-20,YD,174,-118.194784,34.026234
ENA-59,ENA-59-4D-03,2014-10-20,YD,173,-118.19479,34.026282
ENA-59,ENA-59-5D-03,2014-10-20,YD,136,-118.194798,34.026268
ENA-59,ENA-59-6D-03,2014-10-20,YD,175,-118.194804,34.026254
ENA-59,ENA-59-7D-03,2014-10-20,YD,180,-118.194812,34.026242
ENA-59,ENA-59-8D-03,2014-10-20,YD,148,-118.194815,34.026293
ENA-59,ENA-59-9D-03,2014-10-20,YD,156,-118.194826,34.026277
ENA-59,ENA-59-DZ-1D-03,2014-10-20,DL,491,-118.194899,34.026207
ENA-60,ENA-60-10D-03,2014-10-20,YD,836,-118.191867,34.02497
ENA-60,ENA-60-1D-03,2014-10-20,YD,289,-118.192163,34.025069
ENA-60,ENA-60-2D-03,2014-10-20,YD,105,-118.19217,34.024989
ENA-60,ENA-60-3D-03,2014-10-20,YD,61.9,-118.192169,34.024977
ENA-60,ENA-60-4D-03,2014-10-20,YD,311,-118.192193,34.024966
ENA-60,ENA-60-5D-03,2014-10-20,YD,343,-118.19217,34.024967
ENA-60,ENA-60-6D-03,2014-10-20,YD,554,-118.192146,34.024967
ENA-60,ENA-60-7D-03,2014-10-20,YD,355,-118.192111,34.024969
ENA-60,ENA-60-8D-03,2014-10-20,YD,153,-118.192043,34.024978
ENA-60,ENA-60-9D-03,2014-10-20,YD,262,-118.192017,34.02507
ENA-60,ENA-60-DZ-1D-03,2014-10-20,DL,404,-118.192158,34.024986
ENA-60,ENA-60-DZ-2D-03,2014-10-20,DL,1750,-118.19208,34.024973
ENA-61,ENA-61-10D-03,2014-10-20,YD,334,-118.188014,34.026847
ENA-61,ENA-61-1D-03,2014-10-20,YD,217,-118.187559,34.026808
ENA-61,ENA-61-2D-03,2014-10-20,YD,171,-118.187605,34.026807
ENA-61,ENA-61-3D-03,2014-10-20,YD,123,-118.187583,34.026843
ENA-61,ENA-61-4D-03,2014-10-20,YD,114,-118.187564,34.026873
ENA-61,ENA-61-5D-03,2014-10-20,YD,187,-118.187605,34.026875
ENA-61,ENA-61-6D-03,2014-10-20,YD,255,-118.187884,34.026824
ENA-61,ENA-61-7D-03,2014-10-20,YD,324,-118.187919,34.026852
ENA-61,ENA-61-8D-03,2014-10-20,YD,339,-118.187966,34.026827
ENA-61,ENA-61-9D-03,2014-10-20,YD,274,-118.188015,34.026806
ENA-61,ENA-61-DZ-1D-03,2014-10-20,DL,318,-118.187635,34.026828
ENA-62,ENA-62-10D-03,2014-10-21,YD,354,-118.194793,34.01784
ENA-62,ENA-62-1D-03,2014-10-21,YD,206,-118.195102,34.017888
ENA-62,ENA-62-2D-03,2014-10-21,YD,196,-118.195066,34.01789
ENA-62,ENA-62-3D-03,2014-10-21,YD,247,-118.195081,34.017866
ENA-62,ENA-62-4D-03,2014-10-21,YD,160,-118.195096,34.01784
ENA-62,ENA-62-5D-03,2014-10-21,YD,240,-118.195068,34.017843
ENA-62,ENA-62-6D-03,2014-10-21,YD,761,-118.194839,34.017858
ENA-62,ENA-62-7D-03,2014-10-21,YD,574,-118.194804,34.01786
ENA-62,ENA-62-8D-03,2014-10-21,YD,402,-118.19478,34.017858
ENA-62,ENA-62-9D-03,2014-10-21,YD,269,-118.194818,34.017841
ENA-63,ENA-63-10D-03,2014-10-21,YD,207,-118.194913,34.027655
ENA-63,ENA-63-3D-03,2014-10-21,YD,163,-118.194919,34.027588
ENA-63,ENA-63-4D-03,2014-10-21,YD,146,-118.194905,34.027611
ENA-63,ENA-63-5D-03,2014-10-21,YD,168,-118.194894,34.027627
ENA-63,ENA-63-6D-03,2014-10-21,YD,258,-118.194883,34.027646
ENA-63,ENA-63-7D-03,2014-10-21,YD,270,-118.194938,34.027598
ENA-63,ENA-63-8D-03,2014-10-21,YD,243,-118.194929,34.027618
ENA-63,ENA-63-9D-03,2014-10-21,YD,303,-118.194919,34.027635
ENA-63,ENA-63-DZ-1D-03,2014-10-21,DL,390,-118.194955,34.0276
ENA-63,ENA-63-DZ-2D-03,2014-10-21,DL,2190,-118.194981,34.027601
ENA-64,ENA-64-10D-03,2014-10-22,YD,263,-118.19663,34.02938
ENA-64,ENA-64-1D-03,2014-10-22,YD,193,-118.196608,34.029437
ENA-64,ENA-64-2D-03,2014-10-22,YD,159,-118.196615,34.029426
ENA-64,ENA-64-3D-03,2014-10-22,YD,545,-118.196623,34.029414
ENA-64,ENA-64-4D-03,2014-10-22,YD,218,-118.196633,34.029399
ENA-64,ENA-64-5D-03,2014-10-22,YD,426,-118.196642,34.029385
ENA-64,ENA-64-6D-03,2014-10-22,YD,214,-118.196598,34.029432
ENA-64,ENA-64-7D-03,2014-10-22,YD,221,-118.196605,34.029422
ENA-64,ENA-64-8D-03,2014-10-22,YD,251,-118.196612,34.029409
ENA-64,ENA-64-9D-03,2014-10-22,YD,285,-118.196621,34.029395
ENA-64,ENA-64-DZ-1D-03,2014-10-22,DL,370,-118.196614,34.029396
ENA-65,ENA-65-10D-03,2014-12-29,YD,143,-118.18578,34.025566
ENA-65,ENA-65-1D-03,2014-12-29,YD,197,-118.186131,34.025661
ENA-65,ENA-65-2D-03,2014-12-29,YD,163,-118.186104,34.025653
ENA-65,ENA-65-3D-03,2014-12-29,YD,271,-118.186128,34.025643
ENA-65,ENA-65-4D-03,2014-12-29,YD,172,-118.186129,34.025627
ENA-65,ENA-65-5D-03,2014-12-29,YD,150,-118.186133,34.025602
ENA-65,ENA-65-6D-03,2014-12-29,YD,171,-118.186112,34.025606
ENA-65,ENA-65-7D-03,2014-12-29,YD,160,-118.186107,34.025583
ENA-65,ENA-65-8D-03,2014-12-29,YD,120,-118.185844,34.025563
ENA-65,ENA-65-9D-03,2014-12-29,YD,209,-118.185828,34.025618
ENA-66,ENA-66-10D-03,2014-12-30,YD,299,-118.193119,34.022102
ENA-66,ENA-66-1D-03,2014-12-30,YD,209,-118.193011,34.022091
ENA-66,ENA-66-2D-03,2014-12-30,YD,340,-118.193027,34.022068
ENA-66,ENA-66-3D-03,2014-12-30,YD,157,-118.193035,34.022086
ENA-66,ENA-66-4D-03,2014-12-30,YD,115,-118.193039,34.022099
ENA-66,ENA-66-5D-03,2014-12-30,YD,5.6499999999999995,-118.19305,34.02208
ENA-66,ENA-66-6D-03,2014-12-30,YD,36.5,-118.193069,34.022118
ENA-66,ENA-66-7D-03,2014-12-30,YD,5.58,-118.193081,34.022091
ENA-66,ENA-66-8D-03,2014-12-30,YD,74.6,-118.193096,34.022115
ENA-66,ENA-66-9D-03,2014-12-30,YD,182,-118.193104,34.022128
ENA-66,ENA-66-DZ-1D-03,2014-12-30,DL,5.76,-118.193195,34.02193
ENA-67,ENA-67-10D-03,2014-12-30,YD,316,-118.186059,34.023102
ENA-67,ENA-67-1D-03,2014-12-30,YD,229,-118.186092,34.023167
ENA-67,ENA-67-2D-03,2014-12-30,YD,409,-118.18606,34.023169
ENA-67,ENA-67-3D-03,2014-12-30,YD,175,-118.186098,34.023136
ENA-67,ENA-67-4D-03,2014-12-30,YD,251,-118.186081,34.023148
ENA-67,ENA-67-5D-03,2014-12-30,YD,518,-118.186059,34.023133
ENA-67,ENA-67-6D-03,2014-12-30,YD,200,-118.186105,34.023119
ENA-67,ENA-67-7D-03,2014-12-30,YD,226,-118.18608,34.023119
ENA-67,ENA-67-8D-03,2014-12-30,YD,658,-118.186052,34.023121
ENA-67,ENA-67-9D-03,2014-12-30,YD,201,-118.186107,34.023103
ENA-67,ENA-67-DZ-1D-03,2014-12-30,DL,317,-118.186025,34.023141
ENA-68,ENA-68-10D-03,2014-12-30,YD,479,-118.190098,34.021858
ENA-68,ENA-68-1D-03,2014-12-30,YD,252,-118.190196,34.021927
ENA-68,ENA-68-2D-03,2014-12-30,YD,259,-118.190197,34.021906
ENA-68,ENA-68-3D-03,2014-12-30,YD,439,-118.190198,34.021889
ENA-68,ENA-68-4D-03,2014-12-30,YD,291,-118.190195,34.021869
ENA-68,ENA-68-5D-03,2014-12-30,YD,301,-118.19018,34.021868
ENA-68,ENA-68-6D-03,2014-12-30,YD,341,-118.190161,34.021869
ENA-68,ENA-68-7D-03,2014-12-30,YD,453,-118.190123,34.021873
ENA-68,ENA-68-8D-03,2014-12-30,YD,408,-118.190097,34.021873
ENA-68,ENA-68-9D-03,2014-12-30,YD,757,-118.190123,34.021855
ENA-68,ENA-68-DZ-1D-03,2014-12-30,DL,961,-118.190143,34.021896
ENA-69,ENA-69-10D-03,2014-12-31,YD,134,-118.192693,34.023259
ENA-69,ENA-69-1D-03,2014-12-31,YD,218,-118.192834,34.023242
ENA-69,ENA-69-2D-03,2014-12-31,YD,325,-118.192824,34.023259
ENA-69,ENA-69-3D-03,2014-12-31,YD,338,-118.192805,34.02323
ENA-69,ENA-69-4D-03,2014-12-31,YD,436,-118.192797,34.023247
ENA-69,ENA-69-5D-03,2014-12-31,YD,291,-118.192769,34.023214
ENA-69,ENA-69-6D-03,2014-12-31,YD,1430,-118.192757,34.023232
ENA-69,ENA-69-7D-03,2014-12-31,YD,214,-118.192743,34.023204
ENA-69,ENA-69-8D-03,2014-12-31,YD,347,-118.192733,34.023221
ENA-69,ENA-69-9D-03,2014-12-31,YD,364,-118.192705,34.023243
ENA-69,ENA-69-DS-1D-03,2014-12-31,DL,632,-118.192732,34.02325
ENA-69,ENA-69-DZ-1D-03,2014-12-31,DL,432,-118.192806,34.023272
ENA-69,ENA-69-DZ-2D-03,2014-12-31,DL,390,-118.192768,34.023367
ENA-69,ENA-69-DZ-3D-03,2014-12-31,DL,688,-118.192699,34.023275
ENA-70,ENA-70-10D-03,2015-01-06,YD,186,-118.184827,34.021238
ENA-70,ENA-70-1D-03,2015-01-06,YD,178,-118.18486,34.021306
ENA-70,ENA-70-2D-03,2015-01-06,YD,192,-118.184829,34.021306
ENA-70,ENA-70-3D-03,2015-01-06,YD,141,-118.184843,34.021295
ENA-70,ENA-70-4D-03,2015-01-06,YD,91.3,-118.184858,34.021285
ENA-70,ENA-70-5D-03,2015-01-06,YD,103,-118.184831,34.021286
ENA-70,ENA-70-6D-03,2015-01-06,YD,157,-118.18486,34.021261
ENA-70,ENA-70-7D-03,2015-01-06,YD,168,-118.184829,34.021262
ENA-70,ENA-70-8D-03,2015-01-06,YD,197,-118.184845,34.021248
ENA-70,ENA-70-9D-03,2015-01-06,YD,212,-118.184859,34.021237
ENA-70,ENA-70-DZ-1D-03,2015-01-06,DL,146,-118.184811,34.02125
ENA-71,ENA-71-10D-03,2015-01-06,YD,454,-118.190788,34.020884
ENA-71,ENA-71-1D-03,2015-01-06,YD,146,-118.191177,34.020892
ENA-71,ENA-71-2D-03,2015-01-06,YD,449,-118.191128,34.020895
ENA-71,ENA-71-3D-03,2015-01-06,YD,720,-118.191167,34.02088
ENA-71,ENA-71-4D-03,2015-01-06,YD,239,-118.191139,34.02088
ENA-71,ENA-71-5D-03,2015-01-06,YD,267,-118.191167,34.020891
ENA-71,ENA-71-6D-03,2015-01-06,YD,317,-118.191149,34.02089
ENA-71,ENA-71-7D-03,2015-01-06,YD,1950,-118.191128,34.020889
ENA-71,ENA-71-8D-03,2015-01-06,YD,626,-118.190786,34.020909
ENA-71,ENA-71-9D-03,2015-01-06,YD,408,-118.190807,34.020896
ENA-71,ENA-71-DZ-1D-03,2015-01-06,DL,498,-118.191119,34.020956
ENA-71,ENA-71-DZ-2D-03,2015-01-06,DL,1260,-118.191078,34.020981
ENA-71,ENA-71-DZ-3D-03,2015-01-06,DL,1470,-118.19109,34.020895
ENA-72,ENA-72-10D-03,2015-01-07,YD,813,-118.190759,34.024785
ENA-72,ENA-72-1D-03,2015-01-07,YD,362,-118.190884,34.024721
ENA-72,ENA-72-2D-03,2015-01-07,YD,246,-118.191069,34.024811
ENA-72,ENA-72-3D-03,2015-01-07,YD,251,-118.190874,34.024729
ENA-72,ENA-72-4D-03,2015-01-07,YD,428,-118.190873,34.024709
ENA-72,ENA-72-5D-03,2015-01-07,YD,622,-118.190758,34.02476
ENA-72,ENA-72-6D-03,2015-01-07,YD,888,-118.190757,34.024747
ENA-72,ENA-72-7D-03,2015-01-07,YD,516,-118.190744,34.024747
ENA-72,ENA-72-8D-03,2015-01-07,YD,480,-118.190731,34.02476
ENA-72,ENA-72-9D-03,2015-01-07,YD,273,-118.190731,34.024749
ENA-72,ENA-72-DZ-1D-03,2015-01-07,DL,285,-118.190739,34.024788
ENA-73,ENA-73-10D-03,2015-01-07,YD,18.7,-118.187739,34.021748
ENA-73,ENA-73-1D-03,2015-01-07,YD,161,-118.187453,34.021688
ENA-73,ENA-73-2D-03,2015-01-07,YD,155,-118.187476,34.021688
ENA-73,ENA-73-3D-03,2015-01-07,YD,219,-118.187499,34.021688
ENA-73,ENA-73-4D-03,2015-01-07,YD,161,-118.187484,34.021705
ENA-73,ENA-73-5D-03,2015-01-07,YD,119,-118.1875,34.021705
ENA-73,ENA-73-6D-03,2015-01-07,YD,100,-118.187454,34.021723
ENA-73,ENA-73-7D-03,2015-01-07,YD,131,-118.187472,34.021722
ENA-73,ENA-73-8D-03,2015-01-07,YD,24.4,-118.187708,34.021734
ENA-73,ENA-73-9D-03,2015-01-07,YD,12.1,-118.18771,34.021748
ENA-74,ENA-74-10D-03,2015-01-08,YD,118,-118.195008,34.025302
ENA-74,ENA-74-1D-03,2015-01-08,YD,198,-118.195025,34.025362
ENA-74,ENA-74-2D-03,2015-01-08,YD,221,-118.195037,34.025341
ENA-74,ENA-74-3D-03,2015-01-08,YD,0.52,-118.195021,34.02532
ENA-74,ENA-74-4D-03,2015-01-08,YD,91.8,-118.195033,34.025302
ENA-74,ENA-74-5D-03,2015-01-08,YD,116,-118.194987,34.025307
ENA-74,ENA-74-6D-03,2015-01-08,YD,111,-118.194994,34.02529
ENA-74,ENA-74-7D-03,2015-01-08,YD,124,-118.195038,34.025316
ENA-74,ENA-74-8D-03,2015-01-08,YD,58.6,-118.195028,34.02531
ENA-74,ENA-74-9D-03,2015-01-08,YD,109,-118.195019,34.025306
ENA-74,ENA-74-DZ-1D-03,2015-01-08,DL,305,-118.195038,34.025407
ENA-75,ENA-75-10D-03,2015-01-09,YD,518,-118.196215,34.01988
ENA-75,ENA-75-1D-03,2015-01-09,YD,243,-118.196223,34.019808
ENA-75,ENA-75-2D-03,2015-01-09,YD,225,-118.196245,34.019817
ENA-75,ENA-75-3D-03,2015-01-09,YD,191,-118.196224,34.019825
ENA-75,ENA-75-4D-03,2015-01-09,YD,154,-118.196209,34.019831
ENA-75,ENA-75-5D-03,2015-01-09,YD,258,-118.19623,34.01984
ENA-75,ENA-75-6D-03,2015-01-09,YD,280,-118.196208,34.019849
ENA-75,ENA-75-7D-03,2015-01-09,YD,336,-118.196183,34.019865
ENA-75,ENA-75-8D-03,2015-01-09,YD,244,-118.196198,34.019861
ENA-75,ENA-75-9D-03,2015-01-09,YD,454,-118.196208,34.019871
ENA-75,ENA-75-DZ-1D-03,2015-01-09,DL,120,-118.19623,34.019853
ENA-76,ENA-76-10D-03,2015-01-12,YD,335,-118.197414,34.024197
ENA-76,ENA-76-1D-03,2015-01-12,YD,263,-118.197219,34.024116
ENA-76,ENA-76-2D-03,2015-01-12,YD,204,-118.197197,34.024108
ENA-76,ENA-76-3D-03,2015-01-12,YD,154,-118.197179,34.0241
ENA-76,ENA-76-4D-03,2015-01-12,YD,189,-118.197223,34.024097
ENA-76,ENA-76-5D-03,2015-01-12,YD,161,-118.19719,34.024086
ENA-76,ENA-76-6D-03,2015-01-12,YD,194,-118.197236,34.024086
ENA-76,ENA-76-7D-03,2015-01-12,YD,188,-118.197212,34.02407
ENA-76,ENA-76-8D-03,2015-01-12,YD,225,-118.197355,34.024134
ENA-76,ENA-76-9D-03,2015-01-12,YD,212,-118.197348,34.024145
ENA-76,ENA-76-DZ-1D-03,2015-01-12,DL,131,-118.19739,34.024258
ENA-76,ENA-76-DZ-2D-03,2015-01-12,DL,249,-118.197461,34.024176
ENA-77,ENA-77-10D-03,2015-01-15,YD,188,-118.182108,34.01955
ENA-77,ENA-77-1D-03,2015-01-15,YD,64.2,-118.182225,34.019635
ENA-77,ENA-77-2D-03,2015-01-15,YD,266,-118.182199,34.019635
ENA-77,ENA-77-3D-03,2015-01-15,YD,96.1,-118.18217,34.019636
ENA-77,ENA-77-4D-03,2015-01-15,YD,58.7,-118.182141,34.019636
ENA-77,ENA-77-5D-03,2015-01-15,YD,114,-118.18211,34.019637
ENA-77,ENA-77-6D-03,2015-01-15,YD,292,-118.182222,34.019545
ENA-77,ENA-77-7D-03,2015-01-15,YD,1040,-118.182197,34.019545
ENA-77,ENA-77-8D-03,2015-01-15,YD,211,-118.182168,34.019547
ENA-77,ENA-77-9D-03,2015-01-15,YD,273,-118.182136,34.019548
ENA-77,ENA-77-DZ-1D-03,2015-01-15,DL,345,-118.182243,34.019563
ENA-77,ENA-77-DZ-2D-03,2015-01-15,DL,444,-118.182267,34.019539
ENA-78,ENA-78-10D-03,2015-01-16,YD,154,-118.186696,34.018432
ENA-78,ENA-78-1D-03,2015-01-16,YD,109,-118.186312,34.018433
ENA-78,ENA-78-2D-03,2015-01-16,YD,125,-118.186355,34.018434
ENA-78,ENA-78-3D-03,2015-01-16,YD,94.1,-118.186317,34.018475
ENA-78,ENA-78-4D-03,2015-01-16,YD,95.2,-118.186343,34.01846
ENA-78,ENA-78-5D-03,2015-01-16,YD,144,-118.186375,34.018467
ENA-78,ENA-78-6D-03,2015-01-16,YD,428,-118.186662,34.018423
ENA-78,ENA-78-7D-03,2015-01-16,YD,214,-118.186698,34.01841
ENA-78,ENA-78-8D-03,2015-01-16,YD,100,-118.186679,34.018423
ENA-78,ENA-78-9D-03,2015-01-16,YD,239,-118.186663,34.018434
ENA-78,ENA-78-DZ-1D-03,2015-01-16,DL,604,-118.186394,34.018468
ENA-79,ENA-79-10D-03,2015-01-16,YD,104,-118.188404,34.019275
ENA-79,ENA-79-1D-03,2015-01-16,YD,206,-118.188368,34.01918
ENA-79,ENA-79-2D-03,2015-01-16,YD,216,-118.1884,34.01918
ENA-79,ENA-79-3D-03,2015-01-16,YD,274,-118.188381,34.019196
ENA-79,ENA-79-4D-03,2015-01-16,YD,212,-118.188367,34.019213
ENA-79,ENA-79-5D-03,2015-01-16,YD,292,-118.188399,34.019212
ENA-79,ENA-79-6D-03,2015-01-16,YD,149,-118.188367,34.019234
ENA-79,ENA-79-7D-03,2015-01-16,YD,190,-118.188399,34.019233
ENA-79,ENA-79-8D-03,2015-01-16,YD,195,-118.188382,34.01926
ENA-79,ENA-79-9D-03,2015-01-16,YD,80.8,-118.188369,34.019273
ENA-79,ENA-79-DZ-1D-03,2015-01-16,DL,284,-118.188418,34.0192
ENA-80,ENA-80-10D-03,2015-01-20,YD,201,-118.195329,34.019363
ENA-80,ENA-80-1D-03,2015-01-20,YD,182,-118.195342,34.019284
ENA-80,ENA-80-2D-03,2015-01-20,YD,160,-118.195354,34.01929
ENA-80,ENA-80-3D-03,2015-01-20,YD,191,-118.195369,34.019297
ENA-80,ENA-80-4D-03,2015-01-20,YD,167,-118.19532,34.019312
ENA-80,ENA-80-5D-03,2015-01-20,YD,174,-118.195336,34.019319
ENA-80,ENA-80-6D-03,2015-01-20,YD,258,-118.195352,34.019325
ENA-80,ENA-80-7D-03,2015-01-20,YD,159,-118.195304,34.01934
ENA-80,ENA-80-8D-03,2015-01-20,YD,175,-118.19529,34.019361
ENA-80,ENA-80-9D-03,2015-01-20,YD,150,-118.195307,34.019368
ENA-80,ENA-80-DZ-1D-03,2015-01-20,DL,240,-118.195386,34.019323
ENA-81,ENA-81-10D-03,2015-01-20,YD,167,-118.186041,34.019382
ENA-81,ENA-81-1D-03,2015-01-20,YD,165,-118.186087,34.019452
ENA-81,ENA-81-2D-03,2015-01-20,YD,195,-118.186042,34.019452
ENA-81,ENA-81-3D-03,2015-01-20,YD,118,-118.186061,34.019442
ENA-81,ENA-81-4D-03,2015-01-20,YD,218,-118.186088,34.019434
ENA-81,ENA-81-5D-03,2015-01-20,YD,169,-118.186043,34.019434
ENA-81,ENA-81-6D-03,2015-01-20,YD,85.4,-118.186085,34.019411
ENA-81,ENA-81-7D-03,2015-01-20,YD,134,-118.186043,34.019411
ENA-81,ENA-81-8D-03,2015-01-20,YD,129,-118.186066,34.019395
ENA-81,ENA-81-9D-03,2015-01-20,YD,209,-118.186087,34.019381
ENA-81,ENA-81-DZ-1D-03,2015-01-20,DL,244,-118.186026,34.019445
ENA-81,ENA-81-DZ-2D-03,2015-01-20,DL,313,-118.186005,34.019387
ENA-82,ENA-82-10D-03,2015-01-20,YD,130,-118.201042,34.019687
ENA-82,ENA-82-1D-03,2015-01-20,YD,85.2,-118.201101,34.019791
ENA-82,ENA-82-2D-03,2015-01-20,YD,142,-118.201075,34.019777
ENA-82,ENA-82-3D-03,2015-01-20,YD,116,-118.201039,34.01976
ENA-82,ENA-82-4D-03,2015-01-20,YD,149,-118.200961,34.019725
ENA-82,ENA-82-5D-03,2015-01-20,YD,134,-118.200901,34.0197
ENA-82,ENA-82-6D-03,2015-01-20,YD,146,-118.20092,34.019673
ENA-82,ENA-82-7D-03,2015-01-20,YD,158,-118.200962,34.019672
ENA-82,ENA-82-8D-03,2015-01-20,YD,107,-118.201012,34.019668
ENA-82,ENA-82-9D-03,2015-01-20,YD,170,-118.201007,34.019701
ENA-82,ENA-82-DZ-1D-03,2015-01-20,DL,177,-118.201095,34.019767
ENA-82,ENA-82-DZ-2D-03,2015-01-20,DL,208,-118.201126,34.019674
ENA-84,ENA-84-10D-03,2015-01-30,YD,251,-118.187296,34.017497
ENA-84,ENA-84-1D-03,2015-01-30,YD,231,-118.187295,34.017442
ENA-84,ENA-84-2D-03,2015-01-30,YD,227,-118.187322,34.017442
ENA-84,ENA-84-3D-03,2015-01-30,YD,326,-118.187351,34.017441
ENA-84,ENA-84-4D-03,2015-01-30,YD,272,-118.187352,34.017457
ENA-84,ENA-84-5D-03,2015-01-30,YD,217,-118.187325,34.017459
ENA-84,ENA-84-6D-03,2015-01-30,YD,222,-118.187294,34.01746
ENA-84,ENA-84-7D-03,2015-01-30,YD,202,-118.187294,34.017478
ENA-84,ENA-84-8D-03,2015-01-30,YD,248,-118.187327,34.017477
ENA-84,ENA-84-9D-03,2015-01-30,YD,209,-118.187329,34.017495
ENA-84,ENA-84-DZ-1D-03,2015-01-30,DL,325,-118.187371,34.017464
ENA-84,ENA-84-DZ-2D-03,2015-01-30,DL,844,-118.187375,34.017513
ESA-01,ESA-01-10D-03,2014-08-27,YD,157,-118.197702,33.987888
ESA-01,ESA-01-1D-03,2014-08-27,YD,73.9,-118.197006,33.9877
ESA-01,ESA-01-2D-03,2014-08-27,YD,116,-118.197057,33.987716
ESA-01,ESA-01-3D-03,2014-08-27,YD,116,-118.197048,33.987752
ESA-01,ESA-01-4D-03,2014-08-27,YD,105,-118.197135,33.987713
ESA-01,ESA-01-5D-03,2014-08-27,YD,110,-118.197125,33.987754
ESA-01,ESA-01-6D-03,2014-08-27,YD,205,-118.197736,33.987672
ESA-01,ESA-01-7D-03,2014-08-27,YD,290,-118.197735,33.987729
ESA-01,ESA-01-8D-03,2014-08-27,YD,345,-118.197727,33.987783
ESA-01,ESA-01-9D-03,2014-08-27,YD,190,-118.197715,33.987841
ESA-01,ESA-01-DZ-1D-03,2014-08-27,DL,126,-118.196991,33.987639
ESA-01,ESA-01-DZ-2D-03,2014-08-27,DL,653,-118.197578,33.987636
ESA-01,ESA-01-DZ-3D-03,2014-08-27,DL,511,-118.197707,33.987777
ESA-01,ESA-01-DZ-4D-03,2014-08-27,DL,250,-118.197517,33.987933
ESA-02,ESA-02-10D-EZ-03,2014-09-10,YD,273,-118.195331,33.994297
ESA-02,ESA-02-1D-03,2014-09-10,YD,53.9,-118.195393,33.994048
ESA-02,ESA-02-2D-03,2014-09-10,YD,65.5,-118.195341,33.994063
ESA-02,ESA-02-3D-03,2014-09-10,YD,66.9,-118.195369,33.994042
ESA-02,ESA-02-4D-03,2014-09-10,YD,52.9,-118.195342,33.99404
ESA-02,ESA-02-5D-03,2014-09-10,YD,91.3,-118.195391,33.994065
ESA-02,ESA-02-6D-03,2014-09-10,YD,154,-118.195338,33.994235
ESA-02,ESA-02-7D-03,2014-09-10,YD,100,-118.195337,33.994248
ESA-02,ESA-02-8D-03,2014-09-10,YD,128,-118.195335,33.994263
ESA-02,ESA-02-9D-03,2014-09-10,YD,131,-118.195333,33.99428
ESA-02,ESA-02-DZ-1D-03,2014-09-10,DL,227,-118.195356,33.994074
ESA-02,ESA-02-DZ-2D-03,2014-09-10,DL,120,-118.19536,33.994218
ESA-02,ESA-02-DZ-3D-03,2014-09-10,DL,212,-118.195322,33.994154
ESA-03,ESA-03-10D-03,2014-09-11,YD,146,-118.19639,33.994549
ESA-03,ESA-03-1D-03,2014-09-11,YD,76.2,-118.196374,33.994904
ESA-03,ESA-03-2D-03,2014-09-11,YD,119,-118.196377,33.994884
ESA-03,ESA-03-3D-03,2014-09-11,YD,144,-118.196402,33.994896
ESA-03,ESA-03-4D-03,2014-09-11,YD,88.5,-118.196425,33.99491
ESA-03,ESA-03-5D-03,2014-09-11,YD,123,-118.196426,33.994889
ESA-03,ESA-03-6D-03,2014-09-11,YD,187,-118.196466,33.994594
ESA-03,ESA-03-7D-03,2014-09-11,YD,126,-118.19644,33.994602
ESA-03,ESA-03-8D-03,2014-09-11,YD,110,-118.196432,33.994556
ESA-03,ESA-03-9D-03,2014-09-11,YD,190,-118.196394,33.994576
ESA-04,ESA-04-10D-03,2014-09-11,YD,241,-118.202547,33.989422
ESA-04,ESA-04-1D-03,2014-09-11,YD,164,-118.202434,33.989749
ESA-04,ESA-04-2D-03,2014-09-11,YD,181,-118.202451,33.989756
ESA-04,ESA-04-3D-03,2014-09-11,YD,190,-118.202454,33.989731
ESA-04,ESA-04-4D-03,2014-09-11,YD,219,-118.20247,33.989751
ESA-04,ESA-04-5D-03,2014-09-11,YD,137,-118.202501,33.989759
ESA-04,ESA-04-6D-03,2014-09-11,YD,179,-118.202491,33.989472
ESA-04,ESA-04-7D-03,2014-09-11,YD,162,-118.202493,33.989446
ESA-04,ESA-04-8D-03,2014-09-11,YD,248,-118.202495,33.989424
ESA-04,ESA-04-9D-03,2014-09-11,YD,324,-118.2025,33.989402
ESA-04,ESA-04-DZ-1D-03,2014-09-11,DL,113,-118.202451,33.989696
ESA-04,ESA-04-DZ-2D-03,2014-09-11,DL,228,-118.202548,33.989588
ESA-05,ESA-05-10D-03,2014-09-12,YD,125,-118.192313,33.992109
ESA-05,ESA-05-1D-03,2014-09-12,YD,131,-118.192358,33.991855
ESA-05,ESA-05-2D-03,2014-09-12,YD,143,-118.19235,33.991879
ESA-05,ESA-05-3D-03,2014-09-12,YD,283,-118.192328,33.991878
ESA-05,ESA-05-4D-03,2014-09-12,YD,223,-118.192305,33.991869
ESA-05,ESA-05-5D-03,2014-09-12,YD,141,-118.192309,33.991852
ESA-05,ESA-05-6D-03,2014-09-12,YD,76.2,-118.192282,33.992065
ESA-05,ESA-05-7D-03,2014-09-12,YD,105,-118.192324,33.992071
ESA-05,ESA-05-8D-03,2014-09-12,YD,141,-118.192301,33.992086
ESA-05,ESA-05-9D-03,2014-09-12,YD,106,-118.19229,33.992107
ESA-05,ESA-05-DZ-1D-03,2014-09-12,DL,373,-118.192303,33.991887
ESA-05,ESA-05-DZ-2D-03,2014-09-12,DL,489,-118.192363,33.991935
ESA-05,ESA-05-DZ-3D-03,2014-09-12,DL,138,-118.192304,33.992064
ESA-06,ESA-06-10D-03,2014-09-12,YD,113,-118.187123,33.988624
ESA-06,ESA-06-1D-03,2014-09-12,YD,383,-118.187231,33.988367
ESA-06,ESA-06-2D-03,2014-09-12,YD,299,-118.187229,33.988398
ESA-06,ESA-06-3D-03,2014-09-12,YD,243,-118.18719,33.988378
ESA-06,ESA-06-4D-03,2014-09-12,YD,264,-118.187166,33.988359
ESA-06,ESA-06-5D-03,2014-09-12,YD,504,-118.18716,33.988392
ESA-06,ESA-06-6D-03,2014-09-12,YD,2210,-118.187161,33.988593
ESA-06,ESA-06-7D-03,2014-09-12,YD,76.5,-118.187127,33.98859
ESA-06,ESA-06-8D-03,2014-09-12,YD,315,-118.187143,33.988609
ESA-06,ESA-06-9D-03,2014-09-12,YD,307,-118.187157,33.988628
ESA-06,ESA-06-DZ-1D-03,2014-09-12,DL,158,-118.187189,33.988406
ESA-06,ESA-06-DZ-2D-03,2014-09-12,DL,77.9,-118.187136,33.988581
ESA-06,ESA-06-DZ-3D-03,2014-09-12,DL,261,-118.187118,33.988544
ESA-07,ESA-07-10D-03,2014-09-12,YD,184,-118.183641,33.990721
ESA-07,ESA-07-1D-03,2014-09-12,YD,162,-118.18376,33.990573
ESA-07,ESA-07-2D-03,2014-09-12,YD,155,-118.183748,33.990589
ESA-07,ESA-07-3D-03,2014-09-12,YD,177,-118.183738,33.990602
ESA-07,ESA-07-4D-03,2014-09-12,YD,321,-118.183696,33.990656
ESA-07,ESA-07-5D-03,2014-09-12,YD,163,-118.183689,33.990666
ESA-07,ESA-07-6D-03,2014-09-12,YD,141,-118.18368,33.990675
ESA-07,ESA-07-7D-03,2014-09-12,YD,169,-118.18367,33.990688
ESA-07,ESA-07-8D-03,2014-09-12,YD,167,-118.183659,33.9907
ESA-07,ESA-07-9D-03,2014-09-12,YD,305,-118.183649,33.990712
ESA-07,ESA-07-DZ-1D-03,2014-09-12,DL,305,-118.183683,33.990681
ESA-07,ESA-07-DZ-2D-03,2014-09-12,DL,171,-118.183712,33.990795
ESA-08,ESA-08-10D-03,2014-09-13,YD,234,-118.180391,33.985197
ESA-08,ESA-08-1D-03,2014-09-13,YD,210,-118.180456,33.984865
ESA-08,ESA-08-2D-03,2014-09-13,YD,168,-118.180378,33.984859
ESA-08,ESA-08-3D-03,2014-09-13,YD,156,-118.180411,33.984883
ESA-08,ESA-08-4D-03,2014-09-13,YD,189,-118.180452,33.984899
ESA-08,ESA-08-5D-03,2014-09-13,YD,146,-118.180373,33.984894
ESA-08,ESA-08-6D-03,2014-09-13,YD,104,-118.180355,33.985089
ESA-08,ESA-08-7D-03,2014-09-13,YD,229,-118.180364,33.985141
ESA-08,ESA-08-8D-03,2014-09-13,YD,145,-118.180335,33.985192
ESA-08,ESA-08-9D-03,2014-09-13,YD,263,-118.18041,33.985138
ESA-08,ESA-08-DS-1D-03,2014-09-13,DL,121,-118.180402,33.984907
ESA-08,ESA-08-DZ-1D-03,2014-09-13,DL,120,-118.180427,33.984906
ESA-08,ESA-08-DZ-2D-03,2014-09-13,DL,91.1,-118.180448,33.985027
ESA-08,ESA-08-DZ-3D-03,2014-09-13,DL,217,-118.180347,33.985006
ESA-09,ESA-09-10D-03,2014-09-15,YD,160,-118.201816,33.992203
ESA-09,ESA-09-1D-03,2014-09-15,YD,173,-118.201941,33.991862
ESA-09,ESA-09-2D-03,2014-09-15,YD,136,-118.201938,33.991891
ESA-09,ESA-09-3D-03,2014-09-15,YD,215,-118.201904,33.991873
ESA-09,ESA-09-4D-03,2014-09-15,YD,122,-118.201879,33.991853
ESA-09,ESA-09-5D-03,2014-09-15,YD,173,-118.201872,33.991885
ESA-09,ESA-09-6D-03,2014-09-15,YD,267,-118.20191,33.992052
ESA-09,ESA-09-7D-03,2014-09-15,YD,190,-118.201904,33.992103
ESA-09,ESA-09-8D-03,2014-09-15,YD,68.3,-118.201897,33.992159
ESA-09,ESA-09-9D-03,2014-09-15,YD,150,-118.201839,33.992166
ESA-09,ESA-09-DZ-1D-03,2014-09-15,DL,117,-118.201862,33.991901
ESA-09,ESA-09-DZ-2D-03,2014-09-15,DL,277,-118.201837,33.992019
ESA-09,ESA-09-DZ-3D-03,2014-09-15,DL,279,-118.201837,33.991954
ESA-10,ESA-10-10D-03,2014-09-15,YD,196,-118.200304,33.988163
ESA-10,ESA-10-1D-03,2014-09-15,YD,87.2,-118.200366,33.987809
ESA-10,ESA-10-2D-03,2014-09-15,YD,85.8,-118.200363,33.987834
ESA-10,ESA-10-3D-03,2014-09-15,YD,70.1,-118.200325,33.987803
ESA-10,ESA-10-4D-03,2014-09-15,YD,72.6,-118.200311,33.987812
ESA-10,ESA-10-5D-EZ-03,2014-09-15,YD,670,-118.200383,33.987973
ESA-10,ESA-10-6D-EZ-03,2014-09-15,YD,390,-118.200372,33.988045
ESA-10,ESA-10-7D-03,2014-09-15,YD,339,-118.200343,33.98814
ESA-10,ESA-10-8D-03,2014-09-15,YD,207,-118.20034,33.988167
ESA-10,ESA-10-9D-03,2014-09-15,YD,130,-118.200249,33.988022
ESA-10,ESA-10-DZ-1D-03,2014-09-15,DL,61.4,-118.200351,33.987855
ESA-11,ESA-11-10D-03,2014-09-17,YD,363,-118.20311,33.9916
ESA-11,ESA-11-1D-03,2014-09-17,YD,119,-118.202964,33.991795
ESA-11,ESA-11-2D-03,2014-09-17,YD,191,-118.20297,33.991757
ESA-11,ESA-11-3D-03,2014-09-17,YD,169,-118.203008,33.99178
ESA-11,ESA-11-4D-03,2014-09-17,YD,161,-118.203051,33.991805
ESA-11,ESA-11-5D-03,2014-09-17,YD,254,-118.203053,33.991764
ESA-11,ESA-11-6D-03,2014-09-17,YD,246,-118.202988,33.991606
ESA-11,ESA-11-7D-03,2014-09-17,YD,1380,-118.202994,33.991564
ESA-11,ESA-11-8D-03,2014-09-17,YD,395,-118.203046,33.99157
ESA-11,ESA-11-9D-03,2014-09-17,YD,355,-118.203097,33.991574
ESA-11,ESA-11-DZ-1D-03,2014-09-17,DL,292,-118.202988,33.991734
ESA-11,ESA-11-DZ-2D-03,2014-09-17,DL,180,-118.203023,33.991617
ESA-11,ESA-11-DZ-3D-03,2014-09-17,DL,215,-118.203067,33.99162
ESA-11,ESA-11-DZ-4D-03,2014-09-17,DL,367,-118.20308,33.991647
ESA-12,ESA-12-10D-03,2014-09-18,YD,251,-118.201849,33.991256
ESA-12,ESA-12-1D-03,2014-09-18,YD,231,-118.201986,33.99087
ESA-12,ESA-12-2D-03,2014-09-18,YD,227,-118.201975,33.990929
ESA-12,ESA-12-3D-03,2014-09-18,YD,326,-118.201953,33.990884
ESA-12,ESA-12-4D-03,2014-09-18,YD,272,-118.201914,33.990862
ESA-12,ESA-12-5D-03,2014-09-18,YD,217,-118.201912,33.990897
ESA-12,ESA-12-6D-03,2014-09-18,YD,222,-118.201884,33.991212
ESA-12,ESA-12-7D-03,2014-09-18,YD,202,-118.201852,33.991223
ESA-12,ESA-12-8D-03,2014-09-18,YD,248,-118.201874,33.991238
ESA-12,ESA-12-9D-03,2014-09-18,YD,209,-118.201894,33.991258
ESA-12,ESA-12-DZ-1D-03,2014-09-18,DL,325,-118.201936,33.990904
ESA-12,ESA-12-DZ-2D-03,2014-09-18,DL,844,-118.201898,33.991156
ESA-13,ESA-13-10D-EZ-03,2014-09-18,YD,99,-118.198811,33.991988
ESA-13,ESA-13-1D-03,2014-09-18,YD,117,-118.198682,33.992331
ESA-13,ESA-13-2D-03,2014-09-18,YD,125,-118.198687,33.992303
ESA-13,ESA-13-3D-03,2014-09-18,YD,110,-118.198749,33.992323
ESA-13,ESA-13-4D-03,2014-09-18,YD,143,-118.198789,33.992343
ESA-13,ESA-13-5D-03,2014-09-18,YD,191,-118.198794,33.992308
ESA-13,ESA-13-6D-EZ-03,2014-09-18,YD,102,-118.19872,33.991979
ESA-13,ESA-13-7D-EZ-03,2014-09-18,YD,170,-118.198745,33.991981
ESA-13,ESA-13-8D-EZ-03,2014-09-18,YD,146,-118.198767,33.991983
ESA-13,ESA-13-9D-EZ-03,2014-09-18,YD,162,-118.198788,33.991986
ESA-13,ESA-13-DZ-1D-03,2014-09-18,DL,230,-118.198759,33.992283
ESA-13,ESA-13-DZ-2D-03,2014-09-18,DL,213,-118.19868,33.992205
ESA-14,ESA-14-10D-03,2014-09-18,YD,307,-118.196454,33.993583
ESA-14,ESA-14-1D-03,2014-09-18,YD,271,-118.196544,33.993231
ESA-14,ESA-14-2D-03,2014-09-18,YD,388,-118.196541,33.993255
ESA-14,ESA-14-3D-03,2014-09-18,YD,537,-118.196512,33.993234
ESA-14,ESA-14-4D-03,2014-09-18,YD,284,-118.196479,33.993224
ESA-14,ESA-14-5D-03,2014-09-18,YD,279,-118.196482,33.993252
ESA-14,ESA-14-6D-03,2014-09-18,YD,224,-118.196413,33.993575
ESA-14,ESA-14-7D-03,2014-09-18,YD,307,-118.196459,33.993539
ESA-14,ESA-14-8D-03,2014-09-18,YD,375,-118.196405,33.993543
ESA-14,ESA-14-9D-03,2014-09-18,YD,290,-118.196431,33.993559
ESA-14,ESA-14-DZ-1D-03,2014-09-18,DL,147,-118.196512,33.993302
ESA-15,ESA-15-10D-03,2014-09-18,YD,278,-118.19428,33.989602
ESA-15,ESA-15-1D-03,2014-09-18,YD,560,-118.194289,33.989529
ESA-15,ESA-15-2D-03,2014-09-18,YD,303,-118.194279,33.989541
ESA-15,ESA-15-3D-03,2014-09-18,YD,1080,-118.194297,33.989543
ESA-15,ESA-15-4D-03,2014-09-18,YD,372,-118.194287,33.989555
ESA-15,ESA-15-5D-03,2014-09-18,YD,494,-118.194282,33.989573
ESA-15,ESA-15-6D-03,2014-09-18,YD,300,-118.19427,33.989582
ESA-15,ESA-15-7D-03,2014-09-18,YD,273,-118.194289,33.989584
ESA-15,ESA-15-8D-03,2014-09-18,YD,269,-118.194279,33.989591
ESA-15,ESA-15-9D-03,2014-09-18,YD,226,-118.194269,33.989602
ESA-15,ESA-15-DZ-1D-03,2014-09-18,DL,719,-118.194302,33.989553
ESA-15,ESA-15-DZ-2D-03,2014-09-18,DL,520,-118.194443,33.989559
ESA-16,ESA-16-10D-03,2014-09-19,YD,232,-118.200091,33.980145
ESA-16,ESA-16-1D-03,2014-09-19,YD,258,-118.200502,33.980214
ESA-16,ESA-16-2D-03,2014-09-19,YD,345,-118.200464,33.980212
ESA-16,ESA-16-3D-03,2014-09-19,YD,181,-118.200485,33.980186
ESA-16,ESA-16-4D-03,2014-09-19,YD,189,-118.200512,33.980158
ESA-16,ESA-16-5D-03,2014-09-19,YD,323,-118.200468,33.980155
ESA-16,ESA-16-6D-03,2014-09-19,YD,155,-118.200198,33.980194
ESA-16,ESA-16-7D-03,2014-09-19,YD,220,-118.200204,33.980154
ESA-16,ESA-16-8D-03,2014-09-19,YD,148,-118.200144,33.98017
ESA-16,ESA-16-9D-03,2014-09-19,YD,2860,-118.200085,33.980186
ESA-16,ESA-16-DZ-1D-03,2014-09-19,DL,190,-118.200423,33.980236
ESA-16,ESA-16-DZ-2D-03,2014-09-19,DL,220,-118.200341,33.980153
ESA-16,ESA-16-DZ-3D-03,2014-09-19,DL,175,-118.200436,33.98014
ESA-18,ESA-18-10D-03,2014-09-19,YD,160,-118.197129,33.992362
ESA-18,ESA-18-1D-03,2014-09-19,YD,143,-118.197197,33.99234
ESA-18,ESA-18-2D-03,2014-09-19,YD,143,-118.19717,33.992337
ESA-18,ESA-18-3D-03,2014-09-19,YD,119,-118.197145,33.992334
ESA-18,ESA-18-4D-03,2014-09-19,YD,165,-118.197126,33.992332
ESA-18,ESA-18-5D-03,2014-09-19,YD,119,-118.197135,33.992347
ESA-18,ESA-18-6D-03,2014-09-19,YD,73.6,-118.197156,33.99235
ESA-18,ESA-18-7D-03,2014-09-19,YD,155,-118.19718,33.992353
ESA-18,ESA-18-8D-03,2014-09-19,YD,273,-118.197194,33.992368
ESA-18,ESA-18-9D-03,2014-09-19,YD,77.2,-118.197155,33.992365
ESA-18,ESA-18-DZ-1D-03,2014-09-19,DL,440,-118.197177,33.992368
ESA-19,ESA-19-10D-03,2014-09-19,YD,19.1,-118.198685,33.980752
ESA-19,ESA-19-1D-03,2014-09-19,YD,33,-118.198381,33.980718
ESA-19,ESA-19-2D-03,2014-09-19,YD,51.3,-118.198367,33.980726
ESA-19,ESA-19-3D-03,2014-09-19,YD,21.1,-118.198377,33.980741
ESA-19,ESA-19-4D-03,2014-09-19,YD,17.1,-118.198363,33.980749
ESA-19,ESA-19-5D-03,2014-09-19,YD,13.2,-118.198374,33.980762
ESA-19,ESA-19-6D-03,2014-09-19,YD,23.4,-118.19836,33.980774
ESA-19,ESA-19-7D-03,2014-09-19,YD,15.9,-118.198674,33.980804
ESA-19,ESA-19-8D-03,2014-09-19,YD,17.8,-118.198678,33.980787
ESA-19,ESA-19-9D-03,2014-09-19,YD,19.9,-118.198681,33.980769
ESA-19,ESA-19-DZ-1D-03,2014-09-19,DL,35.7,-118.198384,33.980772
ESA-19,ESA-19-DZ-2D-03,2014-09-19,DL,26.1,-118.198657,33.98079
ESA-19,ESA-19-DZ-3D-03,2014-09-19,DL,22.6,-118.198427,33.980804
ESA-20,ESA-20-10D-03,2014-09-24,YD,182,-118.186618,33.984956
ESA-20,ESA-20-1D-03,2014-09-24,YD,144,-118.186928,33.985025
ESA-20,ESA-20-2D-03,2014-09-24,YD,120,-118.186896,33.985021
ESA-20,ESA-20-3D-03,2014-09-24,YD,114,-118.186922,33.984989
ESA-20,ESA-20-4D-03,2014-09-24,YD,150,-118.186939,33.984968
ESA-20,ESA-20-5D-03,2014-09-24,YD,99.4,-118.186914,33.984959
ESA-20,ESA-20-6D-03,2014-09-24,YD,163,-118.186694,33.984959
ESA-20,ESA-20-7D-03,2014-09-24,YD,103,-118.18669,33.984992
ESA-20,ESA-20-8D-03,2014-09-24,YD,141,-118.186659,33.984974
ESA-20,ESA-20-9D-03,2014-09-24,YD,148,-118.186616,33.984989
ESA-20,ESA-20-DS-1D-03,2014-09-24,DL,191,-118.186724,33.985003
ESA-20,ESA-20-DZ-1D-03,2014-09-24,DL,228,-118.18689,33.984998
ESA-20,ESA-20-DZ-2D-03,2014-09-24,DL,274,-118.186746,33.98501
ESA-20,ESA-20-DZ-3D-03,2014-09-24,DL,255,-118.18673,33.984977
ESA-20,ESA-20-DZ-4D-03,2014-09-24,DL,905,-118.186814,33.984933
ESA-21,ESA-21-10D-03,2014-09-24,YD,332,-118.201632,33.986499
ESA-21,ESA-21-1D-03,2014-09-24,YD,344,-118.201525,33.986849
ESA-21,ESA-21-2D-03,2014-09-24,YD,326,-118.20153,33.98681
ESA-21,ESA-21-3D-03,2014-09-24,YD,234,-118.201556,33.986835
ESA-21,ESA-21-4D-03,2014-09-24,YD,230,-118.201589,33.986855
ESA-21,ESA-21-5D-03,2014-09-24,YD,252,-118.201593,33.986815
ESA-21,ESA-21-6D-03,2014-09-24,YD,367,-118.201537,33.986536
ESA-21,ESA-21-7D-03,2014-09-24,YD,227,-118.201543,33.986493
ESA-21,ESA-21-8D-03,2014-09-24,YD,299,-118.201583,33.98652
ESA-21,ESA-21-9D-03,2014-09-24,YD,241,-118.201622,33.986547
ESA-21,ESA-21-DZ-1D-03,2014-09-24,DL,534,-118.201577,33.986806
ESA-21,ESA-21-DZ-2D-03,2014-09-24,DL,670,-118.201512,33.986756
ESA-21,ESA-21-DZ-3D-03,2014-09-24,DL,476,-118.201616,33.986668
ESA-22,ESA-22-10D-EZ-03,2014-09-27,YD,208,-118.183693,33.985671
ESA-22,ESA-22-1D-EZ-03,2014-09-27,YD,144,-118.183717,33.985587
ESA-22,ESA-22-2D-EZ-03,2014-09-27,YD,179,-118.18371,33.985574
ESA-22,ESA-22-3D-EZ-03,2014-09-27,YD,192,-118.183708,33.985584
ESA-22,ESA-22-4D-EZ-03,2014-09-27,YD,201,-118.183706,33.985594
ESA-22,ESA-22-5D-EZ-03,2014-09-27,YD,235,-118.183706,33.985603
ESA-22,ESA-22-6D-EZ-03,2014-09-27,YD,225,-118.183704,33.985615
ESA-22,ESA-22-7D-EZ-03,2014-09-27,YD,189,-118.183698,33.985642
ESA-22,ESA-22-8D-EZ-03,2014-09-27,YD,172,-118.183697,33.985653
ESA-22,ESA-22-9D-EZ-03,2014-09-27,YD,187,-118.183695,33.985661
ESA-22,ESA-22-DZ-1D-03,2014-09-27,DL,171,-118.183717,33.985603
ESA-22,ESA-22-DZ-2D-03,2014-09-27,DL,175,-118.183738,33.985584
ESA-23,ESA-23-10D-03,2014-09-27,YD,174,-118.20173,33.983856
ESA-23,ESA-23-1D-03,2014-09-27,YD,78.8,-118.201618,33.984119
ESA-23,ESA-23-2D-03,2014-09-27,YD,131,-118.20162,33.984091
ESA-23,ESA-23-3D-03,2014-09-27,YD,132,-118.201666,33.984109
ESA-23,ESA-23-4D-03,2014-09-27,YD,114,-118.201709,33.984127
ESA-23,ESA-23-5D-03,2014-09-27,YD,90,-118.201712,33.984095
ESA-23,ESA-23-6D-03,2014-09-27,YD,169,-118.201738,33.984064
ESA-23,ESA-23-7D-03,2014-09-27,YD,83.7,-118.201734,33.983973
ESA-23,ESA-23-8D-03,2014-09-27,YD,215,-118.201705,33.983923
ESA-23,ESA-23-9D-03,2014-09-27,YD,149,-118.201754,33.983898
ESA-23,ESA-23-DZ-1D-03,2014-09-27,DL,330,-118.201639,33.984075
ESA-23,ESA-23-DZ-2D-03,2014-09-27,DL,702,-118.201611,33.983964
ESA-23,ESA-23-DZ-3D-03,2014-09-27,DL,481,-118.201672,33.983947
ESA-23,ESA-23-DZ-4D-03,2014-09-27,DL,535,-118.201709,33.983997
ESA-24,ESA-24-10D-03,2014-09-27,YD,32.5,-118.183997,33.987844
ESA-24,ESA-24-1D-03,2014-09-27,YD,61.8,-118.183919,33.987863
ESA-24,ESA-24-2D-03,2014-09-27,YD,93.3,-118.18394,33.987855
ESA-24,ESA-24-3D-03,2014-09-27,YD,68.1,-118.183993,33.987871
ESA-24,ESA-24-4D-03,2014-09-27,YD,82.6,-118.184003,33.98786
ESA-24,ESA-24-5D-03,2014-09-27,YD,72.1,-118.183973,33.987842
ESA-24,ESA-24-6D-03,2014-09-27,YD,70.3,-118.18395,33.987869
ESA-24,ESA-24-7D-03,2014-09-27,YD,98.2,-118.183921,33.98784
ESA-24,ESA-24-8D-03,2014-09-27,YD,86,-118.183955,33.987845
ESA-24,ESA-24-9D-03,2014-09-27,YD,81,-118.183969,33.987868
ESA-24,ESA-24-DZ-1D-03,2014-09-27,DL,302,-118.183925,33.987803
ESA-25,ESA-25-10D-03,2014-09-29,YD,204,-118.187242,33.993431
ESA-25,ESA-25-1D-03,2014-09-29,YD,178,-118.187262,33.993216
ESA-25,ESA-25-2D-03,2014-09-29,YD,129,-118.187258,33.99325
ESA-25,ESA-25-3D-03,2014-09-29,YD,191,-118.187219,33.993228
ESA-25,ESA-25-4D-03,2014-09-29,YD,199,-118.187192,33.993209
ESA-25,ESA-25-5D-03,2014-09-29,YD,164,-118.187187,33.993238
ESA-25,ESA-25-6D-03,2014-09-29,YD,249,-118.187166,33.99338
ESA-25,ESA-25-7D-03,2014-09-29,YD,248,-118.18716,33.99342
ESA-25,ESA-25-8D-03,2014-09-29,YD,196,-118.187191,33.993424
ESA-25,ESA-25-9D-03,2014-09-29,YD,230,-118.18722,33.993429
ESA-25,ESA-25-DZ-1D-03,2014-09-29,DL,114,-118.187236,33.993248
ESA-25,ESA-25-DZ-2D-03,2014-09-29,DL,325,-118.187216,33.993414
ESA-25,ESA-25-DZ-3D-03,2014-09-29,DL,221,-118.18716,33.993313
ESA-25,ESA-25-DZ-4D-03,2014-09-29,DL,187,-118.187253,33.993387
ESA-26,ESA-26-10D-EZ-03,2014-09-29,YD,71,-118.19388,33.990591
ESA-26,ESA-26-1D-03,2014-09-29,YD,158,-118.193789,33.990848
ESA-26,ESA-26-2D-03,2014-09-29,YD,154,-118.193789,33.990816
ESA-26,ESA-26-3D-03,2014-09-29,YD,148,-118.193817,33.990842
ESA-26,ESA-26-4D-03,2014-09-29,YD,208,-118.193887,33.99085
ESA-26,ESA-26-5D-03,2014-09-29,YD,141,-118.193877,33.990819
ESA-26,ESA-26-6D-EZ-03,2014-09-29,YD,140,-118.193897,33.990793
ESA-26,ESA-26-7D-EZ-03,2014-09-29,YD,153,-118.193901,33.99076
ESA-26,ESA-26-8D-EZ-03,2014-09-29,YD,142,-118.193905,33.990732
ESA-26,ESA-26-9D-EZ-03,2014-09-29,YD,199,-118.193907,33.990699
ESA-26,ESA-26-DZ-1D-03,2014-09-29,DL,112,-118.193847,33.990807
ESA-26,ESA-26-DZ-2D-03,2014-09-29,DL,163,-118.193892,33.990742
ESA-26,ESA-26-DZ-3D-03,2014-09-29,DL,104,-118.193867,33.990673
ESA-27,ESA-27-10D-03,2014-09-29,YD,234,-118.202092,33.980628
ESA-27,ESA-27-1D-03,2014-09-29,YD,123,-118.20178,33.980602
ESA-27,ESA-27-2D-03,2014-09-29,YD,135,-118.20181,33.980604
ESA-27,ESA-27-3D-03,2014-09-29,YD,92.7,-118.201796,33.98061
ESA-27,ESA-27-4D-03,2014-09-29,YD,133,-118.201779,33.98063
ESA-27,ESA-27-5D-03,2014-09-29,YD,134,-118.201808,33.980633
ESA-27,ESA-27-6D-03,2014-09-29,YD,107,-118.201995,33.980666
ESA-27,ESA-27-7D-03,2014-09-29,YD,92.2,-118.202001,33.980643
ESA-27,ESA-27-8D-03,2014-09-29,YD,116,-118.202019,33.980666
ESA-27,ESA-27-9D-03,2014-09-29,YD,71.3,-118.202024,33.980645
ESA-27,ESA-27-DZ-1D-03,2014-09-29,DL,200,-118.201838,33.98061
ESA-27,ESA-27-DZ-2D-03,2014-09-29,DL,178,-118.201981,33.980605
ESA-27,ESA-27-DZ-3D-03,2014-09-29,DL,1810,-118.201983,33.980636
ESA-27,ESA-27-DZ-4D-03,2014-09-29,DL,548,-118.201931,33.980687
ESA-28,ESA-28-10D-03,2014-09-29,YD,195,-118.193671,33.993514
ESA-28,ESA-28-1D-03,2014-09-29,YD,90.1,-118.193746,33.993706
ESA-28,ESA-28-2D-03,2014-09-29,YD,76.8,-118.193748,33.993681
ESA-28,ESA-28-3D-03,2014-09-29,YD,120,-118.193705,33.993692
ESA-28,ESA-28-4D-03,2014-09-29,YD,471,-118.193681,33.993672
ESA-28,ESA-28-5D-03,2014-09-29,YD,138,-118.193645,33.993688
ESA-28,ESA-28-6D-03,2014-09-29,YD,111,-118.193645,33.993671
ESA-28,ESA-28-7D-03,2014-09-29,YD,105,-118.193659,33.993597
ESA-28,ESA-28-8D-03,2014-09-29,YD,107,-118.193662,33.993569
ESA-28,ESA-28-9D-03,2014-09-29,YD,105,-118.193666,33.993545
ESA-29,ESA-29-10D-03,2014-09-30,YD,125,-118.193369,33.985453
ESA-29,ESA-29-1D-03,2014-09-30,YD,154,-118.193609,33.985474
ESA-29,ESA-29-2D-03,2014-09-30,YD,156,-118.193574,33.985471
ESA-29,ESA-29-3D-03,2014-09-30,YD,135,-118.193596,33.985449
ESA-29,ESA-29-4D-03,2014-09-30,YD,273,-118.19362,33.985424
ESA-29,ESA-29-5D-03,2014-09-30,YD,155,-118.193583,33.985416
ESA-29,ESA-29-6D-03,2014-09-30,YD,156,-118.19357,33.98545
ESA-29,ESA-29-7D-03,2014-09-30,YD,193,-118.193375,33.985408
ESA-29,ESA-29-8D-03,2014-09-30,YD,222,-118.193373,33.985423
ESA-29,ESA-29-9D-03,2014-09-30,YD,189,-118.193369,33.985439
ESA-29,ESA-29-DZ-1D-03,2014-09-30,DL,83.8,-118.193563,33.985427
ESA-30,ESA-30-10D-03,2014-09-30,YD,155,-118.195189,33.992632
ESA-30,ESA-30-1D-03,2014-09-30,YD,130,-118.195115,33.992899
ESA-30,ESA-30-2D-03,2014-09-30,YD,119,-118.19512,33.992861
ESA-30,ESA-30-3D-03,2014-09-30,YD,162,-118.19515,33.992884
ESA-30,ESA-30-4D-03,2014-09-30,YD,146,-118.195177,33.992905
ESA-30,ESA-30-5D-03,2014-09-30,YD,155,-118.195183,33.992867
ESA-30,ESA-30-6D-03,2014-09-30,YD,123,-118.195157,33.992664
ESA-30,ESA-30-7D-03,2014-09-30,YD,133,-118.19516,33.992629
ESA-30,ESA-30-8D-03,2014-09-30,YD,207,-118.195174,33.992648
ESA-30,ESA-30-9D-03,2014-09-30,YD,149,-118.195186,33.992666
ESA-30,ESA-30-DZ-1D-03,2014-09-30,DL,77,-118.195181,33.99276
ESA-30,ESA-30-DZ-2D-03,2014-09-30,DL,65.6,-118.195181,33.99276
ESA-31,ESA-31-10D-03,2014-09-30,YD,53.1,-118.198865,33.995369
ESA-31,ESA-31-1D-03,2014-09-30,YD,48.1,-118.198913,33.995346
ESA-31,ESA-31-2D-03,2014-09-30,YD,152,-118.198897,33.995344
ESA-31,ESA-31-3D-03,2014-09-30,YD,42.6,-118.198881,33.995342
ESA-31,ESA-31-4D-03,2014-09-30,YD,53,-118.198868,33.995331
ESA-31,ESA-31-5D-03,2014-09-30,YD,49.8,-118.198866,33.995341
ESA-31,ESA-31-6D-03,2014-09-30,YD,40.4,-118.198886,33.995356
ESA-31,ESA-31-7D-03,2014-09-30,YD,43.2,-118.198865,33.995354
ESA-31,ESA-31-8D-03,2014-09-30,YD,49.8,-118.198883,33.995372
ESA-31,ESA-31-9D-03,2014-09-30,YD,36,-118.198875,33.995366
ESA-31,ESA-31-DZ-1D-03,2014-09-30,DL,87.7,-118.198889,33.995386
ESA-31,ESA-31-DZ-2D-03,2014-09-30,DL,39.2,-118.198929,33.995449
ESA-32,ESA-32-10D-03,2014-09-30,YD,284,-118.195569,33.983945
ESA-32,ESA-32-1D-03,2014-09-30,YD,23.4,-118.19516,33.983851
ESA-32,ESA-32-2D-03,2014-09-30,YD,76.1,-118.195197,33.983854
ESA-32,ESA-32-3D-03,2014-09-30,YD,23,-118.195172,33.983885
ESA-32,ESA-32-4D-03,2014-09-30,YD,39.2,-118.195147,33.983902
ESA-32,ESA-32-5D-03,2014-09-30,YD,35.1,-118.19519,33.983906
ESA-32,ESA-32-6D-03,2014-09-30,YD,156,-118.195423,33.983932
ESA-32,ESA-32-7D-03,2014-09-30,YD,163,-118.195451,33.98392
ESA-32,ESA-32-8D-03,2014-09-30,YD,280,-118.195499,33.983924
ESA-32,ESA-32-9D-03,2014-09-30,YD,148,-118.195523,33.983946
ESA-32,ESA-32-DZ-1D-03,2014-09-30,DL,399,-118.195234,33.983858
ESA-32,ESA-32-DZ-2D-03,2014-09-30,DL,145,-118.19541,33.983917
ESA-32,ESA-32-DZ-3D-03,2014-09-30,DL,201,-118.195371,33.983937
ESA-33,ESA-33-10D-03,2014-10-02,YD,343,-118.203163,33.989798
ESA-33,ESA-33-1D-03,2014-10-02,YD,330,-118.203056,33.989814
ESA-33,ESA-33-2D-03,2014-10-02,YD,293,-118.203059,33.989789
ESA-33,ESA-33-3D-03,2014-10-02,YD,375,-118.203077,33.989804
ESA-33,ESA-33-4D-03,2014-10-02,YD,418,-118.203091,33.989819
ESA-33,ESA-33-5D-03,2014-10-02,YD,174,-118.203094,33.989793
ESA-33,ESA-33-6D-03,2014-10-02,YD,299,-118.20312,33.989822
ESA-33,ESA-33-7D-03,2014-10-02,YD,295,-118.203123,33.989796
ESA-33,ESA-33-8D-03,2014-10-02,YD,340,-118.203142,33.989809
ESA-33,ESA-33-9D-03,2014-10-02,YD,390,-118.203162,33.989824
ESA-33,ESA-33-DZ-1D-03,2014-10-02,DL,443,-118.203141,33.989786
ESA-33,ESA-33-DZ-2D-03,2014-10-02,DL,311,-118.203204,33.989705
ESA-34,ESA-34-10D-03,2014-10-02,YD,180,-118.20005,33.985069
ESA-34,ESA-34-1D-03,2014-10-02,YD,106,-118.200146,33.985055
ESA-34,ESA-34-2D-03,2014-10-02,YD,159,-118.200139,33.985087
ESA-34,ESA-34-3D-03,2014-10-02,YD,118,-118.200126,33.985061
ESA-34,ESA-34-4D-03,2014-10-02,YD,104,-118.200112,33.985053
ESA-34,ESA-34-5D-03,2014-10-02,YD,457,-118.200108,33.985078
ESA-34,ESA-34-6D-03,2014-10-02,YD,110,-118.200087,33.985051
ESA-34,ESA-34-7D-03,2014-10-02,YD,179,-118.200082,33.985074
ESA-34,ESA-34-8D-03,2014-10-02,YD,105,-118.200068,33.985053
ESA-34,ESA-34-9D-03,2014-10-02,YD,102,-118.200056,33.985046
ESA-34,ESA-34-DZ-1D-03,2014-10-02,DL,290,-118.200119,33.985087
ESA-35,ESA-35-10D-03,2014-10-02,YD,89.8,-118.196991,33.981814
ESA-35,ESA-35-1D-03,2014-10-02,YD,108,-118.196984,33.981739
ESA-35,ESA-35-2D-03,2014-10-02,YD,111,-118.196982,33.981755
ESA-35,ESA-35-3D-03,2014-10-02,YD,114,-118.196979,33.98177
ESA-35,ESA-35-4D-03,2014-10-02,YD,84.1,-118.196976,33.981785
ESA-35,ESA-35-5D-03,2014-10-02,YD,90.3,-118.196975,33.981803
ESA-35,ESA-35-6D-03,2014-10-02,YD,110,-118.197,33.981748
ESA-35,ESA-35-7D-03,2014-10-02,YD,649,-118.196997,33.981765
ESA-35,ESA-35-8D-03,2014-10-02,YD,114,-118.196995,33.981779
ESA-35,ESA-35-9D-03,2014-10-02,YD,124,-118.196992,33.981796
ESA-35,ESA-35-DZ-1D-03,2014-10-02,DL,193,-118.197014,33.981786
ESA-35,ESA-35-DZ-2D-03,2014-10-02,DL,143,-118.197154,33.981783
ESA-36,ESA-36-10D-03,2014-10-02,YD,188,-118.197354,33.990424
ESA-36,ESA-36-1D-03,2014-10-02,YD,217,-118.197451,33.990401
ESA-36,ESA-36-2D-03,2014-10-02,YD,214,-118.197449,33.990432
ESA-36,ESA-36-3D-03,2014-10-02,YD,184,-118.197435,33.990416
ESA-36,ESA-36-4D-03,2014-10-02,YD,211,-118.197423,33.9904
ESA-36,ESA-36-5D-03,2014-10-02,YD,298,-118.19742,33.99043
ESA-36,ESA-36-6D-03,2014-10-02,YD,161,-118.197388,33.990395
ESA-36,ESA-36-7D-03,2014-10-02,YD,154,-118.197387,33.990425
ESA-36,ESA-36-8D-03,2014-10-02,YD,204,-118.197369,33.990409
ESA-36,ESA-36-9D-03,2014-10-02,YD,201,-118.197356,33.990392
ESA-36,ESA-36-DZ-1D-03,2014-10-02,DL,321,-118.19738,33.990453
ESA-36,ESA-36-DZ-2D-03,2014-10-02,DL,562,-118.197345,33.990483
ESA-42,ESA-42-10D-03,2014-10-06,YD,152,-118.19763,33.993139
ESA-42,ESA-42-1D-03,2014-10-06,YD,115,-118.197541,33.993153
ESA-42,ESA-42-2D-03,2014-10-06,YD,130,-118.197544,33.993126
ESA-42,ESA-42-3D-03,2014-10-06,YD,62.5,-118.197558,33.993139
ESA-42,ESA-42-4D-03,2014-10-06,YD,129,-118.197569,33.993156
ESA-42,ESA-42-5D-03,2014-10-06,YD,98,-118.197575,33.993128
ESA-42,ESA-42-6D-EZ-03,2014-10-06,YD,134,-118.197595,33.993162
ESA-42,ESA-42-7D-EZ-03,2014-10-06,YD,93,-118.1976,33.993137
ESA-42,ESA-42-8D-EZ-03,2014-10-06,YD,89,-118.197613,33.99315
ESA-42,ESA-42-9D-03,2014-10-06,YD,75.6,-118.197626,33.993164
ESA-42,ESA-42-DZ-1D-03,2014-10-06,DL,64.5,-118.197601,33.993114
ESA-43,ESA-43-10D-03,2014-10-06,YD,358,-118.197805,33.98925
ESA-43,ESA-43-1D-03,2014-10-06,YD,308,-118.197728,33.989256
ESA-43,ESA-43-2D-03,2014-10-06,YD,337,-118.197745,33.989272
ESA-43,ESA-43-3D-03,2014-10-06,YD,260,-118.197767,33.989274
ESA-43,ESA-43-4D-03,2014-10-06,YD,275,-118.197787,33.989277
ESA-43,ESA-43-5D-03,2014-10-06,YD,256,-118.197806,33.989279
ESA-43,ESA-43-6D-03,2014-10-06,YD,404,-118.197735,33.989227
ESA-43,ESA-43-7D-03,2014-10-06,YD,304,-118.197746,33.989245
ESA-43,ESA-43-8D-03,2014-10-06,YD,211,-118.197768,33.989247
ESA-43,ESA-43-9D-03,2014-10-06,YD,284,-118.197789,33.989249
ESA-43,ESA-43-DZ-1D-03,2014-10-06,DL,379,-118.197749,33.98921
ESA-43,ESA-43-DZ-2D-03,2014-10-06,DL,500,-118.197835,33.989199
ESA-45,ESA-45-10D-03,2014-10-08,YD,211,-118.200665,33.991389
ESA-45,ESA-45-1D-03,2014-10-08,YD,284,-118.200574,33.991552
ESA-45,ESA-45-2D-03,2014-10-08,YD,230,-118.200576,33.991527
ESA-45,ESA-45-3D-03,2014-10-08,YD,282,-118.200624,33.991554
ESA-45,ESA-45-4D-03,2014-10-08,YD,284,-118.200669,33.991562
ESA-45,ESA-45-5D-03,2014-10-08,YD,399,-118.200737,33.991567
ESA-45,ESA-45-6D-03,2014-10-08,YD,318,-118.200581,33.991462
ESA-45,ESA-45-7D-03,2014-10-08,YD,222,-118.200617,33.991411
ESA-45,ESA-45-8D-03,2014-10-08,YD,233,-118.20062,33.991381
ESA-45,ESA-45-9D-03,2014-10-08,YD,203,-118.200665,33.991416
ESA-45,ESA-45-DZ-1D-03,2014-10-08,DL,322,-118.200727,33.99155
ESA-45,ESA-45-DZ-2D-03,2014-10-08,DL,193,-118.200587,33.991497
ESA-47,ESA-47-10D-03,2014-10-08,YD,161,-118.201069,33.990575
ESA-47,ESA-47-1D-03,2014-10-08,YD,153,-118.201014,33.9906
ESA-47,ESA-47-2D-03,2014-10-08,YD,140,-118.201039,33.990603
ESA-47,ESA-47-3D-03,2014-10-08,YD,124,-118.201063,33.990606
ESA-47,ESA-47-4D-03,2014-10-08,YD,138,-118.201001,33.990584
ESA-47,ESA-47-5D-03,2014-10-08,YD,186,-118.20103,33.990586
ESA-47,ESA-47-6D-03,2014-10-08,YD,142,-118.201055,33.990588
ESA-47,ESA-47-7D-03,2014-10-08,YD,148,-118.201078,33.990589
ESA-47,ESA-47-8D-03,2014-10-08,YD,127,-118.20102,33.99057
ESA-47,ESA-47-9D-03,2014-10-08,YD,149,-118.201043,33.990572
ESA-48,ESA-48-10D-03,2014-10-08,YD,188,-118.189988,33.993935
ESA-48,ESA-48-1D-03,2014-10-08,YD,123,-118.189855,33.994249
ESA-48,ESA-48-2D-03,2014-10-08,YD,146,-118.189859,33.994219
ESA-48,ESA-48-3D-03,2014-10-08,YD,215,-118.189892,33.994238
ESA-48,ESA-48-4D-03,2014-10-08,YD,250,-118.189923,33.994255
ESA-48,ESA-48-5D-03,2014-10-08,YD,309,-118.189926,33.994223
ESA-48,ESA-48-6D-03,2014-10-08,YD,401,-118.189898,33.994071
ESA-48,ESA-48-7D-03,2014-10-08,YD,744,-118.189894,33.994031
ESA-48,ESA-48-8D-03,2014-10-08,YD,392,-118.189894,33.993976
ESA-48,ESA-48-9D-03,2014-10-08,YD,192,-118.18993,33.993915
ESA-48,ESA-48-DZ-1D-03,2014-10-08,DL,384,-118.189886,33.994209
ESA-48,ESA-48-DZ-2D-03,2014-10-08,DL,1350,-118.189869,33.994108
ESA-48,ESA-48-DZ-3D-03,2014-10-08,DL,1230,-118.189924,33.994086
ESA-48,ESA-48-DZ-4D-03,2014-10-08,DL,2510,-118.189959,33.994158
ESA-49,ESA-49-10D-03,2014-10-09,YD,122,-118.190368,33.988479
ESA-49,ESA-49-1D-03,2014-10-09,YD,81.7,-118.190314,33.988511
ESA-49,ESA-49-2D-03,2014-10-09,YD,86.7,-118.190341,33.988514
ESA-49,ESA-49-3D-03,2014-10-09,YD,101,-118.190366,33.988517
ESA-49,ESA-49-4D-03,2014-10-09,YD,149,-118.190343,33.988501
ESA-49,ESA-49-5D-03,2014-10-09,YD,125,-118.190316,33.988485
ESA-49,ESA-49-6D-03,2014-10-09,YD,129,-118.190343,33.988489
ESA-49,ESA-49-7D-03,2014-10-09,YD,136,-118.190367,33.98849
ESA-49,ESA-49-8D-03,2014-10-09,YD,148,-118.190317,33.98847
ESA-49,ESA-49-9D-03,2014-10-09,YD,115,-118.190369,33.988469
ESA-49,ESA-49-DZ-1D-03,2014-10-09,DL,197,-118.190349,33.988462
ESA-50,ESA-50-10D-03,2014-10-09,YD,150,-118.195373,33.986396
ESA-50,ESA-50-1D-03,2014-10-09,YD,114,-118.195472,33.9864
ESA-50,ESA-50-2D-03,2014-10-09,YD,95.9,-118.195458,33.986399
ESA-50,ESA-50-3D-03,2014-10-09,YD,115,-118.195443,33.986397
ESA-50,ESA-50-4D-03,2014-10-09,YD,140,-118.195431,33.986396
ESA-50,ESA-50-5D-03,2014-10-09,YD,1250,-118.19542,33.986394
ESA-50,ESA-50-6D-03,2014-10-09,YD,126,-118.195471,33.986412
ESA-50,ESA-50-7D-03,2014-10-09,YD,138,-118.19543,33.986403
ESA-50,ESA-50-8D-03,2014-10-09,YD,195,-118.19541099999999,33.986402
ESA-50,ESA-50-9D-03,2014-10-09,YD,160,-118.195392,33.986399
ESA-50,ESA-50-DZ-1D-03,2014-10-09,DL,191,-118.195385,33.986404
ESA-50,ESA-50-DZ-2D-03,2014-10-09,DL,103,-118.19547,33.986453
ESA-51,ESA-51-10D-03,2014-10-09,YD,54.7,-118.193304,33.993864
ESA-51,ESA-51-1D-03,2014-10-09,YD,62.9,-118.193429,33.99384
ESA-51,ESA-51-2D-03,2014-10-09,YD,69.5,-118.193411,33.99387
ESA-51,ESA-51-3D-03,2014-10-09,YD,159,-118.193398,33.993852
ESA-51,ESA-51-4D-03,2014-10-09,YD,91.9,-118.193382,33.993834
ESA-51,ESA-51-5D-03,2014-10-09,YD,69.7,-118.193377,33.993868
ESA-51,ESA-51-6D-03,2014-10-09,YD,64.5,-118.193335,33.993831
ESA-51,ESA-51-7D-03,2014-10-09,YD,55.3,-118.19333,33.993863
ESA-51,ESA-51-8D-03,2014-10-09,YD,51.1,-118.193317,33.993859
ESA-51,ESA-51-9D-03,2014-10-09,YD,86.3,-118.193312,33.993828
ESA-51,ESA-51-DZ-1D-03,2014-10-09,DL,133,-118.193398,33.993883
ESA-52,ESA-52-10D-EZ-03,2014-10-16,YD,160,-118.180806,33.990759
ESA-52,ESA-52-1D-03,2014-10-16,YD,230,-118.180735,33.990756
ESA-52,ESA-52-2D-03,2014-10-16,YD,194,-118.180747,33.990763
ESA-52,ESA-52-3D-03,2014-10-16,YD,265,-118.180761,33.990771
ESA-52,ESA-52-4D-03,2014-10-16,YD,285,-118.180775,33.990779
ESA-52,ESA-52-5D-03,2014-10-16,YD,239,-118.180787,33.990787
ESA-52,ESA-52-6D-03,2014-10-16,YD,180,-118.180757,33.990752
ESA-52,ESA-52-7D-03,2014-10-16,YD,192,-118.180781,33.990766
ESA-52,ESA-52-8D-03,2014-10-16,YD,202,-118.180755,33.990729
ESA-52,ESA-52-9D-03,2014-10-16,YD,136,-118.18078,33.990745
ESA-52,ESA-52-DS-1D-03,2014-10-16,DL,107,-118.180763,33.990715
ESA-52,ESA-52-DZ-1D-03,2014-10-16,DL,85.1,-118.18078,33.990727
ESA-52,ESA-52-DZ-2D-03,2014-10-16,DL,82.4,-118.180777,33.990695
ESA-53,ESA-53-10D-03,2014-10-16,YD,363,-118.190018,33.985484
ESA-53,ESA-53-1D-03,2014-10-16,YD,86.3,-118.190229,33.985616
ESA-53,ESA-53-2D-03,2014-10-16,YD,106,-118.19022,33.985662
ESA-53,ESA-53-3D-03,2014-10-16,YD,103,-118.190181,33.985695
ESA-53,ESA-53-4D-03,2014-10-16,YD,90.1,-118.19013699999999,33.985689
ESA-53,ESA-53-5D-03,2014-10-16,YD,329,-118.1901,33.985684
ESA-53,ESA-53-6D-03,2014-10-16,YD,108,-118.190021,33.985584
ESA-53,ESA-53-7D-03,2014-10-16,YD,119,-118.190024,33.98556
ESA-53,ESA-53-8D-03,2014-10-16,YD,173,-118.190026,33.985545
ESA-53,ESA-53-9D-03,2014-10-16,YD,215,-118.190028,33.985519
ESA-53,ESA-53-DZ-1D-03,2014-10-16,DL,234,-118.190159,33.985677
ESA-53,ESA-53-DZ-2D-03,2014-10-16,DL,370,-118.190097,33.985633
ESA-54,ESA-54-10D-03,2014-10-16,YD,157,-118.179426,33.987375
ESA-54,ESA-54-1D-03,2014-10-16,YD,142,-118.179363,33.987408
ESA-54,ESA-54-2D-03,2014-10-16,YD,154,-118.179383,33.98741
ESA-54,ESA-54-3D-03,2014-10-16,YD,153,-118.1794,33.987412
ESA-54,ESA-54-4D-03,2014-10-16,YD,155,-118.179417,33.987414
ESA-54,ESA-54-5D-03,2014-10-16,YD,143,-118.179375,33.987391
ESA-54,ESA-54-6D-03,2014-10-16,YD,137,-118.179393,33.987393
ESA-54,ESA-54-7D-03,2014-10-16,YD,162,-118.179411,33.987396
ESA-54,ESA-54-8D-03,2014-10-16,YD,235,-118.179364,33.98737
ESA-54,ESA-54-9D-03,2014-10-16,YD,235,-118.179384,33.987373
ESA-54,ESA-54-DZ-1D-03,2014-10-16,DL,115,-118.179406,33.987355
ESA-54,ESA-54-DZ-2D-03,2014-10-16,DL,252,-118.179404,33.987317
ESA-55,ESA-55-10D-03,2014-10-16,YD,143,-118.197457,33.983578
ESA-55,ESA-55-1D-EZ-03,2014-10-16,YD,108,-118.197414,33.983538
ESA-55,ESA-55-2D-03,2014-10-16,YD,92,-118.197412,33.983556
ESA-55,ESA-55-3D-03,2014-10-16,YD,96.7,-118.19741,33.983572
ESA-55,ESA-55-4D-03,2014-10-16,YD,132,-118.197441,33.983528
ESA-55,ESA-55-5D-03,2014-10-16,YD,104,-118.197437,33.983549
ESA-55,ESA-55-6D-03,2014-10-16,YD,110,-118.197435,33.983565
ESA-55,ESA-55-7D-03,2014-10-16,YD,107,-118.197433,33.983587
ESA-55,ESA-55-8D-03,2014-10-16,YD,194,-118.197463,33.983542
ESA-55,ESA-55-9D-03,2014-10-16,YD,156,-118.197462,33.98356
ESA-55,ESA-55-DZ-1D-03,2014-10-16,DL,442,-118.197547,33.983558
ESA-57,ESA-57-10D-03,2015-01-14,YD,65.1,-118.201763,33.98148
ESA-57,ESA-57-1D-03,2015-01-14,YD,136,-118.201655,33.981377
ESA-57,ESA-57-2D-03,2015-01-14,YD,105,-118.201676,33.981379
ESA-57,ESA-57-3D-03,2015-01-14,YD,84.1,-118.201696,33.981381
ESA-57,ESA-57-4D-03,2015-01-14,YD,46.2,-118.201656,33.981425
ESA-57,ESA-57-5D-03,2015-01-14,YD,130,-118.201686,33.981426
ESA-57,ESA-57-6D-03,2015-01-14,YD,65.4,-118.201652,33.981445
ESA-57,ESA-57-7D-03,2015-01-14,YD,60,-118.201649,33.981463
ESA-57,ESA-57-8D-03,2015-01-14,YD,49.6,-118.201687,33.981457
ESA-57,ESA-57-9D-03,2015-01-14,YD,49.5,-118.201724,33.981475
ESA-57,ESA-57-DZ-1D-03,2015-01-14,DL,407,-118.201793,33.981474
ESA-57,ESA-57-DZ-2D-03,2015-01-14,DL,122,-118.201773,33.98138
ESA-59,ESA-59-10D-03,2015-01-15,YD,261,-118.20013,33.987832
ESA-59,ESA-59-1D-03,2015-01-15,YD,141,-118.200134,33.987783
ESA-59,ESA-59-2D-03,2015-01-15,YD,183,-118.200112,33.98778
ESA-59,ESA-59-3D-03,2015-01-15,YD,159,-118.200086,33.987777
ESA-59,ESA-59-4D-03,2015-01-15,YD,199,-118.200059,33.987776
ESA-59,ESA-59-5D-03,2015-01-15,YD,185,-118.200032,33.987772
ESA-59,ESA-59-6D-03,2015-01-15,YD,142,-118.200029,33.987797
ESA-59,ESA-59-7D-03,2015-01-15,YD,207,-118.200054,33.987802
ESA-59,ESA-59-8D-03,2015-01-15,YD,175,-118.200083,33.987805
ESA-59,ESA-59-9D-03,2015-01-15,YD,345,-118.200109,33.987807
ESA-59,ESA-59-DZ-1D-03,2015-01-15,DL,1230,-118.200074,33.987829
ESA-59,ESA-59-DZ-2D-03,2015-01-15,DL,630,-118.200113,33.987863
ESA-61,ESA-61-10D-03,2015-01-16,YD,233,-118.186018,33.990036
ESA-61,ESA-61-1D-03,2015-01-16,YD,189,-118.185958,33.990067
ESA-61,ESA-61-2D-03,2015-01-16,YD,232,-118.185984,33.99007
ESA-61,ESA-61-3D-03,2015-01-16,YD,286,-118.186007,33.990073
ESA-61,ESA-61-4D-03,2015-01-16,YD,153,-118.18596,33.990049
ESA-61,ESA-61-5D-03,2015-01-16,YD,168,-118.185975,33.990051
ESA-61,ESA-61-6D-03,2015-01-16,YD,148,-118.185999,33.990055
ESA-61,ESA-61-7D-03,2015-01-16,YD,145,-118.186016,33.990055
ESA-61,ESA-61-8D-03,2015-01-16,YD,167,-118.185962,33.990028
ESA-61,ESA-61-9D-03,2015-01-16,YD,175,-118.185992,33.990033
ESA-62,ESA-62-10D-03,2015-01-20,YD,89.6,-118.191736,33.986037
ESA-62,ESA-62-1D-03,2015-01-20,YD,103,-118.191797,33.98602
ESA-62,ESA-62-2D-03,2015-01-20,YD,19.6,-118.191794,33.986036
ESA-62,ESA-62-3D-03,2015-01-20,YD,52.4,-118.191791,33.986057
ESA-62,ESA-62-4D-03,2015-01-20,YD,32,-118.191789,33.986079
ESA-62,ESA-62-5D-03,2015-01-20,YD,95.6,-118.191774,33.986017
ESA-62,ESA-62-6D-03,2015-01-20,YD,53.2,-118.191771,33.986042
ESA-62,ESA-62-7D-03,2015-01-20,YD,49.6,-118.19175,33.986072
ESA-62,ESA-62-8D-03,2015-01-20,YD,54.8,-118.191748,33.986039
ESA-62,ESA-62-9D-03,2015-01-20,YD,60.7,-118.191742,33.986014
ESA-62,ESA-62-DZ-1D-03,2015-01-20,DL,181,-118.191778,33.986142
SS-MEIR-N-01,SS-MEIR-N-01-10D-3,2014-08-19,YD,465,-118.192902,34.0168
SS-MEIR-N-01,SS-MEIR-N-01-1D-3,2014-08-19,YD,261,-118.192902,34.0168
SS-MEIR-N-01,SS-MEIR-N-01-2D-3,2014-08-19,YD,212,-118.192902,34.0168
SS-MEIR-N-01,SS-MEIR-N-01-3D-3,2014-08-19,YD,213,-118.192902,34.0168
SS-MEIR-N-01,SS-MEIR-N-01-4D-3,2014-08-19,YD,471,-118.192902,34.0168
SS-MEIR-N-01,SS-MEIR-N-01-5D-3,2014-08-19,YD,336,-118.192902,34.0168
SS-MEIR-N-01,SS-MEIR-N-01-6D-3,2014-08-19,YD,277,-118.192902,34.0168
SS-MEIR-N-01,SS-MEIR-N-01-7D-3,2014-08-19,YD,484,-118.192902,34.0168
SS-MEIR-N-01,SS-MEIR-N-01-8D-3,2014-08-19,YD,392,-118.192902,34.0168
SS-MEIR-N-01,SS-MEIR-N-01-9D-3,2014-08-19,YD,497,-118.192902,34.0168
SS-MEIR-N-01,SS-MEIR-N-01-DZ-1D-3,2014-08-19,DL,577,-118.192902,34.0168
SS-MEIR-N-01,SS-MEIR-N-01-DZ-2D-3,2014-08-19,DL,503,-118.192902,34.0168
SS-MEIR-N-02,SS-MEIR-N-02-10D-03,2014-09-17,YD,166,-118.193376,34.017074
SS-MEIR-N-02,SS-MEIR-N-02-1D-03,2014-09-17,YD,115,-118.193349,34.017145
SS-MEIR-N-02,SS-MEIR-N-02-2D-03,2014-09-17,YD,76.4,-118.193364,34.017144
SS-MEIR-N-02,SS-MEIR-N-02-3D-03,2014-09-17,YD,131,-118.193351,34.017117
SS-MEIR-N-02,SS-MEIR-N-02-4D-03,2014-09-17,YD,189,-118.19336,34.017117
SS-MEIR-N-02,SS-MEIR-N-02-5D-03,2014-09-17,YD,159,-118.193365,34.01709
SS-MEIR-N-02,SS-MEIR-N-02-6D-03,2014-09-17,YD,296,-118.193358,34.017137
SS-MEIR-N-02,SS-MEIR-N-02-7D-03,2014-09-17,YD,191,-118.19336,34.0171
SS-MEIR-N-02,SS-MEIR-N-02-8D-03,2014-09-17,YD,144,-118.19335,34.017096
SS-MEIR-N-02,SS-MEIR-N-02-9D-03,2014-09-17,YD,156,-118.193374,34.017096
SS-MEIR-N-02,SS-MEIR-N-02-DZ-1D-03,2014-09-17,DL,142,-118.193353,34.017075
SS-MEIR-N-03,SS-MEIR-N-03-10D-03-EZ,2014-09-02,YD,381,-118.192902,34.017399
SS-MEIR-N-03,SS-MEIR-N-03-1D-03,2014-09-02,YD,186,-118.192902,34.017399
SS-MEIR-N-03,SS-MEIR-N-03-2D-03,2014-09-02,YD,170,-118.192902,34.017399
SS-MEIR-N-03,SS-MEIR-N-03-3D-03,2014-09-02,YD,213,-118.192902,34.017399
SS-MEIR-N-03,SS-MEIR-N-03-4D-03,2014-09-02,YD,189,-118.192902,34.017399
SS-MEIR-N-03,SS-MEIR-N-03-5D-03,2014-09-02,YD,152,-118.192902,34.017399
SS-MEIR-N-03,SS-MEIR-N-03-6D-03,2014-09-02,YD,89.6,-118.192902,34.017399
SS-MEIR-N-03,SS-MEIR-N-03-7D-03,2014-09-02,YD,255,-118.192902,34.017399
SS-MEIR-N-03,SS-MEIR-N-03-8D-03,2014-09-02,YD,220,-118.192902,34.017399
SS-MEIR-N-03,SS-MEIR-N-03-9D-03-EZ,2014-09-02,YD,136,-118.192902,34.017399
SS-MEIR-N-03,SS-MEIR-N-03-DZ-1D-03,2014-09-02,DL,251,-118.192902,34.017399
SS-MEIR-N-03,SS-MEIR-N-03-DZ-2D-03,2014-09-02,DL,373,-118.192902,34.017399
SS-MEIR-N-03,SS-MEIR-N-03-DZ-3D-03,2014-09-02,DL,329,-118.192902,34.017399
SS-MEIR-N-04,SS-MEIR-N-04-10D-3,2014-08-19,YD,634,-118.192902,34.016998
SS-MEIR-N-04,SS-MEIR-N-04-1D-3,2014-08-19,YD,157,-118.192902,34.016998
SS-MEIR-N-04,SS-MEIR-N-04-2D-3,2014-08-19,YD,177,-118.192902,34.016998
SS-MEIR-N-04,SS-MEIR-N-04-3D-3,2014-08-19,YD,265,-118.192902,34.016998
SS-MEIR-N-04,SS-MEIR-N-04-4D-3,2014-08-19,YD,166,-118.192902,34.016998
SS-MEIR-N-04,SS-MEIR-N-04-5D-3,2014-08-19,YD,425,-118.192902,34.016998
SS-MEIR-N-04,SS-MEIR-N-04-6D-3,2014-08-19,YD,243,-118.192902,34.016998
SS-MEIR-N-04,SS-MEIR-N-04-7D-3,2014-08-19,YD,148,-118.192902,34.016998
SS-MEIR-N-04,SS-MEIR-N-04-8D-3,2014-08-19,YD,210,-118.192902,34.016998
SS-MEIR-N-04,SS-MEIR-N-04-9D-3,2014-08-19,YD,414,-118.192902,34.016998
SS-MEIR-N-04,SS-MEIR-N-04-DZ-1D-3,2014-08-19,DL,277,-118.192902,34.016998
SS-MEIR-N-05,SS-MEIR-N-05-10D-03,2014-09-03,YD,311,-118.192902,34.0172
SS-MEIR-N-05,SS-MEIR-N-05-1D-03,2014-09-03,YD,274,-118.192902,34.0172
SS-MEIR-N-05,SS-MEIR-N-05-2D-03,2014-09-03,YD,153,-118.192902,34.0172
SS-MEIR-N-05,SS-MEIR-N-05-3D-03,2014-09-03,YD,386,-118.192902,34.0172
SS-MEIR-N-05,SS-MEIR-N-05-4D-03,2014-09-03,YD,221,-118.192902,34.0172
SS-MEIR-N-05,SS-MEIR-N-05-5D-03,2014-09-03,YD,316,-118.192902,34.0172
SS-MEIR-N-05,SS-MEIR-N-05-6D-03,2014-09-03,YD,213,-118.192902,34.0172
SS-MEIR-N-05,SS-MEIR-N-05-7D-03,2014-09-03,YD,212,-118.192902,34.0172
SS-MEIR-N-05,SS-MEIR-N-05-8D-03,2014-09-03,YD,338,-118.192902,34.0172
SS-MEIR-N-05,SS-MEIR-N-05-9D-03,2014-09-03,YD,661,-118.192902,34.0172
SS-MEIR-N-05,SS-MEIR-N-05-DZ-1D-03,2014-09-03,DL,126,-118.192902,34.0172
SS-MEIR-N-06,SS-MEIR-N-06-10D-3,2014-08-13,YD,139,-118.193378,34.017805
SS-MEIR-N-06,SS-MEIR-N-06-1D-3,2014-08-13,YD,168,-118.193372,34.017762
SS-MEIR-N-06,SS-MEIR-N-06-2D-3,2014-08-13,YD,132,-118.193389,34.01776
SS-MEIR-N-06,SS-MEIR-N-06-3D-3,2014-08-13,YD,115,-118.193385,34.017774
SS-MEIR-N-06,SS-MEIR-N-06-4D-3,2014-08-13,YD,153,-118.19337,34.017803
SS-MEIR-N-06,SS-MEIR-N-06-5D-3,2014-08-13,YD,172,-118.193386,34.0178
SS-MEIR-N-06,SS-MEIR-N-06-6D-3,2014-08-13,YD,99.2,-118.193379,34.017769
SS-MEIR-N-06,SS-MEIR-N-06-7D-3,2014-08-13,YD,138,-118.193385,34.017767
SS-MEIR-N-06,SS-MEIR-N-06-8D-3,2014-08-13,YD,147,-118.193371,34.017791
SS-MEIR-N-06,SS-MEIR-N-06-9D-3,2014-08-13,YD,87.2,-118.193379,34.017798
SS-MEIR-N-06,SS-MEIR-N-06-DZ-1D-3,2014-08-13,DL,99.1,-118.193397,34.017766
SS-MEIR-N-07,SS-MEIR-N-07-10D-3,2014-08-12,YD,251,-118.192902,34.017101
SS-MEIR-N-07,SS-MEIR-N-07-1D-3,2014-08-12,YD,300,-118.192902,34.017101
SS-MEIR-N-07,SS-MEIR-N-07-2D-3,2014-08-12,YD,882,-118.192902,34.017101
SS-MEIR-N-07,SS-MEIR-N-07-3D-3,2014-08-12,YD,507,-118.192902,34.017101
SS-MEIR-N-07,SS-MEIR-N-07-4D-3,2014-08-12,YD,79.9,-118.192902,34.017101
SS-MEIR-N-07,SS-MEIR-N-07-5D-3,2014-08-12,YD,107,-118.192902,34.017101
SS-MEIR-N-07,SS-MEIR-N-07-6D-3,2014-08-12,YD,253,-118.192902,34.017101
SS-MEIR-N-07,SS-MEIR-N-07-7D-3,2014-08-12,YD,233,-118.192902,34.017101
SS-MEIR-N-07,SS-MEIR-N-07-8D-3,2014-08-12,YD,280,-118.192902,34.017101
SS-MEIR-N-07,SS-MEIR-N-07-9D-3,2014-08-12,YD,331,-118.192902,34.017101
SS-MEIR-N-07,SS-MEIR-N-07-DZ-1D-3,2014-08-12,DL,542,-118.192902,34.017101
SS-MEIR-N-07,SS-MEIR-N-07-DZ-2D-3,2014-08-12,DL,435,-118.192902,34.017101
SS-MEIR-N-08,SS-MEIR-N-08-10D-3,2014-08-13,YD,403,-118.192902,34.017899
SS-MEIR-N-08,SS-MEIR-N-08-1D-3,2014-08-13,YD,261,-118.192902,34.017899
SS-MEIR-N-08,SS-MEIR-N-08-2D-3,2014-08-13,YD,304,-118.192902,34.017899
SS-MEIR-N-08,SS-MEIR-N-08-3D-3,2014-08-13,YD,256,-118.192902,34.017899
SS-MEIR-N-08,SS-MEIR-N-08-4D-3,2014-08-13,YD,304,-118.192902,34.017899
SS-MEIR-N-08,SS-MEIR-N-08-5D-3,2014-08-13,YD,319,-118.192902,34.017899
SS-MEIR-N-08,SS-MEIR-N-08-6D-3,2014-08-13,YD,219,-118.192902,34.017899
SS-MEIR-N-08,SS-MEIR-N-08-7D-3,2014-08-13,YD,222,-118.192902,34.017899
SS-MEIR-N-08,SS-MEIR-N-08-8D-3,2014-08-13,YD,309,-118.192902,34.017899
SS-MEIR-N-08,SS-MEIR-N-08-9D-3,2014-08-13,YD,261,-118.192902,34.017899
SS-MEIR-N-08,SS-MEIR-N-08-DZ-1D-3,2014-08-13,DL,286,-118.192902,34.017899
SS-MEIR-N-08,SS-MEIR-N-08-DZ-2D-3,2014-08-13,DL,955,-118.192902,34.017899
SS-MEIR-N-08,SS-MEIR-N-08-DZ-3D-3,2014-08-13,DL,2230,-118.192902,34.017899
SS-MEIR-N-09,SS-MEIR-N-09-10D-03,2014-09-09,YD,261,-118.191902,34.0173
SS-MEIR-N-09,SS-MEIR-N-09-1D-03,2014-09-09,YD,196,-118.191902,34.0173
SS-MEIR-N-09,SS-MEIR-N-09-2D-03,2014-09-09,YD,164,-118.191902,34.0173
SS-MEIR-N-09,SS-MEIR-N-09-3D-03,2014-09-09,YD,275,-118.191902,34.0173
SS-MEIR-N-09,SS-MEIR-N-09-4D-03,2014-09-09,YD,217,-118.191902,34.0173
SS-MEIR-N-09,SS-MEIR-N-09-5D-03,2014-09-09,YD,252,-118.191902,34.0173
SS-MEIR-N-09,SS-MEIR-N-09-6D-03,2014-09-09,YD,242,-118.191902,34.0173
SS-MEIR-N-09,SS-MEIR-N-09-7D-03,2014-09-09,YD,213,-118.191902,34.0173
SS-MEIR-N-09,SS-MEIR-N-09-8D-03-EZ,2014-09-09,YD,567,-118.191902,34.0173
SS-MEIR-N-09,SS-MEIR-N-09-9D-03,2014-09-09,YD,285,-118.191902,34.0173
SS-MEIR-N-09,SS-MEIR-N-09-DZ-1D-03,2014-09-09,DL,217,-118.191902,34.0173
SS-MEIR-N-09,SS-MEIR-N-09-DZ-2D-03,2014-09-09,DL,311,-118.191902,34.0173
SS-MEIR-N-09,SS-MEIR-N-09-DZ-3D-03,2014-09-09,DL,386,-118.191902,34.0173
SS-MEIR-N-10,SS-MEIR-N-10-10D-3,2014-08-18,YD,237,-118.192398,34.0172
SS-MEIR-N-10,SS-MEIR-N-10-1D-3,2014-08-18,YD,226,-118.192398,34.0172
SS-MEIR-N-10,SS-MEIR-N-10-2D-3,2014-08-18,YD,334,-118.192398,34.0172
SS-MEIR-N-10,SS-MEIR-N-10-3D-3,2014-08-18,YD,337,-118.192398,34.0172
SS-MEIR-N-10,SS-MEIR-N-10-4D-3,2014-08-18,YD,314,-118.192398,34.0172
SS-MEIR-N-10,SS-MEIR-N-10-5D-3,2014-08-18,YD,325,-118.192398,34.0172
SS-MEIR-N-10,SS-MEIR-N-10-6D-3,2014-08-18,YD,263,-118.192398,34.0172
SS-MEIR-N-10,SS-MEIR-N-10-7D-3,2014-08-18,YD,330,-118.192398,34.0172
SS-MEIR-N-10,SS-MEIR-N-10-8D-3,2014-08-18,YD,352,-118.192398,34.0172
SS-MEIR-N-10,SS-MEIR-N-10-9D-3,2014-08-18,YD,271,-118.192398,34.0172
SS-MEIR-N-10,SS-MEIR-N-10-DS-1D-3,2014-08-18,DL,136,-118.192398,34.0172
SS-MEIR-N-10,SS-MEIR-N-10-DZ-1D-3,2014-08-18,DL,216,-118.192398,34.0172
SS-MEIR-N-10,SS-MEIR-N-10-DZ-2D-3,2014-08-18,DL,372,-118.192398,34.0172
SS-MEIR-N-11,SS-MEIR-N-11-10D-3,2014-08-15,YD,215,-118.192398,34.017899
SS-MEIR-N-11,SS-MEIR-N-11-1D-3,2014-08-15,YD,82.7,-118.192398,34.017899
SS-MEIR-N-11,SS-MEIR-N-11-2D-3,2014-08-15,YD,93.4,-118.192398,34.017899
SS-MEIR-N-11,SS-MEIR-N-11-3D-3,2014-08-15,YD,120,-118.192398,34.017899
SS-MEIR-N-11,SS-MEIR-N-11-4D-3,2014-08-15,YD,179,-118.192398,34.017899
SS-MEIR-N-11,SS-MEIR-N-11-5D-3,2014-08-15,YD,139,-118.192398,34.017899
SS-MEIR-N-11,SS-MEIR-N-11-6D-3,2014-08-15,YD,103,-118.192398,34.017899
SS-MEIR-N-11,SS-MEIR-N-11-7D-3,2014-08-15,YD,154,-118.192398,34.017899
SS-MEIR-N-11,SS-MEIR-N-11-8D-3,2014-08-15,YD,244,-118.192398,34.017899
SS-MEIR-N-11,SS-MEIR-N-11-9D-3,2014-08-15,YD,105,-118.192398,34.017899
SS-MEIR-N-11,SS-MEIR-N-11-DZ-1D-3,2014-08-15,DL,494,-118.192398,34.017899
SS-MEIR-N-11,SS-MEIR-N-11-DZ-2D-3,2014-08-15,DL,239,-118.192398,34.017899
SS-MEIR-N-12,SS-MEIR-N-12-10D-3,2014-08-15,YD,170,-118.192497,34.018299
SS-MEIR-N-12,SS-MEIR-N-12-1D-3,2014-08-15,YD,183,-118.192497,34.018299
SS-MEIR-N-12,SS-MEIR-N-12-2D-3,2014-08-15,YD,162,-118.192497,34.018299
SS-MEIR-N-12,SS-MEIR-N-12-3D-3,2014-08-15,YD,498,-118.192497,34.018299
SS-MEIR-N-12,SS-MEIR-N-12-4D-3,2014-08-15,YD,161,-118.192497,34.018299
SS-MEIR-N-12,SS-MEIR-N-12-5D-3,2014-08-15,YD,161,-118.192497,34.018299
SS-MEIR-N-12,SS-MEIR-N-12-6D-3,2014-08-15,YD,172,-118.192497,34.018299
SS-MEIR-N-12,SS-MEIR-N-12-7D-3,2014-08-15,YD,182,-118.192497,34.018299
SS-MEIR-N-12,SS-MEIR-N-12-8D-3,2014-08-15,YD,158,-118.192497,34.018299
SS-MEIR-N-12,SS-MEIR-N-12-9D-3,2014-08-15,YD,151,-118.192497,34.018299
SS-MEIR-N-12,SS-MEIR-N-12-DZ-1D-3,2014-08-15,DL,251,-118.192497,34.018299
SS-MEIR-N-13,SS-MEIR-N-13-10D-3,2014-08-27,YD,234,-118.191399,34.017101
SS-MEIR-N-13,SS-MEIR-N-13-1D-3,2014-08-27,YD,267,-118.191399,34.017101
SS-MEIR-N-13,SS-MEIR-N-13-2D-3,2014-08-27,YD,166,-118.191399,34.017101
SS-MEIR-N-13,SS-MEIR-N-13-3D-3,2014-08-27,YD,187,-118.191399,34.017101
SS-MEIR-N-13,SS-MEIR-N-13-4D-3,2014-08-27,YD,151,-118.191399,34.017101
SS-MEIR-N-13,SS-MEIR-N-13-5D-3,2014-08-27,YD,164,-118.191399,34.017101
SS-MEIR-N-13,SS-MEIR-N-13-6D-3,2014-08-27,YD,118,-118.191399,34.017101
SS-MEIR-N-13,SS-MEIR-N-13-7D-3,2014-08-27,YD,137,-118.191399,34.017101
SS-MEIR-N-13,SS-MEIR-N-13-8D-3,2014-08-27,YD,181,-118.191399,34.017101
SS-MEIR-N-13,SS-MEIR-N-13-9D-3,2014-08-27,YD,168,-118.191399,34.017101
SS-MEIR-N-13,SS-MEIR-N-13-DZ-1D-3,2014-08-27,DL,114,-118.191399,34.017101
SS-MEIR-N-14,SS-1262-ALMA-1-1-3,2014-04-10,YD,373,-118.191128,34.017144
SS-MEIR-N-14,SS-1262-ALMA-10-1-3,2014-04-10,YD,580,-118.19084,34.017093
SS-MEIR-N-14,SS-1262-ALMA-11-1-3,2014-04-10,DL,341,-118.190981,34.017169
SS-MEIR-N-14,SS-1262-ALMA-12-1-3,2014-04-10,DL,733,-118.190886,34.017155
SS-MEIR-N-14,SS-1262-ALMA-13-1-3,2014-04-10,DL,1250,-118.190981,34.017095
SS-MEIR-N-14,SS-1262-ALMA-14-1-3,2014-04-10,DL,373,-118.191043,34.017126
SS-MEIR-N-14,SS-1262-ALMA-2-1-3,2014-04-10,YD,544,-118.191128,34.017106
SS-MEIR-N-14,SS-1262-ALMA-3-1-3,2014-04-10,YD,463,-118.191095,34.017123
SS-MEIR-N-14,SS-1262-ALMA-4-1-3,2014-04-10,YD,361,-118.191073,34.017143
SS-MEIR-N-14,SS-1262-ALMA-5-1-3,2014-04-10,YD,531,-118.191068,34.017105
SS-MEIR-N-14,SS-1262-ALMA-6-1-3,2014-04-10,YD,453,-118.190813,34.01713
SS-MEIR-N-14,SS-1262-ALMA-7-1-3,2014-04-10,YD,672,-118.190778,34.017097
SS-MEIR-N-14,SS-1262-ALMA-8-1-3,2014-04-10,YD,648,-118.190779,34.017129
SS-MEIR-N-14,SS-1262-ALMA-9-1-3,2014-04-10,YD,436,-118.190811,34.017099
SS-MEIR-N-15,SS-MEIR-N-15-10D-03,2014-08-28,YD,67.1,-118.191298,34.017477
SS-MEIR-N-15,SS-MEIR-N-15-1D-03,2014-08-28,YD,64.1,-118.191305,34.017478
SS-MEIR-N-15,SS-MEIR-N-15-2D-03,2014-08-28,YD,122,-118.191347,34.01746
SS-MEIR-N-15,SS-MEIR-N-15-3D-03,2014-08-28,YD,79.4,-118.19133,34.017475
SS-MEIR-N-15,SS-MEIR-N-15-4D-03,2014-08-28,YD,92.5,-118.191311,34.017489
SS-MEIR-N-15,SS-MEIR-N-15-5D-03,2014-08-28,YD,79.2,-118.191337,34.017491
SS-MEIR-N-15,SS-MEIR-N-15-6D-03,2014-08-28,YD,39.7,-118.191313,34.017454
SS-MEIR-N-15,SS-MEIR-N-15-7D-03,2014-08-28,YD,55.9,-118.191347,34.017451
SS-MEIR-N-15,SS-MEIR-N-15-8D-03,2014-08-28,YD,107,-118.191342,34.017475
SS-MEIR-N-15,SS-MEIR-N-15-9D-03,2014-08-28,YD,56.9,-118.191303,34.017454
SS-MEIR-N-15,SS-MEIR-N-15-DZ-1D-03,2014-08-28,DL,79.6,-118.191351,34.017468
SS-MEIR-N-16,SS-1222-LA PUERTA-1-1-3,2014-04-10,YD,261,-118.19313,34.018115
SS-MEIR-N-16,SS-1222-LA PUERTA-10-1-3,2014-04-10,YD,568,-118.192756,34.018098
SS-MEIR-N-16,SS-1222-LA PUERTA-11-1-3,2014-04-10,DL,306,-118.193059,34.018168
SS-MEIR-N-16,SS-1222-LA PUERTA-12-1-3,2014-04-10,DL,105,-118.193066,34.018131
SS-MEIR-N-16,SS-1222-LA PUERTA-13-1-3,2014-04-10,DL,519,-118.192798,34.018102
SS-MEIR-N-16,SS-1222-LA PUERTA-14-1-3,2014-04-10,DL,723,-118.192797,34.018122
SS-MEIR-N-16,SS-1222-LA PUERTA-15-1-3,2014-04-10,DL,236,-118.192798,34.018077
SS-MEIR-N-16,SS-1222-LA PUERTA-2-1-3,2014-04-10,YD,246,-118.193131,34.018163
SS-MEIR-N-16,SS-1222-LA PUERTA-3-1-3,2014-04-10,YD,249,-118.193105,34.018137
SS-MEIR-N-16,SS-1222-LA PUERTA-4-1-3,2014-04-10,YD,158,-118.193083,34.018161
SS-MEIR-N-16,SS-1222-LA PUERTA-5-1-3,2014-04-10,YD,145,-118.193084,34.01812
SS-MEIR-N-16,SS-1222-LA PUERTA-6-1-3,2014-04-10,YD,76.1,-118.192779,34.018081
SS-MEIR-N-16,SS-1222-LA PUERTA-7-1-3,2014-04-10,YD,597,-118.192782,34.01811
SS-MEIR-N-16,SS-1222-LA PUERTA-8-1-3,2014-04-10,YD,5500,-118.192764,34.018111
SS-MEIR-N-16,SS-1222-LA PUERTA-9-1-3,2014-04-10,YD,169,-118.192762,34.018082
SS-MEIR-N-17,SS-MEIR-N-17-10D-3,2014-08-21,YD,141,-118.193398,34.018101
SS-MEIR-N-17,SS-MEIR-N-17-1D-3,2014-08-21,YD,152,-118.193398,34.018101
SS-MEIR-N-17,SS-MEIR-N-17-2D-3,2014-08-21,YD,158,-118.193398,34.018101
SS-MEIR-N-17,SS-MEIR-N-17-3D-3,2014-08-21,YD,117,-118.193398,34.018101
SS-MEIR-N-17,SS-MEIR-N-17-4D-3,2014-08-21,YD,179,-118.193398,34.018101
SS-MEIR-N-17,SS-MEIR-N-17-5D-3,2014-08-21,YD,163,-118.193398,34.018101
SS-MEIR-N-17,SS-MEIR-N-17-6D-3,2014-08-21,YD,207,-118.193398,34.018101
SS-MEIR-N-17,SS-MEIR-N-17-7D-3,2014-08-21,YD,120,-118.193398,34.018101
SS-MEIR-N-17,SS-MEIR-N-17-8D-3,2014-08-21,YD,183,-118.193398,34.018101
SS-MEIR-N-17,SS-MEIR-N-17-9D-3,2014-08-21,YD,217,-118.193398,34.018101
SS-MEIR-N-17,SS-MEIR-N-17-DZ-1D-3,2014-08-21,DL,153,-118.193398,34.018101
SS-MEIR-N-18,SS-MEIR-N-18-10D-3,2014-08-18,YD,246,-118.192001,34.018299
SS-MEIR-N-18,SS-MEIR-N-18-1D-3,2014-08-18,YD,147,-118.192001,34.018299
SS-MEIR-N-18,SS-MEIR-N-18-2D-3,2014-08-18,YD,153,-118.192001,34.018299
SS-MEIR-N-18,SS-MEIR-N-18-3D-3,2014-08-18,YD,133,-118.192001,34.018299
SS-MEIR-N-18,SS-MEIR-N-18-4D-3,2014-08-18,YD,266,-118.192001,34.018299
SS-MEIR-N-18,SS-MEIR-N-18-5D-3,2014-08-18,YD,279,-118.192001,34.018299
SS-MEIR-N-18,SS-MEIR-N-18-6D-3,2014-08-18,YD,215,-118.192001,34.018299
SS-MEIR-N-18,SS-MEIR-N-18-7D-3,2014-08-18,YD,142,-118.192001,34.018299
SS-MEIR-N-18,SS-MEIR-N-18-8D-3,2014-08-18,YD,134,-118.192001,34.018299
SS-MEIR-N-18,SS-MEIR-N-18-9D-3,2014-08-18,YD,241,-118.192001,34.018299
SS-MEIR-N-18,SS-MEIR-N-18-DZ-1D-3,2014-08-18,DL,229,-118.192001,34.018299
SS-MEIR-N-18,SS-MEIR-N-18-DZ-2D-3,2014-08-18,DL,197,-118.192001,34.018299
SS-MEIR-N-19,SS-MEIR-N-19-10D-3,2014-08-20,YD,336,-118.193497,34.016998
SS-MEIR-N-19,SS-MEIR-N-19-1D-3,2014-08-20,YD,165,-118.193497,34.016998
SS-MEIR-N-19,SS-MEIR-N-19-2D-3,2014-08-20,YD,193,-118.193497,34.016998
SS-MEIR-N-19,SS-MEIR-N-19-3D-3,2014-08-20,YD,185,-118.193497,34.016998
SS-MEIR-N-19,SS-MEIR-N-19-4D-3,2014-08-20,YD,152,-118.193497,34.016998
SS-MEIR-N-19,SS-MEIR-N-19-5D-3,2014-08-20,YD,184,-118.193497,34.016998
SS-MEIR-N-19,SS-MEIR-N-19-6D-3,2014-08-20,YD,150,-118.193497,34.016998
SS-MEIR-N-19,SS-MEIR-N-19-7D-3,2014-08-20,YD,200,-118.193497,34.016998
SS-MEIR-N-19,SS-MEIR-N-19-8D-3,2014-08-20,YD,151,-118.193497,34.016998
SS-MEIR-N-19,SS-MEIR-N-19-9D-3,2014-08-20,YD,187,-118.193497,34.016998
SS-MEIR-N-19,SS-MEIR-N-19-DZ-1D-3,2014-08-20,DL,96.9,-118.193497,34.016998
SS-MEIR-N-21,SS-MEIR-N-21-10D-3,2014-08-21,YD,277,-118.193061,34.017565
SS-MEIR-N-21,SS-MEIR-N-21-1D-3,2014-08-21,YD,152,-118.193139,34.017608
SS-MEIR-N-21,SS-MEIR-N-21-2D-3,2014-08-21,YD,170,-118.193139,34.01758
SS-MEIR-N-21,SS-MEIR-N-21-3D-3,2014-08-21,YD,89.4,-118.193138,34.017554
SS-MEIR-N-21,SS-MEIR-N-21-4D-3,2014-08-21,YD,173,-118.193107,34.01756
SS-MEIR-N-21,SS-MEIR-N-21-5D-3,2014-08-21,YD,223,-118.193105,34.017589
SS-MEIR-N-21,SS-MEIR-N-21-6D-3,2014-08-21,YD,176,-118.193077,34.017607
SS-MEIR-N-21,SS-MEIR-N-21-7D-3,2014-08-21,YD,149,-118.193063,34.017616
SS-MEIR-N-21,SS-MEIR-N-21-8D-3,2014-08-21,YD,241,-118.193078,34.017589
SS-MEIR-N-21,SS-MEIR-N-21-9D-3,2014-08-21,YD,183,-118.193092,34.017578
SS-MEIR-N-21,SS-MEIR-N-21-DZ-1D-3,2014-08-21,DL,314,-118.193067,34.017566
SS-MEIR-N-22,SS-MEIR-N-22-10D-3,2014-08-22,YD,98.8,-118.192902,34.0182
SS-MEIR-N-22,SS-MEIR-N-22-1D-3,2014-08-22,YD,116,-118.192902,34.0182
SS-MEIR-N-22,SS-MEIR-N-22-2D-3,2014-08-22,YD,108,-118.192902,34.0182
SS-MEIR-N-22,SS-MEIR-N-22-3D-3,2014-08-22,YD,67.7,-118.192902,34.0182
SS-MEIR-N-22,SS-MEIR-N-22-4D-3,2014-08-22,YD,115,-118.192902,34.0182
SS-MEIR-N-22,SS-MEIR-N-22-5D-3,2014-08-22,YD,115,-118.192902,34.0182
SS-MEIR-N-22,SS-MEIR-N-22-6D-3,2014-08-22,YD,109,-118.192902,34.0182
SS-MEIR-N-22,SS-MEIR-N-22-7D-3,2014-08-22,YD,162,-118.192902,34.0182
SS-MEIR-N-22,SS-MEIR-N-22-8D-3,2014-08-22,YD,93.9,-118.192902,34.0182
SS-MEIR-N-22,SS-MEIR-N-22-9D-3,2014-08-22,YD,115,-118.192902,34.0182
SS-MEIR-N-22,SS-MEIR-N-22-DZ-1D-3,2014-08-22,DL,822,-118.192902,34.0182
SS-MEIR-N-22,SS-MEIR-N-22-DZ-2D-3,2014-08-22,DL,271,-118.192902,34.0182
SS-MEIR-N-22,SS-MEIR-N-22-DZ-3D-3,2014-08-22,DL,230,-118.192902,34.0182
SS-MEIR-N-23,SS-MEIR-N-23-10D-3-EZ,2014-08-23,YD,211,-118.193497,34.0182
SS-MEIR-N-23,SS-MEIR-N-23-1D-3,2014-08-23,YD,237,-118.193497,34.0182
SS-MEIR-N-23,SS-MEIR-N-23-2D-3,2014-08-23,YD,238,-118.193497,34.0182
SS-MEIR-N-23,SS-MEIR-N-23-3D-3,2014-08-23,YD,281,-118.193497,34.0182
SS-MEIR-N-23,SS-MEIR-N-23-4D-3,2014-08-23,YD,486,-118.193497,34.0182
SS-MEIR-N-23,SS-MEIR-N-23-5D-3-EZ,2014-08-23,YD,197,-118.193497,34.0182
SS-MEIR-N-23,SS-MEIR-N-23-6D-3-EZ,2014-08-23,YD,218,-118.193497,34.0182
SS-MEIR-N-23,SS-MEIR-N-23-7D-3,2014-08-23,YD,189,-118.193497,34.0182
SS-MEIR-N-23,SS-MEIR-N-23-8D-3,2014-08-23,YD,77.7,-118.193497,34.0182
SS-MEIR-N-23,SS-MEIR-N-23-9D-3-EZ,2014-08-23,YD,491,-118.193497,34.0182
SS-MEIR-N-23,SS-MEIR-N-23-DZ-1D-3,2014-08-23,DL,229,-118.193497,34.0182
SS-MEIR-N-24,SS-MEIR-N-24-10D-3-EZ,2014-08-22,YD,101,-118.193736,34.017972
SS-MEIR-N-24,SS-MEIR-N-24-1D-3-EZ,2014-08-22,YD,201,-118.193347,34.018005
SS-MEIR-N-24,SS-MEIR-N-24-2D-3-EZ,2014-08-22,YD,201,-118.193348,34.017975
SS-MEIR-N-24,SS-MEIR-N-24-3D-3-EZ,2014-08-22,YD,194,-118.193349,34.017964
SS-MEIR-N-24,SS-MEIR-N-24-3D-3D-EZ,2014-08-22,YD,188,-118.193349,34.017964
SS-MEIR-N-24,SS-MEIR-N-24-4D-3-EZ,2014-08-22,YD,325,-118.19335,34.017955
SS-MEIR-N-24,SS-MEIR-N-24-5D-3-EZ,2014-08-22,YD,246,-118.193365,34.017954
SS-MEIR-N-24,SS-MEIR-N-24-6D-3-EZ,2014-08-22,YD,207,-118.193379,34.017954
SS-MEIR-N-24,SS-MEIR-N-24-7D-3-EZ,2014-08-22,YD,194,-118.193406,34.017954
SS-MEIR-N-24,SS-MEIR-N-24-8D-3-EZ,2014-08-22,YD,362,-118.193613,34.018059
SS-MEIR-N-24,SS-MEIR-N-24-9D-3-EZ,2014-08-22,YD,410,-118.19366,34.018058
SS-MEIR-N-24,SS-MEIR-N-24-DZ-1D-3,2014-08-22,DL,119,-118.19342,34.017973
SS-MEIR-N-24,SS-MEIR-N-24-DZ-2D-3,2014-08-22,DL,163,-118.193667,34.017995
SS-MEIR-N-25,SS-MEIR-N-25-10D-3-EZ,2014-08-23,YD,797,-118.193497,34.018299
SS-MEIR-N-25,SS-MEIR-N-25-1D-3,2014-08-23,YD,141,-118.193497,34.018299
SS-MEIR-N-25,SS-MEIR-N-25-2D-3,2014-08-23,YD,132,-118.193497,34.018299
SS-MEIR-N-25,SS-MEIR-N-25-3D-3,2014-08-23,YD,127,-118.193497,34.018299
SS-MEIR-N-25,SS-MEIR-N-25-4D-3,2014-08-23,YD,101,-118.193497,34.018299
SS-MEIR-N-25,SS-MEIR-N-25-5D-3,2014-08-23,YD,140,-118.193497,34.018299
SS-MEIR-N-25,SS-MEIR-N-25-6D-3,2014-08-23,YD,119,-118.193497,34.018299
SS-MEIR-N-25,SS-MEIR-N-25-7D-3,2014-08-23,YD,141,-118.193497,34.018299
SS-MEIR-N-25,SS-MEIR-N-25-8D-3-EZ,2014-08-23,YD,129,-118.193497,34.018299
SS-MEIR-N-25,SS-MEIR-N-25-9D-3-EZ,2014-08-23,YD,195,-118.193497,34.018299
SS-MEIR-N-25,SS-MEIR-N-25-DZ-1D-3,2014-08-23,DL,399,-118.193497,34.018299
SS-MEIR-N-26,SS-MEIR-N-26-10D-03,2014-09-03,YD,159,-118.19095,34.017526
SS-MEIR-N-26,SS-MEIR-N-26-1D-03-EZ,2014-09-03,YD,420,-118.191152,34.017421
SS-MEIR-N-26,SS-MEIR-N-26-2D-03-EZ,2014-09-03,YD,302,-118.191131,34.017421
SS-MEIR-N-26,SS-MEIR-N-26-3D-03,2014-09-03,YD,123,-118.191127,34.017524
SS-MEIR-N-26,SS-MEIR-N-26-4D-03,2014-09-03,YD,162,-118.191106,34.017525
SS-MEIR-N-26,SS-MEIR-N-26-5D-03,2014-09-03,YD,157,-118.191078,34.017523
SS-MEIR-N-26,SS-MEIR-N-26-6D-03,2014-09-03,YD,141,-118.191054,34.017523
SS-MEIR-N-26,SS-MEIR-N-26-7D-03,2014-09-03,YD,147,-118.191035,34.017524
SS-MEIR-N-26,SS-MEIR-N-26-8D-03,2014-09-03,YD,102,-118.190979,34.017524
SS-MEIR-N-26,SS-MEIR-N-26-9D-03,2014-09-03,YD,124,-118.19096,34.017524
SS-MEIR-N-27,SS-MEIR-N-27-10D-03-EZ,2014-09-03,YD,441,-118.193694,34.017947
SS-MEIR-N-27,SS-MEIR-N-27-1D-03,2014-09-03,YD,218,-118.193352,34.017908
SS-MEIR-N-27,SS-MEIR-N-27-2D-03,2014-09-03,YD,318,-118.193353,34.017877
SS-MEIR-N-27,SS-MEIR-N-27-3D-03,2014-09-03,YD,343,-118.193352,34.017849
SS-MEIR-N-27,SS-MEIR-N-27-4D-03,2014-09-03,YD,402,-118.193373,34.017846
SS-MEIR-N-27,SS-MEIR-N-27-5D-03,2014-09-03,YD,409,-118.193405,34.017846
SS-MEIR-N-27,SS-MEIR-N-27-6D-03-EZ,2014-09-03,YD,213,-118.193624,34.017864
SS-MEIR-N-27,SS-MEIR-N-27-6D-03D-EZ,2014-09-03,YD,207,-118.193624,34.017864
SS-MEIR-N-27,SS-MEIR-N-27-7D-03-EZ,2014-09-03,YD,391,-118.193655,34.017853
SS-MEIR-N-27,SS-MEIR-N-27-8D-03-EZ,2014-09-03,YD,397,-118.193627,34.017907
SS-MEIR-N-27,SS-MEIR-N-27-9D-03-EZ,2014-09-03,YD,338,-118.193636,34.017945
SS-MEIR-N-27,SS-MEIR-N-27-DZ-1D-03,2014-09-03,DL,617,-118.193402,34.017907
SS-MEIR-N-27,SS-MEIR-N-27-DZ-2D-03,2014-09-03,DL,520,-118.193584,34.017841
SS-MEIR-N-28,SS-MEIR-N-28-10D-3,2014-08-20,YD,295,-118.193497,34.017399
SS-MEIR-N-28,SS-MEIR-N-28-1D-3,2014-08-20,YD,152,-118.193497,34.017399
SS-MEIR-N-28,SS-MEIR-N-28-2D-3,2014-08-20,YD,177,-118.193497,34.017399
SS-MEIR-N-28,SS-MEIR-N-28-3D-3,2014-08-20,YD,169,-118.193497,34.017399
SS-MEIR-N-28,SS-MEIR-N-28-4D-3,2014-08-20,YD,240,-118.193497,34.017399
SS-MEIR-N-28,SS-MEIR-N-28-5D-3,2014-08-20,YD,139,-118.193497,34.017399
SS-MEIR-N-28,SS-MEIR-N-28-6D-3,2014-08-20,YD,299,-118.193497,34.017399
SS-MEIR-N-28,SS-MEIR-N-28-7D-3,2014-08-20,YD,449,-118.193497,34.017399
SS-MEIR-N-28,SS-MEIR-N-28-8D-3,2014-08-20,YD,208,-118.193497,34.017399
SS-MEIR-N-28,SS-MEIR-N-28-9D-3,2014-08-20,YD,379,-118.193497,34.017399
SS-MEIR-N-28,SS-MEIR-N-28-DZ-1D-3,2014-08-20,DL,424,-118.193497,34.017399
SS-MEIR-N-29,SS-MEIR-N-29-10D-3-EZ,2014-08-25,YD,314,-118.191803,34.0177
SS-MEIR-N-29,SS-MEIR-N-29-1D-3,2014-08-25,YD,165,-118.191803,34.0177
SS-MEIR-N-29,SS-MEIR-N-29-2D-3,2014-08-25,YD,164,-118.191803,34.0177
SS-MEIR-N-29,SS-MEIR-N-29-3D-3,2014-08-25,YD,168,-118.191803,34.0177
SS-MEIR-N-29,SS-MEIR-N-29-4D-3,2014-08-25,YD,134,-118.191803,34.0177
SS-MEIR-N-29,SS-MEIR-N-29-5D-3,2014-08-25,YD,127,-118.191803,34.0177
SS-MEIR-N-29,SS-MEIR-N-29-6D-3,2014-08-25,YD,203,-118.191803,34.0177
SS-MEIR-N-29,SS-MEIR-N-29-7D-3,2014-08-25,YD,216,-118.191803,34.0177
SS-MEIR-N-29,SS-MEIR-N-29-8D-3,2014-08-25,YD,179,-118.191803,34.0177
SS-MEIR-N-29,SS-MEIR-N-29-9D-3-EZ,2014-08-25,YD,294,-118.191803,34.0177
SS-MEIR-N-30,SS-MEIR-N-30-10D-03,2014-09-03,YD,614,-118.190903,34.016998
SS-MEIR-N-30,SS-MEIR-N-30-1D-03,2014-09-03,YD,192,-118.190903,34.016998
SS-MEIR-N-30,SS-MEIR-N-30-2D-03,2014-09-03,YD,274,-118.190903,34.016998
SS-MEIR-N-30,SS-MEIR-N-30-3D-03,2014-09-03,YD,214,-118.190903,34.016998
SS-MEIR-N-30,SS-MEIR-N-30-4D-03,2014-09-03,YD,256,-118.190903,34.016998
SS-MEIR-N-30,SS-MEIR-N-30-5D-03,2014-09-03,YD,197,-118.190903,34.016998
SS-MEIR-N-30,SS-MEIR-N-30-6D-03,2014-09-03,YD,283,-118.190903,34.016998
SS-MEIR-N-30,SS-MEIR-N-30-7D-03,2014-09-03,YD,300,-118.190903,34.016998
SS-MEIR-N-30,SS-MEIR-N-30-8D-03,2014-09-03,YD,367,-118.190903,34.016998
SS-MEIR-N-30,SS-MEIR-N-30-9D-03,2014-09-03,YD,339,-118.190903,34.016998
SS-MEIR-N-30,SS-MEIR-N-30-DZ-1D-03,2014-09-03,DL,284,-118.190903,34.016998
SS-MEIR-N-30,SS-MEIR-N-30-DZ-2D-03,2014-09-03,DL,868,-118.190903,34.016998
SS-MEIR-N-30,SS-MEIR-N-30-DZ-3D-03,2014-09-03,DL,434,-118.190903,34.016998
SS-MEIR-N-31,SS-MEIR-N-31-10D-03,2014-09-05,YD,146,-118.192497,34.0182
SS-MEIR-N-31,SS-MEIR-N-31-1D-03,2014-09-05,YD,144,-118.192497,34.0182
SS-MEIR-N-31,SS-MEIR-N-31-2D-03,2014-09-05,YD,127,-118.192497,34.0182
SS-MEIR-N-31,SS-MEIR-N-31-3D-03,2014-09-05,YD,162,-118.192497,34.0182
SS-MEIR-N-31,SS-MEIR-N-31-4D-03,2014-09-05,YD,107,-118.192497,34.0182
SS-MEIR-N-31,SS-MEIR-N-31-5D-03,2014-09-05,YD,137,-118.192497,34.0182
SS-MEIR-N-31,SS-MEIR-N-31-6D-03,2014-09-05,YD,154,-118.192497,34.0182
SS-MEIR-N-31,SS-MEIR-N-31-7D-03,2014-09-05,YD,156,-118.192497,34.0182
SS-MEIR-N-31,SS-MEIR-N-31-8D-03,2014-09-05,YD,195,-118.192497,34.0182
SS-MEIR-N-31,SS-MEIR-N-31-9D-03,2014-09-05,YD,150,-118.192497,34.0182
SS-MEIR-N-31,SS-MEIR-N-31-DZ-1D-03,2014-09-05,DL,549,-118.192497,34.0182
SS-MEIR-N-32,SS-MEIR-N-32-10D-03-EZ,2014-09-26,YD,334,-118.191002,34.0173
SS-MEIR-N-32,SS-MEIR-N-32-1D-03,2014-09-26,YD,161,-118.191002,34.0173
SS-MEIR-N-32,SS-MEIR-N-32-2D-03,2014-09-26,YD,244,-118.191002,34.0173
SS-MEIR-N-32,SS-MEIR-N-32-3D-03,2014-09-26,YD,303,-118.191002,34.0173
SS-MEIR-N-32,SS-MEIR-N-32-4D-03-EZ,2014-09-26,YD,139,-118.191002,34.0173
SS-MEIR-N-32,SS-MEIR-N-32-5D-03-EZ,2014-09-26,YD,162,-118.191002,34.0173
SS-MEIR-N-32,SS-MEIR-N-32-6D-03-EZ,2014-09-26,YD,171,-118.191002,34.0173
SS-MEIR-N-32,SS-MEIR-N-32-7D-03-EZ,2014-09-26,YD,267,-118.191002,34.0173
SS-MEIR-N-32,SS-MEIR-N-32-8D-03-EZ,2014-09-26,YD,267,-118.191002,34.0173
SS-MEIR-N-32,SS-MEIR-N-32-9D-03-EZ,2014-09-26,YD,201,-118.191002,34.0173
SS-MEIR-N-32,SS-MEIR-N-32-DZ-1D-03,2014-09-26,DL,188,-118.191002,34.0173
SS-MEIR-N-33,SS-MEIR-N-33-10D-03,2014-09-27,YD,282,-118.190903,34.018299
SS-MEIR-N-33,SS-MEIR-N-33-1D-03,2014-09-27,YD,169,-118.190903,34.018299
SS-MEIR-N-33,SS-MEIR-N-33-2D-03,2014-09-27,YD,140,-118.190903,34.018299
SS-MEIR-N-33,SS-MEIR-N-33-3D-03,2014-09-27,YD,194,-118.190903,34.018299
SS-MEIR-N-33,SS-MEIR-N-33-4D-03,2014-09-27,YD,137,-118.190903,34.018299
SS-MEIR-N-33,SS-MEIR-N-33-5D-03,2014-09-27,YD,187,-118.190903,34.018299
SS-MEIR-N-33,SS-MEIR-N-33-6D-03,2014-09-27,YD,198,-118.190903,34.018299
SS-MEIR-N-33,SS-MEIR-N-33-7D-03,2014-09-27,YD,153,-118.190903,34.018299
SS-MEIR-N-33,SS-MEIR-N-33-8D-03,2014-09-27,YD,152,-118.190903,34.018299
SS-MEIR-N-33,SS-MEIR-N-33-9D-03,2014-09-27,YD,201,-118.190903,34.018299
SS-MEIR-N-33,SS-MEIR-N-33-DS-1D-03,2014-09-27,DL,327,-118.190903,34.018299
SS-MEIR-N-33,SS-MEIR-N-33-DZ-1D-03,2014-09-27,DL,326,-118.190903,34.018299
SS-MEIR-N-33,SS-MEIR-N-33-DZ-2D-03,2014-09-27,DL,186,-118.190903,34.018299
SS-MEIR-N-34,SS-MEIR-N-34-10D-03,2014-10-01,YD,253,-118.192072,34.017522
SS-MEIR-N-34,SS-MEIR-N-34-1D-03,2014-10-01,YD,195,-118.192145,34.017585
SS-MEIR-N-34,SS-MEIR-N-34-2D-03,2014-10-01,YD,347,-118.192149,34.017573
SS-MEIR-N-34,SS-MEIR-N-34-3D-03-EZ,2014-10-01,YD,212,-118.192151,34.017555
SS-MEIR-N-34,SS-MEIR-N-34-3D-03D-EZ,2014-10-01,YD,208,-118.192151,34.017555
SS-MEIR-N-34,SS-MEIR-N-34-4D-03-EZ,2014-10-01,YD,157,-118.19215,34.017539
SS-MEIR-N-34,SS-MEIR-N-34-5D-03-EZ,2014-10-01,YD,163,-118.192144,34.017529
SS-MEIR-N-34,SS-MEIR-N-34-6D-03-EZ,2014-10-01,YD,189,-118.192127,34.017528
SS-MEIR-N-34,SS-MEIR-N-34-7D-03,2014-10-01,YD,713,-118.192104,34.017528
SS-MEIR-N-34,SS-MEIR-N-34-8D-03,2014-10-01,YD,130,-118.192092,34.017528
SS-MEIR-N-34,SS-MEIR-N-34-9D-03,2014-10-01,YD,216,-118.192079,34.017528
SS-MEIR-N-34,SS-MEIR-N-34-DZ-1D-03,2014-10-01,DL,147,-118.19203,34.017534
SS-MEIR-N-35,SS-MEIR-N-35-10D-03-EZ,2014-10-07,YD,500,-118.191902,34.018101
SS-MEIR-N-35,SS-MEIR-N-35-1D-03,2014-10-07,YD,330,-118.191902,34.018101
SS-MEIR-N-35,SS-MEIR-N-35-2D-03,2014-10-07,YD,262,-118.191902,34.018101
SS-MEIR-N-35,SS-MEIR-N-35-3D-03,2014-10-07,YD,244,-118.191902,34.018101
SS-MEIR-N-35,SS-MEIR-N-35-4D-03,2014-10-07,YD,502,-118.191902,34.018101
SS-MEIR-N-35,SS-MEIR-N-35-5D-03,2014-10-07,YD,370,-118.191902,34.018101
SS-MEIR-N-35,SS-MEIR-N-35-6D-03,2014-10-07,YD,606,-118.191902,34.018101
SS-MEIR-N-35,SS-MEIR-N-35-7D-03,2014-10-07,YD,294,-118.191902,34.018101
SS-MEIR-N-35,SS-MEIR-N-35-8D-03-EZ,2014-10-07,YD,861,-118.191902,34.018101
SS-MEIR-N-35,SS-MEIR-N-35-9D-03-EZ,2014-10-07,YD,445,-118.191902,34.018101
SS-MEIR-N-35,SS-MEIR-N-35-DZ-1D-03,2014-10-07,DL,491,-118.191902,34.018101
SS-MEIR-N-35,SS-MEIR-N-35-DZ-2D-03,2014-10-07,DL,425,-118.191902,34.018101
SS-MEIR-N-35,SS-MEIR-N-35-DZ-3D-03,2014-10-07,DL,75.5,-118.191902,34.018101
SS-MEIR-N-36,SS-MEIR-N-36-10D-03,2014-10-07,YD,153,-118.191498,34.017899
SS-MEIR-N-36,SS-MEIR-N-36-1D-03,2014-10-07,YD,146,-118.191498,34.017899
SS-MEIR-N-36,SS-MEIR-N-36-2D-03,2014-10-07,YD,130,-118.191498,34.017899
SS-MEIR-N-36,SS-MEIR-N-36-3D-03,2014-10-07,YD,130,-118.191498,34.017899
SS-MEIR-N-36,SS-MEIR-N-36-4D-03,2014-10-07,YD,161,-118.191498,34.017899
SS-MEIR-N-36,SS-MEIR-N-36-5D-03,2014-10-07,YD,150,-118.191498,34.017899
SS-MEIR-N-36,SS-MEIR-N-36-6D-03,2014-10-07,YD,140,-118.191498,34.017899
SS-MEIR-N-36,SS-MEIR-N-36-7D-03,2014-10-07,YD,145,-118.191498,34.017899
SS-MEIR-N-36,SS-MEIR-N-36-8D-03,2014-10-07,YD,142,-118.191498,34.017899
SS-MEIR-N-36,SS-MEIR-N-36-9D-03,2014-10-07,YD,149,-118.191498,34.017899
SS-MEIR-N-37,SS-MEIR-N-37-10D-03,2014-10-10,YD,527,-118.191498,34.0173
SS-MEIR-N-37,SS-MEIR-N-37-1D-03,2014-10-10,YD,187,-118.191498,34.0173
SS-MEIR-N-37,SS-MEIR-N-37-2D-03,2014-10-10,YD,193,-118.191498,34.0173
SS-MEIR-N-37,SS-MEIR-N-37-3D-03,2014-10-10,YD,152,-118.191498,34.0173
SS-MEIR-N-37,SS-MEIR-N-37-4D-03,2014-10-10,YD,176,-118.191498,34.0173
SS-MEIR-N-37,SS-MEIR-N-37-5D-03,2014-10-10,YD,166,-118.191498,34.0173
SS-MEIR-N-37,SS-MEIR-N-37-6D-03,2014-10-10,YD,323,-118.191498,34.0173
SS-MEIR-N-37,SS-MEIR-N-37-7D-03,2014-10-10,YD,719,-118.191498,34.0173
SS-MEIR-N-37,SS-MEIR-N-37-8D-03,2014-10-10,YD,478,-118.191498,34.0173
SS-MEIR-N-37,SS-MEIR-N-37-9D-03,2014-10-10,YD,202,-118.191498,34.0173
SS-MEIR-N-37,SS-MEIR-N-37-DZ-1D-03,2014-10-10,DL,690,-118.191498,34.0173
SS-MEIR-N-37,SS-MEIR-N-37-DZ-2D-03,2014-10-10,DL,660,-118.191498,34.0173
SS-MEIR-N-37,SS-MEIR-N-37-DZ-3D-03,2014-10-10,DL,592,-118.191498,34.0173
SS-MEIR-N-37,SS-MEIR-N-37-DZ-4D-03,2014-10-10,DL,309,-118.191498,34.0173
SS-MEIR-N-38,SS-MEIR-N-38-10D-03,2014-10-21,YD,730,-118.192497,34.0177
SS-MEIR-N-38,SS-MEIR-N-38-1D-03,2014-10-21,YD,198,-118.192497,34.0177
SS-MEIR-N-38,SS-MEIR-N-38-2D-03,2014-10-21,YD,160,-118.192497,34.0177
SS-MEIR-N-38,SS-MEIR-N-38-3D-03,2014-10-21,YD,157,-118.192497,34.0177
SS-MEIR-N-38,SS-MEIR-N-38-4D-03,2014-10-21,YD,169,-118.192497,34.0177
SS-MEIR-N-38,SS-MEIR-N-38-5D-03,2014-10-21,YD,129,-118.192497,34.0177
SS-MEIR-N-38,SS-MEIR-N-38-6D-03,2014-10-21,YD,535,-118.192497,34.0177
SS-MEIR-N-38,SS-MEIR-N-38-7D-03,2014-10-21,YD,952,-118.192497,34.0177
SS-MEIR-N-38,SS-MEIR-N-38-8D-03,2014-10-21,YD,877,-118.192497,34.0177
SS-MEIR-N-38,SS-MEIR-N-38-9D-03,2014-10-21,YD,930,-118.192497,34.0177
SS-MEIR-N-38,SS-MEIR-N-38-DZ-1D-03,2014-10-21,DL,293,-118.192497,34.0177
SS-MEIR-N-38,SS-MEIR-N-38-DZ-2D-03,2014-10-21,DL,1350,-118.192497,34.0177
SS-MEIR-N-38,SS-MEIR-N-38-DZ-3D-03,2014-10-21,DL,663,-118.192497,34.0177
SS-MEIR-N-39,SS-MEIR-N-39-1D-03-EZ,2014-10-21,YD,318,-118.193497,34.0186
SS-MEIR-N-39,SS-MEIR-N-39-2D-03-EZ,2014-10-21,YD,479,-118.193497,34.0186
SS-MEIR-N-39,SS-MEIR-N-39-3D-03-EZ,2014-10-21,YD,583,-118.193497,34.0186
SS-MEIR-N-39,SS-MEIR-N-39-3D-03D-EZ,2014-10-21,YD,361,-118.193497,34.0186
SS-MEIR-N-39,SS-MEIR-N-39-4D-03-EZ,2014-10-21,YD,527,-118.193497,34.0186
SS-MEIR-N-39,SS-MEIR-N-39-5D-03-EZ,2014-10-21,YD,696,-118.193497,34.0186
SS-MEIR-N-40,SS-MEIR-N-40-10D-03,2014-10-29,YD,345,-118.191902,34.017799
SS-MEIR-N-40,SS-MEIR-N-40-1D-03,2014-10-29,YD,347,-118.191902,34.017799
SS-MEIR-N-40,SS-MEIR-N-40-2D-03,2014-10-29,YD,302,-118.191902,34.017799
SS-MEIR-N-40,SS-MEIR-N-40-3D-03,2014-10-29,YD,218,-118.191902,34.017799
SS-MEIR-N-40,SS-MEIR-N-40-4D-03,2014-10-29,YD,200,-118.191902,34.017799
SS-MEIR-N-40,SS-MEIR-N-40-5D-03,2014-10-29,YD,538,-118.191902,34.017799
SS-MEIR-N-40,SS-MEIR-N-40-6D-03,2014-10-29,YD,506,-118.191902,34.017799
SS-MEIR-N-40,SS-MEIR-N-40-7D-03,2014-10-29,YD,547,-118.191902,34.017799
SS-MEIR-N-40,SS-MEIR-N-40-8D-03,2014-10-29,YD,289,-118.191902,34.017799
SS-MEIR-N-40,SS-MEIR-N-40-9D-03,2014-10-29,YD,537,-118.191902,34.017799
SS-MEIR-N-40,SS-MEIR-N-40-DZ-1D-03,2014-10-29,DL,447,-118.191902,34.017799
SS-MEIR-N-41,SS-MEIR-N-41-10D-03,2014-10-22,YD,276,-118.191702,34.016904
SS-MEIR-N-41,SS-MEIR-N-41-1D-03,2014-10-22,YD,164,-118.191307,34.016883
SS-MEIR-N-41,SS-MEIR-N-41-2D-03,2014-10-22,YD,361,-118.191353,34.016882
SS-MEIR-N-41,SS-MEIR-N-41-3D-03,2014-10-22,YD,251,-118.191332,34.016907
SS-MEIR-N-41,SS-MEIR-N-41-4D-03,2014-10-22,YD,179,-118.191305,34.016932
SS-MEIR-N-41,SS-MEIR-N-41-5D-03,2014-10-22,YD,322,-118.19135,34.016934
SS-MEIR-N-41,SS-MEIR-N-41-6D-03,2014-10-22,YD,206,-118.191672,34.01688
SS-MEIR-N-41,SS-MEIR-N-41-7D-03,2014-10-22,YD,215,-118.191694,34.016885
SS-MEIR-N-41,SS-MEIR-N-41-8D-03,2014-10-22,YD,164,-118.191678,34.016897
SS-MEIR-N-41,SS-MEIR-N-41-9D-03,2014-10-22,YD,217,-118.191669,34.016908
SS-MEIR-N-41,SS-MEIR-N-41-DZ-1D-03,2014-10-22,DL,212,-118.191365,34.016935
SS-MEIR-N-41,SS-MEIR-N-41-DZ-2D-03,2014-10-22,DL,222,-118.191408,34.016872
SS-MEIR-N-41,SS-MEIR-N-41-DZ-3D-03,2014-10-22,DL,238,-118.191526,34.016906
SS-MEIR-N-42,SS-MEIR-N-42-10D-03,2014-10-23,YD,409,-118.191312,34.017046
SS-MEIR-N-42,SS-MEIR-N-42-1D-03,2014-10-23,YD,316,-118.191306,34.016996
SS-MEIR-N-42,SS-MEIR-N-42-2D-03,2014-10-23,YD,297,-118.191305,34.017007
SS-MEIR-N-42,SS-MEIR-N-42-3D-03,2014-10-23,YD,382,-118.191304,34.01702
SS-MEIR-N-42,SS-MEIR-N-42-4D-03,2014-10-23,YD,473,-118.191304,34.017033
SS-MEIR-N-42,SS-MEIR-N-42-5D-03,2014-10-23,YD,359,-118.191304,34.017047
SS-MEIR-N-42,SS-MEIR-N-42-6D-03,2014-10-23,YD,315,-118.191319,34.016996
SS-MEIR-N-42,SS-MEIR-N-42-7D-03,2014-10-23,YD,365,-118.191319,34.017007
SS-MEIR-N-42,SS-MEIR-N-42-8D-03,2014-10-23,YD,517,-118.191316,34.01702
SS-MEIR-N-42,SS-MEIR-N-42-9D-03,2014-10-23,YD,386,-118.191315,34.017034
SS-MEIR-N-42,SS-MEIR-N-42-DZ-1D-03,2014-10-23,DL,494,-118.19134,34.017008
SS-MEIR-N-42,SS-MEIR-N-42-DZ-2D-03,2014-10-23,DL,263,-118.191394,34.01698
SS-MEIR-N-43,SS-MEIR-N-43-10D-03,2014-10-31,YD,29,-118.191498,34.017799
SS-MEIR-N-43,SS-MEIR-N-43-1D-03,2014-10-31,YD,23.8,-118.191498,34.017799
SS-MEIR-N-43,SS-MEIR-N-43-2D-03,2014-10-31,YD,39.7,-118.191498,34.017799
SS-MEIR-N-43,SS-MEIR-N-43-3D-03,2014-10-31,YD,24.7,-118.191498,34.017799
SS-MEIR-N-43,SS-MEIR-N-43-4D-03,2014-10-31,YD,8.950000000000001,-118.191498,34.017799
SS-MEIR-N-43,SS-MEIR-N-43-5D-03,2014-10-31,YD,24.7,-118.191498,34.017799
SS-MEIR-N-43,SS-MEIR-N-43-6D-03,2014-10-31,YD,21.5,-118.191498,34.017799
SS-MEIR-N-43,SS-MEIR-N-43-8D-03,2014-10-31,YD,46.2,-118.191498,34.017799
SS-MEIR-N-43,SS-MEIR-N-43-9D-03,2014-10-31,YD,46.2,-118.191498,34.017799
SS-MEIR-N-44,SS-MEIR-N-44-10D-03,2014-10-24,YD,284,-118.192902,34.0177
SS-MEIR-N-44,SS-MEIR-N-44-1D-03,2014-10-24,YD,334,-118.192902,34.0177
SS-MEIR-N-44,SS-MEIR-N-44-2D-03,2014-10-24,YD,366,-118.192902,34.0177
SS-MEIR-N-44,SS-MEIR-N-44-3D-03,2014-10-24,YD,419,-118.192902,34.0177
SS-MEIR-N-44,SS-MEIR-N-44-4D-03,2014-10-24,YD,410,-118.192902,34.0177
SS-MEIR-N-44,SS-MEIR-N-44-5D-03,2014-10-24,YD,366,-118.192902,34.0177
SS-MEIR-N-44,SS-MEIR-N-44-6D-03,2014-10-24,YD,278,-118.192902,34.0177
SS-MEIR-N-44,SS-MEIR-N-44-7D-03,2014-10-24,YD,356,-118.192902,34.0177
SS-MEIR-N-44,SS-MEIR-N-44-8D-03,2014-10-24,YD,255,-118.192902,34.0177
SS-MEIR-N-44,SS-MEIR-N-44-9D-03,2014-10-24,YD,291,-118.192902,34.0177
SS-MEIR-N-44,SS-MEIR-N-44-DZ-1D-03,2014-10-24,DL,377,-118.192902,34.0177
SS-MEIR-N-45,SS-MEIR-N-45-10D-03,2014-10-24,YD,318,-118.193497,34.0172
SS-MEIR-N-45,SS-MEIR-N-45-1D-03,2014-10-24,YD,205,-118.193497,34.0172
SS-MEIR-N-45,SS-MEIR-N-45-2D-03,2014-10-24,YD,180,-118.193497,34.0172
SS-MEIR-N-45,SS-MEIR-N-45-3D-03,2014-10-24,YD,165,-118.193497,34.0172
SS-MEIR-N-45,SS-MEIR-N-45-4D-03,2014-10-24,YD,193,-118.193497,34.0172
SS-MEIR-N-45,SS-MEIR-N-45-5D-03,2014-10-24,YD,254,-118.193497,34.0172
SS-MEIR-N-45,SS-MEIR-N-45-6D-03,2014-10-24,YD,268,-118.193497,34.0172
SS-MEIR-N-45,SS-MEIR-N-45-7D-03,2014-10-24,YD,208,-118.193497,34.0172
SS-MEIR-N-45,SS-MEIR-N-45-8D-03,2014-10-24,YD,205,-118.193497,34.0172
SS-MEIR-N-45,SS-MEIR-N-45-9D-03,2014-10-24,YD,227,-118.193497,34.0172
SS-MEIR-N-45,SS-MEIR-N-45-DZ-1D-03,2014-10-24,DL,473,-118.193497,34.0172
SS-MEIR-N-46,SS-MEIR-N-46-10D-03,2014-10-30,YD,96.8,-118.191735,34.018207
SS-MEIR-N-46,SS-MEIR-N-46-1D-03,2014-10-30,YD,75.3,-118.19213,34.01824
SS-MEIR-N-46,SS-MEIR-N-46-2D-03,2014-10-30,YD,79.3,-118.192103,34.01824
SS-MEIR-N-46,SS-MEIR-N-46-3D-03,2014-10-30,YD,101,-118.192072,34.01824
SS-MEIR-N-46,SS-MEIR-N-46-4D-03,2014-10-30,YD,126,-118.192027,34.018239
SS-MEIR-N-46,SS-MEIR-N-46-5D-03,2014-10-30,YD,66.3,-118.191975,34.018239
SS-MEIR-N-46,SS-MEIR-N-46-6D-03,2014-10-30,YD,73.8,-118.192135,34.018208
SS-MEIR-N-46,SS-MEIR-N-46-7D-03,2014-10-30,YD,83.9,-118.192106,34.018205
SS-MEIR-N-46,SS-MEIR-N-46-8D-03,2014-10-30,YD,188,-118.192075,34.018205
SS-MEIR-N-46,SS-MEIR-N-46-9D-03,2014-10-30,YD,176,-118.192024,34.018203
SS-MEIR-N-46,SS-MEIR-N-46-DZ-1D-03,2014-10-30,DL,71.2,-118.191952,34.018256
SS-MEIR-N-47,SS-MEIR-N-47-10D-03,2014-10-27,YD,462,-118.192902,34.0173
SS-MEIR-N-47,SS-MEIR-N-47-1D-03,2014-10-27,YD,217,-118.192902,34.0173
SS-MEIR-N-47,SS-MEIR-N-47-2D-03,2014-10-27,YD,296,-118.192902,34.0173
SS-MEIR-N-47,SS-MEIR-N-47-3D-03,2014-10-27,YD,283,-118.192902,34.0173
SS-MEIR-N-47,SS-MEIR-N-47-4D-03,2014-10-27,YD,293,-118.192902,34.0173
SS-MEIR-N-47,SS-MEIR-N-47-5D-03,2014-10-27,YD,288,-118.192902,34.0173
SS-MEIR-N-47,SS-MEIR-N-47-6D-03,2014-10-27,YD,181,-118.192902,34.0173
SS-MEIR-N-47,SS-MEIR-N-47-7D-03,2014-10-27,YD,362,-118.192902,34.0173
SS-MEIR-N-47,SS-MEIR-N-47-8D-03,2014-10-27,YD,334,-118.192902,34.0173
SS-MEIR-N-47,SS-MEIR-N-47-9D-03,2014-10-27,YD,310,-118.192902,34.0173
SS-MEIR-N-47,SS-MEIR-N-47-DZ-1D-03,2014-10-27,DL,311,-118.192902,34.0173
SS-MEIR-N-47,SS-MEIR-N-47-DZ-2D-03,2014-10-27,DL,434,-118.192902,34.0173
SS-MEIR-N-47,SS-MEIR-N-47-DZ-3D-03,2014-10-27,DL,383,-118.192902,34.0173
SS-MEIR-N-48,SS-MEIR-N-48-10D-03-EZ,2014-10-27,YD,520,-118.190903,34.0177
SS-MEIR-N-48,SS-MEIR-N-48-1D-03,2014-10-27,YD,219,-118.190903,34.0177
SS-MEIR-N-48,SS-MEIR-N-48-2D-03,2014-10-27,YD,493,-118.190903,34.0177
SS-MEIR-N-48,SS-MEIR-N-48-3D-03,2014-10-27,YD,208,-118.190903,34.0177
SS-MEIR-N-48,SS-MEIR-N-48-4D-03,2014-10-27,YD,283,-118.190903,34.0177
SS-MEIR-N-48,SS-MEIR-N-48-5D-03,2014-10-27,YD,402,-118.190903,34.0177
SS-MEIR-N-48,SS-MEIR-N-48-6D-03-EZ,2014-10-27,YD,536,-118.190903,34.0177
SS-MEIR-N-48,SS-MEIR-N-48-7D-03-EZ,2014-10-27,YD,930,-118.190903,34.0177
SS-MEIR-N-48,SS-MEIR-N-48-8D-03-EZ,2014-10-27,YD,567,-118.190903,34.0177
SS-MEIR-N-48,SS-MEIR-N-48-9D-03-EZ,2014-10-27,YD,792,-118.190903,34.0177
SS-MEIR-N-48,SS-MEIR-N-48-DZ-1D-03,2014-10-27,DL,809,-118.190903,34.0177
SS-MEIR-N-49,SS-MEIR-N-49-10D-03,2014-10-28,YD,594,-118.192902,34.017799
SS-MEIR-N-49,SS-MEIR-N-49-1D-03,2014-10-28,YD,321,-118.192902,34.017799
SS-MEIR-N-49,SS-MEIR-N-49-2D-03,2014-10-28,YD,276,-118.192902,34.017799
SS-MEIR-N-49,SS-MEIR-N-49-3D-03,2014-10-28,YD,277,-118.192902,34.017799
SS-MEIR-N-49,SS-MEIR-N-49-4D-03,2014-10-28,YD,334,-118.192902,34.017799
SS-MEIR-N-49,SS-MEIR-N-49-5D-03,2014-10-28,YD,378,-118.192902,34.017799
SS-MEIR-N-49,SS-MEIR-N-49-6D-03,2014-10-28,YD,525,-118.192902,34.017799
SS-MEIR-N-49,SS-MEIR-N-49-7D-03,2014-10-28,YD,332,-118.192902,34.017799
SS-MEIR-N-49,SS-MEIR-N-49-8D-03,2014-10-28,YD,424,-118.192902,34.017799
SS-MEIR-N-49,SS-MEIR-N-49-9D-03,2014-10-28,YD,419,-118.192902,34.017799
SS-MEIR-N-49,SS-MEIR-N-49-DZ-1D-03,2014-10-28,DL,316,-118.192902,34.017799
SS-MEIR-N-50,SS-MEIR-N-50-10D-03,2014-10-29,YD,283,-118.192596,34.018002
SS-MEIR-N-50,SS-MEIR-N-50-1D-03,2014-10-29,YD,367,-118.192596,34.018002
SS-MEIR-N-50,SS-MEIR-N-50-2D-03,2014-10-29,YD,297,-118.192596,34.018002
SS-MEIR-N-50,SS-MEIR-N-50-3D-03,2014-10-29,YD,243,-118.192596,34.018002
SS-MEIR-N-50,SS-MEIR-N-50-4D-03,2014-10-29,YD,349,-118.192596,34.018002
SS-MEIR-N-50,SS-MEIR-N-50-5D-03,2014-10-29,YD,442,-118.192596,34.018002
SS-MEIR-N-50,SS-MEIR-N-50-6D-03,2014-10-29,YD,288,-118.192596,34.018002
SS-MEIR-N-50,SS-MEIR-N-50-7D-03,2014-10-29,YD,366,-118.192596,34.018002
SS-MEIR-N-50,SS-MEIR-N-50-8D-03,2014-10-29,YD,211,-118.192596,34.018002
SS-MEIR-N-50,SS-MEIR-N-50-9D-03,2014-10-29,YD,408,-118.192596,34.018002
SS-MEIR-N-50,SS-MEIR-N-50-DZ-1D-03,2014-10-29,DL,783,-118.192596,34.018002
SS-MEIR-N-50,SS-MEIR-N-50-DZ-2D-03,2014-10-29,DL,305,-118.192596,34.018002
SS-MEIR-N-51,SS-MEIR-N-51-10D-03,2014-10-29,YD,285,-118.192497,34.017799
SS-MEIR-N-51,SS-MEIR-N-51-1D-03,2014-10-29,YD,143,-118.192497,34.017799
SS-MEIR-N-51,SS-MEIR-N-51-2D-03,2014-10-29,YD,133,-118.192497,34.017799
SS-MEIR-N-51,SS-MEIR-N-51-3D-03,2014-10-29,YD,125,-118.192497,34.017799
SS-MEIR-N-51,SS-MEIR-N-51-4D-03,2014-10-29,YD,237,-118.192497,34.017799
SS-MEIR-N-51,SS-MEIR-N-51-5D-03,2014-10-29,YD,253,-118.192497,34.017799
SS-MEIR-N-51,SS-MEIR-N-51-6D-03,2014-10-29,YD,294,-118.192497,34.017799
SS-MEIR-N-51,SS-MEIR-N-51-7D-03,2014-10-29,YD,233,-118.192497,34.017799
SS-MEIR-N-51,SS-MEIR-N-51-8D-03,2014-10-29,YD,189,-118.192497,34.017799
SS-MEIR-N-51,SS-MEIR-N-51-9D-03,2014-10-29,YD,197,-118.192497,34.017799
SS-MEIR-N-52,SS-MEIR-N-52-10D-03,2014-10-30,YD,515,-118.192123,34.017156
SS-MEIR-N-52,SS-MEIR-N-52-1D-03,2014-10-30,YD,711,-118.192019,34.017192
SS-MEIR-N-52,SS-MEIR-N-52-2D-03,2014-10-30,YD,204,-118.192006,34.017192
SS-MEIR-N-52,SS-MEIR-N-52-3D-03,2014-10-30,YD,601,-118.192001,34.017192
SS-MEIR-N-52,SS-MEIR-N-52-4D-03,2014-10-30,YD,1190,-118.191988,34.017193
SS-MEIR-N-52,SS-MEIR-N-52-5D-03,2014-10-30,YD,1040,-118.191964,34.017193
SS-MEIR-N-52,SS-MEIR-N-52-6D-03,2014-10-30,YD,934,-118.191955,34.017193
SS-MEIR-N-52,SS-MEIR-N-52-7D-03,2014-10-30,YD,1130,-118.191925,34.017193
SS-MEIR-N-52,SS-MEIR-N-52-8D-03,2014-10-30,YD,1250,-118.191905,34.017193
SS-MEIR-N-52,SS-MEIR-N-52-9D-03,2014-10-30,YD,798,-118.191897,34.017194
SS-MEIR-N-52,SS-MEIR-N-52-DZ-1D-03,2014-10-30,DL,446,-118.192004,34.017108
SS-MEIR-N-52,SS-MEIR-N-52-DZ-2D-03,2014-10-30,DL,1670,-118.191958,34.01717
SS-MEIR-N-52,SS-MEIR-N-52-DZ-3D-03,2014-10-30,DL,739,-118.192001,34.017088
SS-MEIR-N-53,SS-MEIR-N-53-10D-03,2014-12-23,YD,405,-118.192695,34.018078
SS-MEIR-N-53,SS-MEIR-N-53-1D-03,2014-12-23,YD,465,-118.192694,34.018068
SS-MEIR-N-53,SS-MEIR-N-53-2D-03,2014-12-23,YD,457,-118.192725,34.01807
SS-MEIR-N-53,SS-MEIR-N-53-3D-03,2014-12-23,YD,1430,-118.192693,34.018091
SS-MEIR-N-53,SS-MEIR-N-53-4D-03,2014-12-23,YD,542,-118.192722,34.018092
SS-MEIR-N-53,SS-MEIR-N-53-5D-03,2014-12-23,YD,755,-118.19272,34.018108
SS-MEIR-N-53,SS-MEIR-N-53-6D-03,2014-12-23,YD,513,-118.192719,34.018123
SS-MEIR-N-53,SS-MEIR-N-53-7D-03,2014-12-23,YD,446,-118.192717,34.018135
SS-MEIR-N-53,SS-MEIR-N-53-8D-03,2014-12-23,YD,285,-118.192715,34.018151
SS-MEIR-N-53,SS-MEIR-N-53-9D-03,2014-12-23,YD,329,-118.192696,34.018149
SS-MEIR-N-53,SS-MEIR-N-53-DZ-1D-03,2014-12-23,DL,429,-118.192423,34.018113
SS-MEIR-N-54,SS-MEIR-N-54-10D-03,2015-01-05,YD,239,-118.191068,34.017625
SS-MEIR-N-54,SS-MEIR-N-54-1D-03,2015-01-05,YD,254,-118.191157,34.017609
SS-MEIR-N-54,SS-MEIR-N-54-2D-03,2015-01-05,YD,271,-118.191138,34.017608
SS-MEIR-N-54,SS-MEIR-N-54-3D-03,2015-01-05,YD,255,-118.191116,34.017607
SS-MEIR-N-54,SS-MEIR-N-54-4D-03,2015-01-05,YD,204,-118.191159,34.017588
SS-MEIR-N-54,SS-MEIR-N-54-5D-03,2015-01-05,YD,284,-118.191136,34.017586
SS-MEIR-N-54,SS-MEIR-N-54-6D-03,2015-01-05,YD,298,-118.191159,34.017563
SS-MEIR-N-54,SS-MEIR-N-54-7D-03,2015-01-05,YD,413,-118.191148,34.017562
SS-MEIR-N-54,SS-MEIR-N-54-8D-03,2015-01-05,YD,343,-118.191156,34.017538
SS-MEIR-N-54,SS-MEIR-N-54-9D-03,2015-01-05,YD,239,-118.191146,34.017538
SS-MEIR-N-54,SS-MEIR-N-54-DZ-1D-03,2015-01-05,DL,257,-118.191093,34.017554
SS-MEIR-N-54,SS-MEIR-N-54-DZ-2D-03,2015-01-05,DL,150,-118.191085,34.017533
SS-MEIR-N-55,SS-MEIR-N-55-10D-03,2015-01-05,YD,446,-118.192775,34.018307
SS-MEIR-N-55,SS-MEIR-N-55-1D-03,2015-01-05,YD,172,-118.192924,34.018384
SS-MEIR-N-55,SS-MEIR-N-55-2D-03,2015-01-05,YD,221,-118.19289,34.018383
SS-MEIR-N-55,SS-MEIR-N-55-3D-03,2015-01-05,YD,195,-118.192861,34.018383
SS-MEIR-N-55,SS-MEIR-N-55-4D-03,2015-01-05,YD,373,-118.192775,34.018322
SS-MEIR-N-55,SS-MEIR-N-55-5D-03,2015-01-05,YD,398,-118.192761,34.018321
SS-MEIR-N-55,SS-MEIR-N-55-6D-03,2015-01-05,YD,345,-118.192773,34.018309
SS-MEIR-N-55,SS-MEIR-N-55-7D-03,2015-01-05,YD,290,-118.192777,34.018302
SS-MEIR-N-55,SS-MEIR-N-55-8D-03,2015-01-05,YD,413,-118.192762,34.018303
SS-MEIR-N-55,SS-MEIR-N-55-9D-03,2015-01-05,YD,476,-118.192896,34.018282
SS-MEIR-N-55,SS-MEIR-N-55-DZ-1D-03,2015-01-05,DL,528,-118.192867,34.018292
SS-MEIR-N-56,SS-MEIR-N-56-1D-03,2015-01-08,YD,423,-118.193497,34.0177
SS-MEIR-N-56,SS-MEIR-N-56-2D-03,2015-01-08,YD,362,-118.193497,34.0177
SS-MEIR-N-56,SS-MEIR-N-56-3D-03,2015-01-08,YD,388,-118.193497,34.0177
SS-MEIR-N-56,SS-MEIR-N-56-4D-03,2015-01-08,YD,458,-118.193497,34.0177
SS-MEIR-N-56,SS-MEIR-N-56-5D-03,2015-01-08,YD,448,-118.193497,34.0177
SS-MEIR-N-56,SS-MEIR-N-56-DZ-1D-03,2015-01-08,DL,103,-118.193497,34.0177
SS-MEIR-N-56,SS-MEIR-N-56-DZ-2D-03,2015-01-08,DL,126,-118.193497,34.0177
SS-MEIR-N-57,SS-MEIR-N-57-10D-03,2015-01-15,YD,658,-118.192497,34.017502
SS-MEIR-N-57,SS-MEIR-N-57-1D-03,2015-01-15,YD,466,-118.192497,34.017502
SS-MEIR-N-57,SS-MEIR-N-57-2D-03,2015-01-15,YD,253,-118.192497,34.017502
SS-MEIR-N-57,SS-MEIR-N-57-3D-03,2015-01-15,YD,283,-118.192497,34.017502
SS-MEIR-N-57,SS-MEIR-N-57-4D-03,2015-01-15,YD,407,-118.192497,34.017502
SS-MEIR-N-57,SS-MEIR-N-57-5D-03,2015-01-15,YD,26.2,-118.192497,34.017502
SS-MEIR-N-57,SS-MEIR-N-57-6D-03,2015-01-15,YD,136,-118.192497,34.017502
SS-MEIR-N-57,SS-MEIR-N-57-7D-03,2015-01-15,YD,96.6,-118.192497,34.017502
SS-MEIR-N-57,SS-MEIR-N-57-8D-03,2015-01-15,YD,415,-118.192497,34.017502
SS-MEIR-N-57,SS-MEIR-N-57-9D-03,2015-01-15,YD,235,-118.192497,34.017502
SS-MEIR-N-58,SS-MEIR-N-58-10D-03,2015-02-12,YD,602,-118.192751,34.016855
SS-MEIR-N-58,SS-MEIR-N-58-1D-03,2015-02-12,YD,168,-118.193108,34.016876
SS-MEIR-N-58,SS-MEIR-N-58-2D-03,2015-02-12,YD,336,-118.193082,34.016877
SS-MEIR-N-58,SS-MEIR-N-58-3D-03,2015-02-12,YD,269,-118.193092,34.016866
SS-MEIR-N-58,SS-MEIR-N-58-4D-03,2015-02-12,YD,196,-118.193108,34.016855
SS-MEIR-N-58,SS-MEIR-N-58-5D-03,2015-02-12,YD,234,-118.19308,34.016857
SS-MEIR-N-58,SS-MEIR-N-58-6D-03,2015-02-12,YD,1020,-118.192794,34.016874
SS-MEIR-N-58,SS-MEIR-N-58-7D-03,2015-02-12,YD,539,-118.192747,34.016874
SS-MEIR-N-58,SS-MEIR-N-58-8D-03,2015-02-12,YD,497,-118.192777,34.016868
SS-MEIR-N-58,SS-MEIR-N-58-9D-03,2015-02-12,YD,524,-118.192796,34.016854
SS-MEIR-N-58,SS-MEIR-N-58-DZ-1D-03,2015-02-12,DL,348,-118.193048,34.016875
SS-MEIR-N-58,SS-MEIR-N-58-DZ-2D-03,2015-02-12,DL,734,-118.192972,34.016948
SS-MEIR-N-58,SS-MEIR-N-58-DZ-3D-03,2015-02-12,DL,1650,-118.192989,34.016856
SS-MEIR-N-59,SS-MEIR-N-59-10D-03,2015-02-12,YD,682,-118.191676,34.017351
SS-MEIR-N-59,SS-MEIR-N-59-1D-03,2015-02-12,YD,105,-118.191291,34.01732
SS-MEIR-N-59,SS-MEIR-N-59-2D-03,2015-02-12,YD,152,-118.191326,34.017322
SS-MEIR-N-59,SS-MEIR-N-59-3D-03,2015-02-12,YD,235,-118.191312,34.017344
SS-MEIR-N-59,SS-MEIR-N-59-4D-03,2015-02-12,YD,34.7,-118.191299,34.017363
SS-MEIR-N-59,SS-MEIR-N-59-5D-03,2015-02-12,YD,154,-118.191333,34.017362
SS-MEIR-N-59,SS-MEIR-N-59-6D-03,2015-02-12,YD,576,-118.191622,34.017314
SS-MEIR-N-59,SS-MEIR-N-59-7D-03,2015-02-12,YD,743,-118.191686,34.017315
SS-MEIR-N-59,SS-MEIR-N-59-8D-03,2015-02-12,YD,359,-118.191641,34.017331
SS-MEIR-N-59,SS-MEIR-N-59-9D-03,2015-02-12,YD,505,-118.191627,34.017355
SS-MEIR-N-59,SS-MEIR-N-59-DZ-1D-03,2015-02-12,DL,55.6,-118.191341,34.017329
SS-MEIR-N-59,SS-MEIR-N-59-DZ-2D-03,2015-02-12,DL,46,-118.191361,34.017309
SS-MEIR-N-60,SS-MEIR-N-60-10D-03,2015-02-13,YD,302,-118.191369,34.018461
SS-MEIR-N-60,SS-MEIR-N-60-1D-03,2015-02-13,YD,211,-118.191302,34.018409
SS-MEIR-N-60,SS-MEIR-N-60-2D-03,2015-02-13,YD,165,-118.191346,34.018413
SS-MEIR-N-60,SS-MEIR-N-60-3D-03,2015-02-13,YD,196,-118.191324,34.018419
SS-MEIR-N-60,SS-MEIR-N-60-4D-03,2015-02-13,YD,181,-118.191299,34.018428
SS-MEIR-N-60,SS-MEIR-N-60-5D-03,2015-02-13,YD,194,-118.19135,34.018428
SS-MEIR-N-60,SS-MEIR-N-60-6D-03,2015-02-13,YD,164,-118.191301,34.018447
SS-MEIR-N-60,SS-MEIR-N-60-7D-03,2015-02-13,YD,208,-118.191368,34.018442
SS-MEIR-N-60,SS-MEIR-N-60-8D-03,2015-02-13,YD,264,-118.19133,34.018449
SS-MEIR-N-60,SS-MEIR-N-60-9D-03,2015-02-13,YD,288,-118.191307,34.018461
SS-MEIR-N-61,SS-MEIR-N-61-10D-03,2015-02-23,YD,304,-118.190842,34.018197
SS-MEIR-N-61,SS-MEIR-N-61-1D-03,2015-02-23,YD,141,-118.191146,34.018247
SS-MEIR-N-61,SS-MEIR-N-61-2D-03,2015-02-23,YD,214,-118.191124,34.018247
SS-MEIR-N-61,SS-MEIR-N-61-3D-03,2015-02-23,YD,165,-118.191127,34.01823
SS-MEIR-N-61,SS-MEIR-N-61-4D-03,2015-02-23,YD,133,-118.191146,34.018193
SS-MEIR-N-61,SS-MEIR-N-61-5D-03,2015-02-23,YD,383,-118.191115,34.018206
SS-MEIR-N-61,SS-MEIR-N-61-6D-03,2015-02-23,YD,546,-118.19087,34.018221
SS-MEIR-N-61,SS-MEIR-N-61-7D-03,2015-02-23,YD,384,-118.190839,34.018221
SS-MEIR-N-61,SS-MEIR-N-61-8D-03,2015-02-23,YD,308,-118.190859,34.018203
SS-MEIR-N-61,SS-MEIR-N-61-9D-03,2015-02-23,YD,259,-118.190872,34.018197
SS-MEIR-N-61,SS-MEIR-N-61-DZ-1D-03,2015-02-23,DL,184,-118.191069,34.018222
SS-MEIR-N-61,SS-MEIR-N-61-DZ-2D-03,2015-02-23,DL,379,-118.190902,34.018223
SS-MEIR-N-61,SS-MEIR-N-61-DZ-3D-03,2015-02-23,DL,854,-118.191015,34.018191
SS-MEIR-N-62,SS-MEIR-N-62-1D-03,2015-02-23,YD,271,-118.191283,34.016818
SS-MEIR-N-62,SS-MEIR-N-62-2D-03,2015-02-23,YD,215,-118.191283,34.016824
SS-MEIR-N-62,SS-MEIR-N-62-3D-03,2015-02-23,YD,187,-118.191282,34.016847
SS-MEIR-N-62,SS-MEIR-N-62-4D-03,2015-02-23,YD,197,-118.191288,34.016846
SS-MEIR-N-62,SS-MEIR-N-62-5D-03,2015-02-23,YD,199,-118.191297,34.016846
SS-MEIR-N-63,SS-MEIR-N-63-10D-03,2015-02-24,YD,495,-118.191699,34.018376
SS-MEIR-N-63,SS-MEIR-N-63-1D-03,2015-02-24,YD,266,-118.191351,34.018311
SS-MEIR-N-63,SS-MEIR-N-63-2D-03,2015-02-24,YD,155,-118.191398,34.01831
SS-MEIR-N-63,SS-MEIR-N-63-3D-03,2015-02-24,YD,441,-118.191327,34.01833
SS-MEIR-N-63,SS-MEIR-N-63-4D-03,2015-02-24,YD,86.8,-118.191389,34.018346
SS-MEIR-N-63,SS-MEIR-N-63-5D-03,2015-02-24,YD,333,-118.191364,34.018363
SS-MEIR-N-63,SS-MEIR-N-63-6D-03,2015-02-24,YD,360,-118.191634,34.018314
SS-MEIR-N-63,SS-MEIR-N-63-7D-03,2015-02-24,YD,436,-118.191664,34.018313
SS-MEIR-N-63,SS-MEIR-N-63-8D-03,2015-02-24,YD,808,-118.191698,34.018313
SS-MEIR-N-63,SS-MEIR-N-63-9D-03,2015-02-24,YD,1950,-118.191698,34.018345
SS-MEIR-N-63,SS-MEIR-N-63-DZ-1D-03,2015-02-24,DL,471,-118.191442,34.018355
SS-MEIR-N-63,SS-MEIR-N-63-DZ-2D-03,2015-02-24,DL,260,-118.191544,34.0183
SS-MEIR-N-63,SS-MEIR-N-63-DZ-3D-03,2015-02-24,DL,708,-118.191605,34.018323
SS-MEIR-N-63,SS-MEIR-N-63-DZ-4D-03,2015-02-24,DL,113,-118.191469,34.01838
SS-MEIR-N-64,SS-MEIR-N-64-10D-03,2015-02-24,YD,137,-118.19352,34.018492
SS-MEIR-N-64,SS-MEIR-N-64-1D-03,2015-02-24,YD,238,-118.193342,34.018416
SS-MEIR-N-64,SS-MEIR-N-64-2D-03,2015-02-24,YD,245,-118.19334,34.018424
SS-MEIR-N-64,SS-MEIR-N-64-3D-03,2015-02-24,YD,149,-118.193339,34.018455
SS-MEIR-N-64,SS-MEIR-N-64-4D-03,2015-02-24,YD,224,-118.193349,34.018456
SS-MEIR-N-64,SS-MEIR-N-64-5D-03,2015-02-24,YD,186,-118.193339,34.018475
SS-MEIR-N-64,SS-MEIR-N-64-6D-03,2015-02-24,YD,159,-118.193351,34.018475
SS-MEIR-N-64,SS-MEIR-N-64-7D-03,2015-02-24,YD,183,-118.193339,34.018491
SS-MEIR-N-64,SS-MEIR-N-64-8D-03,2015-02-24,YD,208,-118.193351,34.018489
SS-MEIR-N-64,SS-MEIR-N-64-9D-03,2015-02-24,YD,226,-118.193509,34.018492
SS-MEIR-N-64,SS-MEIR-N-64-DZ-1D-03,2015-02-24,DL,277,-118.193371,34.018468
SS-MEIR-N-65,SS-MEIR-N-65-10D-03,2015-02-24,YD,105,-118.191644,34.017994
SS-MEIR-N-65,SS-MEIR-N-65-1D-03,2015-02-24,YD,144,-118.191326,34.017977
SS-MEIR-N-65,SS-MEIR-N-65-2D-03,2015-02-24,YD,153,-118.191305,34.017989
SS-MEIR-N-65,SS-MEIR-N-65-3D-03,2015-02-24,YD,181,-118.191338,34.017991
SS-MEIR-N-65,SS-MEIR-N-65-4D-03,2015-02-24,YD,92.1,-118.1913,34.018005
SS-MEIR-N-65,SS-MEIR-N-65-5D-03,2015-02-24,YD,151,-118.191335,34.018007
SS-MEIR-N-65,SS-MEIR-N-65-6D-03,2015-02-24,YD,204,-118.19136,34.018008
SS-MEIR-N-65,SS-MEIR-N-65-7D-03,2015-02-24,YD,103,-118.191299,34.018028
SS-MEIR-N-65,SS-MEIR-N-65-8D-03,2015-02-24,YD,179,-118.191354,34.01803
SS-MEIR-N-65,SS-MEIR-N-65-9D-03,2015-02-24,YD,174,-118.191636,34.018013
SS-MEIR-N-66,SS-MEIR-N-66-10D-03,2015-02-25,YD,356,-118.191552,34.018076
SS-MEIR-N-66,SS-MEIR-N-66-1D-03,2015-02-25,YD,89.1,-118.191294,34.018086
SS-MEIR-N-66,SS-MEIR-N-66-2D-03,2015-02-25,YD,211,-118.191316,34.018087
SS-MEIR-N-66,SS-MEIR-N-66-3D-03,2015-02-25,YD,168,-118.191304,34.018097
SS-MEIR-N-66,SS-MEIR-N-66-4D-03,2015-02-25,YD,197,-118.191323,34.018099
SS-MEIR-N-66,SS-MEIR-N-66-5D-03,2015-02-25,YD,191,-118.191294,34.018106
SS-MEIR-N-66,SS-MEIR-N-66-6D-EZ-03,2015-02-25,YD,175,-118.191309,34.018108
SS-MEIR-N-66,SS-MEIR-N-66-7D-03,2015-02-25,YD,170,-118.191324,34.018115
SS-MEIR-N-66,SS-MEIR-N-66-8D-03,2015-02-25,YD,188,-118.191295,34.018118
SS-MEIR-N-66,SS-MEIR-N-66-9D-03,2015-02-25,YD,414,-118.19153,34.018076
SS-MEIR-N-66,SS-MEIR-N-66-DZ-1D-03,2015-02-25,DL,637,-118.191361,34.018086
SS-MEIR-N-66,SS-MEIR-N-66-DZ-2D-03,2015-02-25,DL,221,-118.191385,34.018075
SS-MEIR-N-67,SS-MEIR-N-67-10D-03,2015-02-26,YD,966,-118.191753,34.017966
SS-MEIR-N-67,SS-MEIR-N-67-1D-03,2015-02-26,YD,269,-118.192128,34.018032
SS-MEIR-N-67,SS-MEIR-N-67-2D-03,2015-02-26,YD,146,-118.192081,34.018033
SS-MEIR-N-67,SS-MEIR-N-67-3D-03,2015-02-26,YD,351,-118.192125,34.017985
SS-MEIR-N-67,SS-MEIR-N-67-4D-03,2015-02-26,YD,228,-118.192101,34.017986
SS-MEIR-N-67,SS-MEIR-N-67-5D-03,2015-02-26,YD,351,-118.192073,34.017986
SS-MEIR-N-67,SS-MEIR-N-67-6D-03,2015-02-26,YD,1510,-118.192011,34.018064
SS-MEIR-N-67,SS-MEIR-N-67-7D-03,2015-02-26,YD,302,-118.191899,34.018065
SS-MEIR-N-67,SS-MEIR-N-67-8D-03,2015-02-26,YD,754,-118.191861,34.018066
SS-MEIR-N-67,SS-MEIR-N-67-9D-03,2015-02-26,YD,856,-118.191827,34.018067
SS-MEIR-N-67,SS-MEIR-N-67-DZ-1D-03,2015-02-26,DL,517,-118.192041,34.01803
SS-MEIR-N-67,SS-MEIR-N-67-DZ-2D-03,2015-02-26,DL,599,-118.191962,34.018035
SS-MEIR-N-67,SS-MEIR-N-67-DZ-3D-03,2015-02-26,DL,574,-118.19188,34.017982
SS-MEIR-N-67,SS-MEIR-N-67-DZ-4D-03,2015-02-26,DL,720,-118.191961,34.017966
SS-MEIR-N-68,SS-MEIR-N-68-10D-03,2015-02-28,YD,294,-118.192668,34.016867
SS-MEIR-N-68,SS-MEIR-N-68-1D-03,2015-02-28,YD,327,-118.192351,34.01687
SS-MEIR-N-68,SS-MEIR-N-68-2D-03,2015-02-28,YD,259,-118.192336,34.016892
SS-MEIR-N-68,SS-MEIR-N-68-3D-03,2015-02-28,YD,254,-118.192337,34.016913
SS-MEIR-N-68,SS-MEIR-N-68-4D-03,2015-02-28,YD,138,-118.192643,34.016898
SS-MEIR-N-68,SS-MEIR-N-68-5D-03,2015-02-28,YD,187,-118.192667,34.016897
SS-MEIR-N-68,SS-MEIR-N-68-6D-03,2015-02-28,YD,267,-118.192679,34.016893
SS-MEIR-N-68,SS-MEIR-N-68-7D-03,2015-02-28,YD,166,-118.192689,34.016887
SS-MEIR-N-68,SS-MEIR-N-68-8D-03,2015-02-28,YD,231,-118.192662,34.016881
SS-MEIR-N-68,SS-MEIR-N-68-9D-03,2015-02-28,YD,338,-118.192692,34.016875
SS-MEIR-N-68,SS-MEIR-N-68-DZ-1D-03,2015-02-28,DL,128,-118.192446,34.016854
SS-MEIR-N-68,SS-MEIR-N-68-DZ-2D-03,2015-02-28,DL,278,-118.192524,34.016855
SS-MEIR-N-69,SS-MEIR-N-69-10D-EZ-03,2015-03-02,YD,314,-118.191074,34.017862
SS-MEIR-N-69,SS-MEIR-N-69-1D-EZ-03,2015-03-02,YD,5.01,-118.191094,34.017912
SS-MEIR-N-69,SS-MEIR-N-69-2D-EZ-03,2015-03-02,YD,72.8,-118.191073,34.017911
SS-MEIR-N-69,SS-MEIR-N-69-3D-EZ-03,2015-03-02,YD,35.8,-118.191095,34.017897
SS-MEIR-N-69,SS-MEIR-N-69-4D-EZ-03,2015-03-02,YD,157,-118.191072,34.017898
SS-MEIR-N-69,SS-MEIR-N-69-5D-EZ-03,2015-03-02,YD,217,-118.191144,34.01786
SS-MEIR-N-69,SS-MEIR-N-69-6D-EZ-03,2015-03-02,YD,245,-118.191131,34.017861
SS-MEIR-N-69,SS-MEIR-N-69-7D-EZ-03,2015-03-02,YD,229,-118.191118,34.017861
SS-MEIR-N-69,SS-MEIR-N-69-8D-EZ-03,2015-03-02,YD,213,-118.191102,34.01786
SS-MEIR-N-69,SS-MEIR-N-69-9D-EZ-03,2015-03-02,YD,221,-118.191092,34.017861
SS-MEIR-N-69,SS-MEIR-N-69-DZ-1D-03,2015-03-02,DL,209,-118.190872,34.017885
SS-MEIR-N-69,SS-MEIR-N-69-DZ-2D-03,2015-03-02,DL,253,-118.19091,34.017861
SS-MEIR-N-70,SS-MEIR-N-70-10D-03,2015-03-02,YD,335,-118.19074,34.018182
SS-MEIR-N-70,SS-MEIR-N-70-1D-03,2015-03-02,YD,589,-118.191133,34.018127
SS-MEIR-N-70,SS-MEIR-N-70-2D-03,2015-03-02,YD,306,-118.191083,34.018128
SS-MEIR-N-70,SS-MEIR-N-70-3D-03,2015-03-02,YD,175,-118.191128,34.018109
SS-MEIR-N-70,SS-MEIR-N-70-4D-EZ-03,2015-03-02,YD,297,-118.1911,34.01811
SS-MEIR-N-70,SS-MEIR-N-70-5D-EZ-03,2015-03-02,YD,242,-118.191078,34.018111
SS-MEIR-N-70,SS-MEIR-N-70-6D-03,2015-03-02,YD,113,-118.191128,34.018087
SS-MEIR-N-70,SS-MEIR-N-70-7D-03,2015-03-02,YD,180,-118.191095,34.01809
SS-MEIR-N-70,SS-MEIR-N-70-8D-03,2015-03-02,YD,83.4,-118.191074,34.018091
SS-MEIR-N-70,SS-MEIR-N-70-9D-03,2015-03-02,YD,254,-118.190787,34.018181
SS-MEIR-N-70,SS-MEIR-N-70-DZ-1D-03,2015-03-02,DL,489,-118.191052,34.018099
SS-MEIR-N-70,SS-MEIR-N-70-DZ-2D-03,2015-03-02,DL,611,-118.191017,34.018076
SS-MEIR-N-71,SS-MEIR-N-71-10D-03,2015-03-03,YD,143,-118.192391,34.017102
SS-MEIR-N-71,SS-MEIR-N-71-1D-03,2015-03-03,YD,108,-118.192345,34.017086
SS-MEIR-N-71,SS-MEIR-N-71-2D-03,2015-03-03,YD,107,-118.192357,34.017086
SS-MEIR-N-71,SS-MEIR-N-71-3D-03,2015-03-03,YD,97.9,-118.192371,34.017087
SS-MEIR-N-71,SS-MEIR-N-71-4D-03,2015-03-03,YD,135,-118.192385,34.017087
SS-MEIR-N-71,SS-MEIR-N-71-5D-03,2015-03-03,YD,66.6,-118.192346,34.017095
SS-MEIR-N-71,SS-MEIR-N-71-6D-03,2015-03-03,YD,105,-118.192373,34.017097
SS-MEIR-N-71,SS-MEIR-N-71-7D-03,2015-03-03,YD,106,-118.192345,34.017104
SS-MEIR-N-71,SS-MEIR-N-71-8D-03,2015-03-03,YD,98.6,-118.192359,34.017103
SS-MEIR-N-71,SS-MEIR-N-71-9D-03,2015-03-03,YD,134,-118.192376,34.017103
SS-MEIR-N-72,SS-MEIR-N-72-10D-03,2015-03-04,YD,286,-118.190817,34.017999
SS-MEIR-N-72,SS-MEIR-N-72-1D-03,2015-03-04,YD,321,-118.191125,34.018029
SS-MEIR-N-72,SS-MEIR-N-72-2D-03,2015-03-04,YD,244,-118.191094,34.018032
SS-MEIR-N-72,SS-MEIR-N-72-3D-03,2015-03-04,YD,223,-118.191101,34.018016
SS-MEIR-N-72,SS-MEIR-N-72-4D-03,2015-03-04,YD,247,-118.19112,34.017983
SS-MEIR-N-72,SS-MEIR-N-72-5D-03,2015-03-04,YD,219,-118.191082,34.017985
SS-MEIR-N-72,SS-MEIR-N-72-6D-03,2015-03-04,YD,316,-118.190909,34.018019
SS-MEIR-N-72,SS-MEIR-N-72-7D-03,2015-03-04,YD,281,-118.190846,34.01802
SS-MEIR-N-72,SS-MEIR-N-72-8D-03,2015-03-04,YD,184,-118.190892,34.017994
SS-MEIR-N-72,SS-MEIR-N-72-9D-03,2015-03-04,YD,240,-118.190853,34.017996
SS-MEIR-N-72,SS-MEIR-N-72-DZ-1D-03,2015-03-04,DL,244,-118.191064,34.018017
SS-MEIR-N-72,SS-MEIR-N-72-DZ-2D-03,2015-03-04,DL,223,-118.190927,34.018005
SS-MEIR-N-72,SS-MEIR-N-72-DZ-3D-03,2015-03-04,DL,287,-118.190966,34.017971
SS-MEIR-N-73,SS-MEIR-N-73-10D-03,2015-03-05,YD,223,-118.191126,34.017777
SS-MEIR-N-73,SS-MEIR-N-73-1D-EZ-03,2015-03-05,YD,243,-118.19113,34.017826
SS-MEIR-N-73,SS-MEIR-N-73-2D-EZ-03,2015-03-05,YD,414,-118.191115,34.017827
SS-MEIR-N-73,SS-MEIR-N-73-3D-EZ-03,2015-03-05,YD,229,-118.191087,34.017796
SS-MEIR-N-73,SS-MEIR-N-73-4D-EZ-03,2015-03-05,YD,278,-118.191126,34.017796
SS-MEIR-N-73,SS-MEIR-N-73-5D-EZ-03,2015-03-05,YD,300,-118.191079,34.017768
SS-MEIR-N-73,SS-MEIR-N-73-6D-EZ-03,2015-03-05,YD,250,-118.191131,34.017762
SS-MEIR-N-73,SS-MEIR-N-73-7D-03,2015-03-05,YD,230,-118.191103,34.017752
SS-MEIR-N-73,SS-MEIR-N-73-8D-03,2015-03-05,YD,208,-118.191097,34.017826
SS-MEIR-N-73,SS-MEIR-N-73-9D-03,2015-03-05,YD,281,-118.191102,34.017787
SS-MEIR-N-73,SS-MEIR-N-73-DZ-1D-03,2015-03-05,DL,270,-118.191057,34.017794
SS-MEIR-N-73,SS-MEIR-N-73-DZ-2D-03,2015-03-05,DL,424,-118.191038,34.017748
SS-MEIR-N-74,SS-MEIR-N-74-10D-03,2015-03-06,YD,181,-118.191081,34.016878
SS-MEIR-N-74,SS-MEIR-N-74-1D-03,2015-03-06,YD,155,-118.191116,34.016917
SS-MEIR-N-74,SS-MEIR-N-74-2D-03,2015-03-06,YD,132,-118.191079,34.016915
SS-MEIR-N-74,SS-MEIR-N-74-3D-03,2015-03-06,YD,165,-118.191095,34.01691
SS-MEIR-N-74,SS-MEIR-N-74-4D-03,2015-03-06,YD,174,-118.191113,34.016902
SS-MEIR-N-74,SS-MEIR-N-74-5D-03,2015-03-06,YD,121,-118.191078,34.016906
SS-MEIR-N-74,SS-MEIR-N-74-6D-03,2015-03-06,YD,149,-118.191113,34.016891
SS-MEIR-N-74,SS-MEIR-N-74-7D-03,2015-03-06,YD,188,-118.191097,34.016891
SS-MEIR-N-74,SS-MEIR-N-74-8D-03,2015-03-06,YD,187,-118.191079,34.016892
SS-MEIR-N-74,SS-MEIR-N-74-9D-03,2015-03-06,YD,126,-118.191112,34.016877
SS-MEIR-N-74,SS-MEIR-N-74-DZ-1D-03,2015-03-06,DL,136,-118.191069,34.01691
SS-MEIR-N-75,SS-MEIR-N-75-10D-03,2015-03-31,YD,345,-118.191797,34.017509
SS-MEIR-N-75,SS-MEIR-N-75-1D-03,2015-03-31,YD,318,-118.192128,34.017473
SS-MEIR-N-75,SS-MEIR-N-75-2D-03,2015-03-31,YD,330,-118.192129,34.017455
SS-MEIR-N-75,SS-MEIR-N-75-3D-03,2015-03-31,YD,233,-118.19213,34.017436
SS-MEIR-N-75,SS-MEIR-N-75-4D-03,2015-03-31,YD,309,-118.192129,34.017412
SS-MEIR-N-75,SS-MEIR-N-75-5D-03,2015-03-31,YD,304,-118.192104,34.017412
SS-MEIR-N-75,SS-MEIR-N-75-6D-03,2015-03-31,YD,216,-118.192076,34.017412
SS-MEIR-N-75,SS-MEIR-N-75-7D-03,2015-03-31,YD,224,-118.192044,34.017412
SS-MEIR-N-75,SS-MEIR-N-75-8D-03,2015-03-31,YD,228,-118.191982,34.017414
SS-MEIR-N-75,SS-MEIR-N-75-9D-03,2015-03-31,YD,296,-118.192057,34.017435
SS-MEIR-N-75,SS-MEIR-N-75-DZ-1D-03,2015-03-31,DL,239,-118.191973,34.01746
SS-MEIR-N-76,SS-MEIR-N-76-10D-03,2015-04-14,YD,282,-118.193642,34.016931
SS-MEIR-N-76,SS-MEIR-N-76-1D-03,2015-04-14,YD,786,-118.193544,34.016853
SS-MEIR-N-76,SS-MEIR-N-76-2D-03,2015-04-14,YD,251,-118.193598,34.016854
SS-MEIR-N-76,SS-MEIR-N-76-3D-03,2015-04-14,YD,884,-118.193573,34.016879
SS-MEIR-N-76,SS-MEIR-N-76-4D-03,2015-04-14,YD,411,-118.193551,34.016915
SS-MEIR-N-76,SS-MEIR-N-76-5D-03,2015-04-14,YD,432,-118.193599,34.01692
SS-MEIR-N-76,SS-MEIR-N-76-6D-03,2015-04-14,YD,409,-118.193604,34.016892
SS-MEIR-N-76,SS-MEIR-N-76-7D-03,2015-04-14,YD,351,-118.193646,34.016896
SS-MEIR-N-76,SS-MEIR-N-76-8D-03,2015-04-14,YD,717,-118.193631,34.016911
SS-MEIR-N-76,SS-MEIR-N-76-9D-03,2015-04-14,YD,637,-118.19361,34.016932
SS-MEIR-N-77,SS-MEIR-N-77-10D-03,2015-04-28,YD,453,-118.193627,34.017528
SS-MEIR-N-77,SS-MEIR-N-77-1D-03,2015-04-28,YD,285,-118.193597,34.017511
SS-MEIR-N-77,SS-MEIR-N-77-2D-03,2015-04-28,YD,298,-118.193605,34.017511
SS-MEIR-N-77,SS-MEIR-N-77-3D-03,2015-04-28,YD,295,-118.19362,34.017511
SS-MEIR-N-77,SS-MEIR-N-77-4D-03,2015-04-28,YD,208,-118.19364,34.017511
SS-MEIR-N-77,SS-MEIR-N-77-5D-03,2015-04-28,YD,236,-118.193665,34.017512
SS-MEIR-N-77,SS-MEIR-N-77-6D-03,2015-04-28,YD,308,-118.193596,34.01753
SS-MEIR-N-77,SS-MEIR-N-77-7D-03,2015-04-28,YD,184,-118.193605,34.01753
SS-MEIR-N-77,SS-MEIR-N-77-8D-03,2015-04-28,YD,389,-118.193613,34.017529
SS-MEIR-N-77,SS-MEIR-N-77-9D-03,2015-04-28,YD,361,-118.19362,34.017528
SS-MEIR-N-77,SS-MEIR-N-77-DZ-1D-03,2015-04-28,DL,278,-118.193566,34.017511
SS-MEIR-N-78,SS-MEIR-N-78-10D-03,2015-04-29,YD,244,-118.190721,34.016773
SS-MEIR-N-78,SS-MEIR-N-78-1D-03,2015-04-29,YD,102,-118.19114,34.016787
SS-MEIR-N-78,SS-MEIR-N-78-2D-03,2015-04-29,YD,55,-118.191142,34.016847
SS-MEIR-N-78,SS-MEIR-N-78-3D-03,2015-04-29,YD,59.1,-118.19111,34.016861
SS-MEIR-N-78,SS-MEIR-N-78-4D-03,2015-04-29,YD,95.2,-118.191078,34.016861
SS-MEIR-N-78,SS-MEIR-N-78-5D-03,2015-04-29,YD,68.2,-118.191021,34.016812
SS-MEIR-N-78,SS-MEIR-N-78-6D-03,2015-04-29,YD,128,-118.191022,34.01683
SS-MEIR-N-78,SS-MEIR-N-78-7D-03,2015-04-29,YD,100,-118.191006,34.016822
SS-MEIR-N-78,SS-MEIR-N-78-8D-03,2015-04-29,YD,219,-118.190717,34.016812
SS-MEIR-N-78,SS-MEIR-N-78-9D-03,2015-04-29,YD,756,-118.190717,34.016794
SS-MEIR-N-79,SS-MEIR-N-79-10D-03,2015-05-07,YD,272,-118.193335,34.017309
SS-MEIR-N-79,SS-MEIR-N-79-1D-03,2015-05-07,YD,125,-118.193334,34.017335
SS-MEIR-N-79,SS-MEIR-N-79-2D-03,2015-05-07,YD,169,-118.193334,34.017333
SS-MEIR-N-79,SS-MEIR-N-79-3D-03,2015-05-07,YD,199,-118.193334,34.017329
SS-MEIR-N-79,SS-MEIR-N-79-4D-03,2015-05-07,YD,195,-118.193334,34.017327
SS-MEIR-N-79,SS-MEIR-N-79-5D-03,2015-05-07,YD,269,-118.193333,34.017324
SS-MEIR-N-79,SS-MEIR-N-79-6D-03,2015-05-07,YD,214,-118.193334,34.017319
SS-MEIR-N-79,SS-MEIR-N-79-7D-03,2015-05-07,YD,300,-118.193334,34.017316
SS-MEIR-N-79,SS-MEIR-N-79-8D-03,2015-05-07,YD,260,-118.193334,34.017314
SS-MEIR-N-79,SS-MEIR-N-79-9D-03,2015-05-07,YD,300,-118.193335,34.017312
SS-MEIR-N-79,SS-MEIR-N-79-DZ-1D-03,2015-05-07,DL,262,-118.193374,34.01736
SS-MEIR-N-79,SS-MEIR-N-79-DZ-2D-03,2015-05-07,DL,212,-118.193409,34.017293
SS-MEIR-N-80,SS-MEIR-N-80-10D-03,2015-05-26,YD,66.1,-118.190729,34.016645
SS-MEIR-N-80,SS-MEIR-N-80-1D-03,2015-05-26,YD,276,-118.191133,34.016741
SS-MEIR-N-80,SS-MEIR-N-80-2D-03,2015-05-26,YD,243,-118.191133,34.016721
SS-MEIR-N-80,SS-MEIR-N-80-3D-03,2015-05-26,YD,214,-118.191117,34.016719
SS-MEIR-N-80,SS-MEIR-N-80-4D-03,2015-05-26,YD,365,-118.191107,34.016721
SS-MEIR-N-80,SS-MEIR-N-80-5D-03,2015-05-26,YD,299,-118.191094,34.01672
SS-MEIR-N-80,SS-MEIR-N-80-6D-03,2015-05-26,YD,438,-118.191135,34.016646
SS-MEIR-N-80,SS-MEIR-N-80-7D-03,2015-05-26,YD,228,-118.191132,34.016691
SS-MEIR-N-80,SS-MEIR-N-80-8D-03,2015-05-26,YD,272,-118.191086,34.016692
SS-MEIR-N-80,SS-MEIR-N-80-9D-03,2015-05-26,YD,189,-118.190848,34.01665
SS-MEIR-N-81,SS-MEIR-N-81-10D-03,2015-06-03,YD,567,-118.190828,34.017222
SS-MEIR-N-81,SS-MEIR-N-81-1D-03,2015-06-03,YD,263,-118.191136,34.017267
SS-MEIR-N-81,SS-MEIR-N-81-2D-03,2015-06-03,YD,101,-118.191103,34.017267
SS-MEIR-N-81,SS-MEIR-N-81-3D-03,2015-06-03,YD,243,-118.191093,34.017246
SS-MEIR-N-81,SS-MEIR-N-81-4D-03,2015-06-03,YD,254,-118.191134,34.017212
SS-MEIR-N-81,SS-MEIR-N-81-5D-03,2015-06-03,YD,260,-118.191092,34.017213
SS-MEIR-N-81,SS-MEIR-N-81-6D-03,2015-06-03,YD,1060,-118.190865,34.017283
SS-MEIR-N-81,SS-MEIR-N-81-7D-03,2015-06-03,YD,271,-118.190835,34.017284
SS-MEIR-N-81,SS-MEIR-N-81-8D-03,2015-06-03,YD,596,-118.190853,34.017251
SS-MEIR-N-81,SS-MEIR-N-81-9D-03,2015-06-03,YD,443,-118.190857,34.017211
SS-MEIR-N-81,SS-MEIR-N-81-DZ-1D-03,2015-06-03,DL,315,-118.191057,34.017216
SS-MEIR-N-81,SS-MEIR-N-81-DZ-2D-03,2015-06-03,DL,202,-118.191025,34.017284
SS-MEIR-N-81,SS-MEIR-N-81-DZ-3D-03,2015-06-03,DL,198,-118.191032,34.017201
SS-MEIR-N-82,SS-MEIR-N-82-10D-03,2015-06-09,YD,300,-118.191671,34.017615
SS-MEIR-N-82,SS-MEIR-N-82-1D-03,2015-06-09,YD,202,-118.191302,34.017541
SS-MEIR-N-82,SS-MEIR-N-82-2D-03,2015-06-09,YD,398,-118.191347,34.017542
SS-MEIR-N-82,SS-MEIR-N-82-3D-03,2015-06-09,YD,261,-118.191335,34.017566
SS-MEIR-N-82,SS-MEIR-N-82-4D-03,2015-06-09,YD,322,-118.191303,34.017594
SS-MEIR-N-82,SS-MEIR-N-82-5D-03,2015-06-09,YD,183,-118.191336,34.017591
SS-MEIR-N-82,SS-MEIR-N-82-6D-03,2015-06-09,YD,365,-118.19157,34.017561
SS-MEIR-N-82,SS-MEIR-N-82-7D-03,2015-06-09,YD,1160,-118.191636,34.01756
SS-MEIR-N-82,SS-MEIR-N-82-8D-03,2015-06-09,YD,495,-118.191592,34.017607
SS-MEIR-N-82,SS-MEIR-N-82-9D-03,2015-06-09,YD,613,-118.191551,34.01762
SS-MEIR-N-82,SS-MEIR-N-82-DZ-1D-03,2015-06-09,DL,1220,-118.191545,34.017557
SS-MEIR-N-82,SS-MEIR-N-82-DZ-2D-03,2015-06-09,DL,678,-118.191476,34.017594
SS-MEIR-N-83,SS-MEIR-N-83-1D-EZ-03,2015-06-09,YD,169,-118.192006,34.017074
SS-MEIR-N-83,SS-MEIR-N-83-2D-EZ-03,2015-06-09,YD,179,-118.19199,34.017073
SS-MEIR-N-83,SS-MEIR-N-83-3D-EZ-03,2015-06-09,YD,233,-118.191976,34.017073
SS-MEIR-N-83,SS-MEIR-N-83-4D-EZ-03,2015-06-09,YD,261,-118.191963,34.017074
SS-MEIR-N-83,SS-MEIR-N-83-5D-EZ-03,2015-06-09,YD,237,-118.191946,34.017073
SS-MEIR-N-84,SS-MEIR-N-84-1D-EZ-03,2015-07-10,YD,228,-118.191761,34.017944
SS-MEIR-N-84,SS-MEIR-N-84-2D-EZ-03,2015-07-10,YD,175,-118.191719,34.017943
SS-MEIR-N-84,SS-MEIR-N-84-3D-EZ-03,2015-07-10,YD,124,-118.191737,34.01792
SS-MEIR-N-84,SS-MEIR-N-84-4D-EZ-03,2015-07-10,YD,115,-118.191762,34.017912
SS-MEIR-N-84,SS-MEIR-N-84-5D-EZ-03,2015-07-10,YD,112,-118.191718,34.01791
SS-MEIR-N-85,SS-MEIR-N-85-10D-03,2015-08-18,YD,875,-118.192722,34.01753
SS-MEIR-N-85,SS-MEIR-N-85-1D-03,2015-08-18,YD,419,-118.192347,34.017538
SS-MEIR-N-85,SS-MEIR-N-85-2D-03,2015-08-18,YD,409,-118.192346,34.017563
SS-MEIR-N-85,SS-MEIR-N-85-3D-03,2015-08-18,YD,403,-118.192343,34.017583
SS-MEIR-N-85,SS-MEIR-N-85-4D-03,2015-08-18,YD,351,-118.192375,34.017542
SS-MEIR-N-85,SS-MEIR-N-85-5D-03,2015-08-18,YD,372,-118.19236,34.017568
SS-MEIR-N-85,SS-MEIR-N-85-6D-03,2015-08-18,YD,232,-118.192577,34.017581
SS-MEIR-N-85,SS-MEIR-N-85-7D-03,2015-08-18,YD,338,-118.192592,34.017564
SS-MEIR-N-85,SS-MEIR-N-85-8D-03,2015-08-18,YD,369,-118.192599,34.017574
SS-MEIR-N-85,SS-MEIR-N-85-9D-03,2015-08-18,YD,450,-118.192723,34.017557
SS-MEIR-N-85,SS-MEIR-N-85-DZ-1D-03,2015-08-18,DL,478,-118.192384,34.017567
SS-MEIR-S-01,SS-MEIR-S-01-10D-03,2014-09-17,YD,157,-118.200302,33.995201
SS-MEIR-S-01,SS-MEIR-S-01-1D-03,2014-09-17,YD,132,-118.200302,33.995201
SS-MEIR-S-01,SS-MEIR-S-01-2D-03,2014-09-17,YD,129,-118.200302,33.995201
SS-MEIR-S-01,SS-MEIR-S-01-3D-03,2014-09-17,YD,181,-118.200302,33.995201
SS-MEIR-S-01,SS-MEIR-S-01-4D-03,2014-09-17,YD,305,-118.200302,33.995201
SS-MEIR-S-01,SS-MEIR-S-01-5D-03,2014-09-17,YD,140,-118.200302,33.995201
SS-MEIR-S-01,SS-MEIR-S-01-6D-03,2014-09-17,YD,106,-118.200302,33.995201
SS-MEIR-S-01,SS-MEIR-S-01-7D-03,2014-09-17,YD,255,-118.200302,33.995201
SS-MEIR-S-01,SS-MEIR-S-01-8D-03,2014-09-17,YD,194,-118.200302,33.995201
SS-MEIR-S-01,SS-MEIR-S-01-9D-03,2014-09-17,YD,148,-118.200302,33.995201
SS-MEIR-S-01,SS-MEIR-S-01-DS-1D-03,2014-09-17,DL,315,-118.200302,33.995201
SS-MEIR-S-01,SS-MEIR-S-01-DZ-1D-03,2014-09-17,DL,619,-118.200302,33.995201
SS-MEIR-S-01,SS-MEIR-S-01-DZ-2D-03,2014-09-17,DL,410,-118.200302,33.995201
SS-MEIR-S-02,SS-MEIR-S-02-10D-03,2014-08-28,YD,51.2,-118.200401,33.995602
SS-MEIR-S-02,SS-MEIR-S-02-1D-03,2014-08-28,YD,52,-118.200401,33.995602
SS-MEIR-S-02,SS-MEIR-S-02-2D-03,2014-08-28,YD,84.9,-118.200401,33.995602
SS-MEIR-S-02,SS-MEIR-S-02-3D-03,2014-08-28,YD,47.5,-118.200401,33.995602
SS-MEIR-S-02,SS-MEIR-S-02-4D-03,2014-08-28,YD,32.9,-118.200401,33.995602
SS-MEIR-S-02,SS-MEIR-S-02-5D-03,2014-08-28,YD,22.7,-118.200401,33.995602
SS-MEIR-S-02,SS-MEIR-S-02-6D-03,2014-08-28,YD,82,-118.200401,33.995602
SS-MEIR-S-02,SS-MEIR-S-02-7D-03,2014-08-28,YD,48.7,-118.200401,33.995602
SS-MEIR-S-02,SS-MEIR-S-02-8D-03,2014-08-28,YD,53.8,-118.200401,33.995602
SS-MEIR-S-02,SS-MEIR-S-02-9D-03,2014-08-28,YD,102,-118.200401,33.995602
SS-MEIR-S-02,SS-MEIR-S-02-DZ-1D-03,2014-08-28,DL,82.9,-118.200401,33.995602
SS-MEIR-S-02,SS-MEIR-S-02-DZ-2D-03,2014-08-28,DL,157,-118.200401,33.995602
SS-MEIR-S-02,SS-MEIR-S-02-DZ-3D-03,2014-08-28,DL,471,-118.200401,33.995602
SS-MEIR-S-03,SS-MEIR-S-03-10D-3,2014-08-26,YD,164,-118.201202,33.993301
SS-MEIR-S-03,SS-MEIR-S-03-1D-3-EZ,2014-08-26,YD,92.9,-118.201202,33.993301
SS-MEIR-S-03,SS-MEIR-S-03-2D-3,2014-08-26,YD,69.1,-118.201202,33.993301
SS-MEIR-S-03,SS-MEIR-S-03-3D-3,2014-08-26,YD,80.9,-118.201202,33.993301
SS-MEIR-S-03,SS-MEIR-S-03-4D-3,2014-08-26,YD,111,-118.201202,33.993301
SS-MEIR-S-03,SS-MEIR-S-03-5D-3,2014-08-26,YD,110,-118.201202,33.993301
SS-MEIR-S-03,SS-MEIR-S-03-6D-3,2014-08-26,YD,93.8,-118.201202,33.993301
SS-MEIR-S-03,SS-MEIR-S-03-7D-3-EZ,2014-08-26,YD,85.1,-118.201202,33.993301
SS-MEIR-S-03,SS-MEIR-S-03-8D-3,2014-08-26,YD,58.5,-118.201202,33.993301
SS-MEIR-S-03,SS-MEIR-S-03-9D-3,2014-08-26,YD,124,-118.201202,33.993301
SS-MEIR-S-03,SS-MEIR-S-03-DZ-1D-3,2014-08-26,DL,85.5,-118.201202,33.993301
SS-MEIR-S-05,SS-MEIR-S-05-10D-3,2014-08-26,YD,291,-118.201897,33.993401
SS-MEIR-S-05,SS-MEIR-S-05-1D-3,2014-08-26,YD,149,-118.201897,33.993401
SS-MEIR-S-05,SS-MEIR-S-05-2D-3,2014-08-26,YD,126,-118.201897,33.993401
SS-MEIR-S-05,SS-MEIR-S-05-3D-3,2014-08-26,YD,150,-118.201897,33.993401
SS-MEIR-S-05,SS-MEIR-S-05-4D-3,2014-08-26,YD,283,-118.201897,33.993401
SS-MEIR-S-05,SS-MEIR-S-05-5D-3,2014-08-26,YD,174,-118.201897,33.993401
SS-MEIR-S-05,SS-MEIR-S-05-6D-3,2014-08-26,YD,218,-118.201897,33.993401
SS-MEIR-S-05,SS-MEIR-S-05-7D-3,2014-08-26,YD,125,-118.201897,33.993401
SS-MEIR-S-05,SS-MEIR-S-05-8D-3,2014-08-26,YD,135,-118.201897,33.993401
SS-MEIR-S-05,SS-MEIR-S-05-9D-3,2014-08-26,YD,229,-118.201897,33.993401
SS-MEIR-S-05,SS-MEIR-S-05-DZ-1D-3,2014-08-26,DL,248,-118.201897,33.993401
SS-MEIR-S-05,SS-MEIR-S-05-DZ-2D-3,2014-08-26,DL,190,-118.201897,33.993401
SS-MEIR-S-06,SS-MEIR-S-06-10D-3-EZ,2014-08-26,YD,213,-118.2015,33.993401
SS-MEIR-S-06,SS-MEIR-S-06-1D-3,2014-08-26,YD,151,-118.2015,33.993401
SS-MEIR-S-06,SS-MEIR-S-06-2D-3,2014-08-26,YD,174,-118.2015,33.993401
SS-MEIR-S-06,SS-MEIR-S-06-3D-3,2014-08-26,YD,182,-118.2015,33.993401
SS-MEIR-S-06,SS-MEIR-S-06-4D-3,2014-08-26,YD,55,-118.2015,33.993401
SS-MEIR-S-06,SS-MEIR-S-06-5D-3,2014-08-26,YD,118,-118.2015,33.993401
SS-MEIR-S-06,SS-MEIR-S-06-6D-3,2014-08-26,YD,132,-118.2015,33.993401
SS-MEIR-S-06,SS-MEIR-S-06-7D-3,2014-08-26,YD,191,-118.2015,33.993401
SS-MEIR-S-06,SS-MEIR-S-06-8D-3,2014-08-26,YD,176,-118.2015,33.993401
SS-MEIR-S-06,SS-MEIR-S-06-9D-3-EZ,2014-08-26,YD,116,-118.2015,33.993401
SS-MEIR-S-06,SS-MEIR-S-06-DS-1D-3,2014-08-26,DL,292,-118.2015,33.993401
SS-MEIR-S-06,SS-MEIR-S-06-DZ-1D-3,2014-08-26,DL,160,-118.2015,33.993401
SS-MEIR-S-06,SS-MEIR-S-06-DZ-2D-3,2014-08-26,DL,270,-118.2015,33.993401
SS-MEIR-S-06,SS-MEIR-S-06-DZ-3D-3,2014-08-26,DL,326,-118.2015,33.993401
SS-MEIR-S-06,SS-MEIR-S-06-DZ-4D-3,2014-08-26,DL,260,-118.2015,33.993401
SS-MEIR-S-07,SS-MEIR-S-07-10D-03,2014-09-16,YD,225,-118.201305,33.993534
SS-MEIR-S-07,SS-MEIR-S-07-1D-03,2014-09-16,YD,107,-118.201346,33.99354
SS-MEIR-S-07,SS-MEIR-S-07-2D-03,2014-09-16,YD,93.8,-118.201346,33.993523
SS-MEIR-S-07,SS-MEIR-S-07-3D-03,2014-09-16,YD,113,-118.201367,33.993533
SS-MEIR-S-07,SS-MEIR-S-07-4D-03,2014-09-16,YD,117,-118.201392,33.993546
SS-MEIR-S-07,SS-MEIR-S-07-5D-03,2014-09-16,YD,114,-118.201394,33.993526
SS-MEIR-S-07,SS-MEIR-S-07-6D-03,2014-09-16,YD,110,-118.201381,33.993233
SS-MEIR-S-07,SS-MEIR-S-07-7D-03,2014-09-16,YD,139,-118.201385,33.9932
SS-MEIR-S-07,SS-MEIR-S-07-8D-03,2014-09-16,YD,96.5,-118.2014,33.993235
SS-MEIR-S-07,SS-MEIR-S-07-9D-03,2014-09-16,YD,148,-118.20142,33.993203
SS-MEIR-S-07,SS-MEIR-S-07-DS-1D-03,2014-09-16,DL,300,-118.201332,33.993499
SS-MEIR-S-07,SS-MEIR-S-07-DZ-1D-03,2014-09-16,DL,261,-118.201326,33.993472
SS-MEIR-S-07,SS-MEIR-S-07-DZ-2D-03,2014-09-16,DL,110,-118.201407,33.993505
SS-MEIR-S-07,SS-MEIR-S-07-DZ-3D-03,2014-09-16,DL,312,-118.201426,33.993374
SS-MEIR-S-08,SS-MEIR-S-08-10D-3,2014-08-14,YD,286,-118.202307,33.99458
SS-MEIR-S-08,SS-MEIR-S-08-1D-3,2014-08-14,YD,197,-118.202244,33.994589
SS-MEIR-S-08,SS-MEIR-S-08-2D-3,2014-08-14,YD,167,-118.20225,33.994548
SS-MEIR-S-08,SS-MEIR-S-08-3D-3,2014-08-14,YD,237,-118.202297,33.994577
SS-MEIR-S-08,SS-MEIR-S-08-4D-3,2014-08-14,YD,252,-118.202321,33.994597
SS-MEIR-S-08,SS-MEIR-S-08-5D-3,2014-08-14,YD,154,-118.202246,33.994571
SS-MEIR-S-08,SS-MEIR-S-08-6D-3,2014-08-14,YD,144,-118.202327,33.994553
SS-MEIR-S-08,SS-MEIR-S-08-7D-3,2014-08-14,YD,155,-118.202267,33.994591
SS-MEIR-S-08,SS-MEIR-S-08-8D-3,2014-08-14,YD,153,-118.202272,33.994551
SS-MEIR-S-08,SS-MEIR-S-08-9D-3,2014-08-14,YD,273,-118.202296,33.994594
SS-MEIR-S-08,SS-MEIR-S-08-DZ-1D-3,2014-08-14,DL,265,-118.202339,33.994531
SS-MEIR-S-08,SS-MEIR-S-08-DZ-2D-3,2014-08-14,DL,1110,-118.202258,33.994474
SS-MEIR-S-09,SS-MEIR-S-09-10D-03,2014-09-02,YD,308,-118.203003,33.994499
SS-MEIR-S-09,SS-MEIR-S-09-1D-03,2014-09-02,YD,142,-118.203003,33.994499
SS-MEIR-S-09,SS-MEIR-S-09-2D-03,2014-09-02,YD,184,-118.203003,33.994499
SS-MEIR-S-09,SS-MEIR-S-09-3D-03,2014-09-02,YD,142,-118.203003,33.994499
SS-MEIR-S-09,SS-MEIR-S-09-4D-03,2014-09-02,YD,151,-118.203003,33.994499
SS-MEIR-S-09,SS-MEIR-S-09-5D-03,2014-09-02,YD,149,-118.203003,33.994499
SS-MEIR-S-09,SS-MEIR-S-09-6D-03-EZ,2014-09-02,YD,156,-118.203003,33.994499
SS-MEIR-S-09,SS-MEIR-S-09-7D-03,2014-09-02,YD,156,-118.203003,33.994499
SS-MEIR-S-09,SS-MEIR-S-09-8D-03,2014-09-02,YD,303,-118.203003,33.994499
SS-MEIR-S-09,SS-MEIR-S-09-9D-03,2014-09-02,YD,339,-118.203003,33.994499
SS-MEIR-S-09,SS-MEIR-S-09-DZ-1D-03,2014-09-02,DL,219,-118.203003,33.994499
SS-MEIR-S-10,SS-MEIR-S-10-10D-03,2014-09-04,YD,133,-118.203201,33.994499
SS-MEIR-S-10,SS-MEIR-S-10-1D-03,2014-09-04,YD,175,-118.203201,33.994499
SS-MEIR-S-10,SS-MEIR-S-10-2D-03,2014-09-04,YD,208,-118.203201,33.994499
SS-MEIR-S-10,SS-MEIR-S-10-3D-03,2014-09-04,YD,166,-118.203201,33.994499
SS-MEIR-S-10,SS-MEIR-S-10-4D-03,2014-09-04,YD,165,-118.203201,33.994499
SS-MEIR-S-10,SS-MEIR-S-10-5D-03,2014-09-04,YD,199,-118.203201,33.994499
SS-MEIR-S-10,SS-MEIR-S-10-6D-03,2014-09-04,YD,172,-118.203201,33.994499
SS-MEIR-S-10,SS-MEIR-S-10-7D-03,2014-09-04,YD,154,-118.203201,33.994499
SS-MEIR-S-10,SS-MEIR-S-10-8D-03,2014-09-04,YD,214,-118.203201,33.994499
SS-MEIR-S-10,SS-MEIR-S-10-9D-03,2014-09-04,YD,193,-118.203201,33.994499
SS-MEIR-S-10,SS-MEIR-S-10-DZ-1D-03,2014-09-04,DL,171,-118.203201,33.994499
SS-MEIR-S-10,SS-MEIR-S-10-DZ-2D-03,2014-09-04,DL,225,-118.203201,33.994499
SS-MEIR-S-100,SS-MEIR-S-100-10D-03,2015-05-06,YD,114,-118.201193,33.993192
SS-MEIR-S-100,SS-MEIR-S-100-1D-03,2015-05-06,YD,120,-118.201059,33.993512
SS-MEIR-S-100,SS-MEIR-S-100-2D-03,2015-05-06,YD,140,-118.201063,33.993486
SS-MEIR-S-100,SS-MEIR-S-100-3D-03,2015-05-06,YD,114,-118.2011,33.993498
SS-MEIR-S-100,SS-MEIR-S-100-4D-03,2015-05-06,YD,126,-118.201134,33.993523
SS-MEIR-S-100,SS-MEIR-S-100-5D-03,2015-05-06,YD,86.9,-118.201134,33.993494
SS-MEIR-S-100,SS-MEIR-S-100-6D-03,2015-05-06,YD,103,-118.201127,33.993326
SS-MEIR-S-100,SS-MEIR-S-100-7D-03,2015-05-06,YD,570,-118.20115,33.993198
SS-MEIR-S-100,SS-MEIR-S-100-8D-03,2015-05-06,YD,58,-118.201168,33.993256
SS-MEIR-S-100,SS-MEIR-S-100-9D-03,2015-05-06,YD,76,-118.201169,33.993325
SS-MEIR-S-100,SS-MEIR-S-100-DZ-1D-03,2015-05-06,DL,115,-118.20107899999999,33.993477
SS-MEIR-S-100,SS-MEIR-S-100-DZ-2D-03,2015-05-06,DL,273,-118.201064,33.993443
SS-MEIR-S-100,SS-MEIR-S-100-DZ-3D-03,2015-05-06,DL,108,-118.201145,33.993345
SS-MEIR-S-100,SS-MEIR-S-100-DZ-4D-03,2015-05-06,DL,177,-118.201174,33.993364
SS-MEIR-S-101,SS-MEIR-S-101-10D-03,2015-05-06,YD,244,-118.201811,33.99379
SS-MEIR-S-101,SS-MEIR-S-101-1D-03,2015-05-06,YD,189,-118.20189,33.99377
SS-MEIR-S-101,SS-MEIR-S-101-2D-03,2015-05-06,YD,253,-118.201886,33.993798
SS-MEIR-S-101,SS-MEIR-S-101-3D-03,2015-05-06,YD,150,-118.201877,33.993785
SS-MEIR-S-101,SS-MEIR-S-101-4D-03,2015-05-06,YD,138,-118.201871,33.993763
SS-MEIR-S-101,SS-MEIR-S-101-5D-03,2015-05-06,YD,317,-118.201864,33.993794
SS-MEIR-S-101,SS-MEIR-S-101-6D-03,2015-05-06,YD,229,-118.20184,33.99376
SS-MEIR-S-101,SS-MEIR-S-101-7D-03,2015-05-06,YD,184,-118.201839,33.993794
SS-MEIR-S-101,SS-MEIR-S-101-8D-03,2015-05-06,YD,177,-118.201834,33.993776
SS-MEIR-S-101,SS-MEIR-S-101-9D-03,2015-05-06,YD,155,-118.201813,33.993758
SS-MEIR-S-101,SS-MEIR-S-101-DZ-1D-03,2015-05-06,DL,240,-118.201798,33.993814
SS-MEIR-S-102,SS-MEIR-S-102-10D-03,2015-05-07,YD,360,-118.201366,33.99522
SS-MEIR-S-102,SS-MEIR-S-102-1D-03,2015-05-07,YD,242,-118.20127,33.995426
SS-MEIR-S-102,SS-MEIR-S-102-2D-03,2015-05-07,YD,252,-118.201284,33.995392
SS-MEIR-S-102,SS-MEIR-S-102-3D-03,2015-05-07,YD,161,-118.201302,33.995411
SS-MEIR-S-102,SS-MEIR-S-102-4D-03,2015-05-07,YD,106,-118.201335,33.995423
SS-MEIR-S-102,SS-MEIR-S-102-5D-03,2015-05-07,YD,267,-118.20134,33.9954
SS-MEIR-S-102,SS-MEIR-S-102-6D-03,2015-05-07,YD,284,-118.201311,33.995245
SS-MEIR-S-102,SS-MEIR-S-102-7D-03,2015-05-07,YD,299,-118.20132,33.995213
SS-MEIR-S-102,SS-MEIR-S-102-8D-03,2015-05-07,YD,274,-118.201334,33.995226
SS-MEIR-S-102,SS-MEIR-S-102-9D-03,2015-05-07,YD,286,-118.201373,33.995246
SS-MEIR-S-102,SS-MEIR-S-102-DS-1D-03,2015-05-07,DL,1300,-118.201289,33.99537
SS-MEIR-S-102,SS-MEIR-S-102-DZ-1D-03,2015-05-07,DL,765,-118.201285,33.995345
SS-MEIR-S-102,SS-MEIR-S-102-DZ-2D-03,2015-05-07,DL,335,-118.201335,33.99526
SS-MEIR-S-103,SS-MEIR-S-103-10D-03,2015-05-26,YD,160,-118.202986,33.993682
SS-MEIR-S-103,SS-MEIR-S-103-1D-03,2015-05-26,YD,144,-118.202893,33.993711
SS-MEIR-S-103,SS-MEIR-S-103-2D-03,2015-05-26,YD,230,-118.202897,33.993674
SS-MEIR-S-103,SS-MEIR-S-103-3D-03,2015-05-26,YD,143,-118.20291,33.993694
SS-MEIR-S-103,SS-MEIR-S-103-4D-03,2015-05-26,YD,134,-118.202916,33.993712
SS-MEIR-S-103,SS-MEIR-S-103-5D-03,2015-05-26,YD,129,-118.20292,33.993676
SS-MEIR-S-103,SS-MEIR-S-103-6D-03,2015-05-26,YD,68.9,-118.202947,33.993717
SS-MEIR-S-103,SS-MEIR-S-103-7D-03,2015-05-26,YD,224,-118.202953,33.99368
SS-MEIR-S-103,SS-MEIR-S-103-8D-03,2015-05-26,YD,62.9,-118.202971,33.993699
SS-MEIR-S-103,SS-MEIR-S-103-9D-03,2015-05-26,YD,79.2,-118.202983,33.993719
SS-MEIR-S-103,SS-MEIR-S-103-DZ-1D-03,2015-05-26,DL,505,-118.20299,33.993666
SS-MEIR-S-103,SS-MEIR-S-103-DZ-2D-03,2015-05-26,DL,557,-118.20291,33.993611
SS-MEIR-S-103,SS-MEIR-S-103-DZ-3D-03,2015-05-26,DL,78.6,-118.203005,33.993623
SS-MEIR-S-104,SS-MEIR-S-104-10D-03,2015-05-26,YD,191,-118.200699,33.995323
SS-MEIR-S-104,SS-MEIR-S-104-1D-03,2015-05-26,YD,157,-118.200617,33.995359
SS-MEIR-S-104,SS-MEIR-S-104-2D-03,2015-05-26,YD,131,-118.200621,33.995325
SS-MEIR-S-104,SS-MEIR-S-104-3D-03,2015-05-26,YD,98.3,-118.200634,33.995344
SS-MEIR-S-104,SS-MEIR-S-104-4D-03,2015-05-26,YD,175,-118.200648,33.995362
SS-MEIR-S-104,SS-MEIR-S-104-5D-03,2015-05-26,YD,100,-118.200653,33.995312
SS-MEIR-S-104,SS-MEIR-S-104-6D-03,2015-05-26,YD,175,-118.200669,33.995365
SS-MEIR-S-104,SS-MEIR-S-104-7D-03,2015-05-26,YD,106,-118.200672,33.995313
SS-MEIR-S-104,SS-MEIR-S-104-8D-03,2015-05-26,YD,200,-118.200676,33.995344
SS-MEIR-S-104,SS-MEIR-S-104-9D-03,2015-05-26,YD,190,-118.200692,33.995366
SS-MEIR-S-105,SS-MEIR-S-105-10D-03,2015-06-02,YD,219,-118.19997,33.995206
SS-MEIR-S-105,SS-MEIR-S-105-1D-03,2015-06-02,YD,158,-118.199968,33.995289
SS-MEIR-S-105,SS-MEIR-S-105-2D-03,2015-06-02,YD,161,-118.199975,33.995265
SS-MEIR-S-105,SS-MEIR-S-105-3D-03,2015-06-02,YD,160,-118.19998,33.995239
SS-MEIR-S-105,SS-MEIR-S-105-4D-03,2015-06-02,YD,125,-118.199999,33.995293
SS-MEIR-S-105,SS-MEIR-S-105-5D-03,2015-06-02,YD,158,-118.200006,33.995266
SS-MEIR-S-105,SS-MEIR-S-105-6D-03,2015-06-02,YD,167,-118.200011,33.995241
SS-MEIR-S-105,SS-MEIR-S-105-7D-03,2015-06-02,YD,154,-118.200028,33.995287
SS-MEIR-S-105,SS-MEIR-S-105-8D-03,2015-06-02,YD,251,-118.200033,33.995267
SS-MEIR-S-105,SS-MEIR-S-105-9D-03,2015-06-02,YD,175,-118.200031,33.995248
SS-MEIR-S-105,SS-MEIR-S-105-DZ-1D-03,2015-06-02,DL,136,-118.200046,33.995239
SS-MEIR-S-105,SS-MEIR-S-105-DZ-2D-03,2015-06-02,DL,212,-118.199994,33.995188
SS-MEIR-S-105,SS-MEIR-S-105-DZ-3D-03,2015-06-02,DL,231,-118.200026,33.995137
SS-MEIR-S-105,SS-MEIR-S-105-DZ-4D-03,2015-06-02,DL,283,-118.200084,33.995227
SS-MEIR-S-106,SS-MEIR-S-106-10D-03,2015-06-02,YD,338,-118.202519,33.994408
SS-MEIR-S-106,SS-MEIR-S-106-1D-03,2015-06-02,YD,138,-118.202482,33.994608
SS-MEIR-S-106,SS-MEIR-S-106-2D-03,2015-06-02,YD,228,-118.202484,33.99458
SS-MEIR-S-106,SS-MEIR-S-106-3D-03,2015-06-02,YD,164,-118.202496,33.994593
SS-MEIR-S-106,SS-MEIR-S-106-4D-03,2015-06-02,YD,141,-118.202508,33.994612
SS-MEIR-S-106,SS-MEIR-S-106-5D-03,2015-06-02,YD,178,-118.202495,33.994432
SS-MEIR-S-106,SS-MEIR-S-106-6D-03,2015-06-02,YD,204,-118.202512,33.994579
SS-MEIR-S-106,SS-MEIR-S-106-7D-03,2015-06-02,YD,153,-118.202497,33.994392
SS-MEIR-S-106,SS-MEIR-S-106-8D-03,2015-06-02,YD,230,-118.202506,33.994409
SS-MEIR-S-106,SS-MEIR-S-106-9D-03,2015-06-02,YD,307,-118.202518,33.994431
SS-MEIR-S-106,SS-MEIR-S-106-DZ-1D-03,2015-06-02,DL,298,-118.202517,33.99445
SS-MEIR-S-107,SS-MEIR-S-107-10D-03,2015-06-03,YD,77.3,-118.200728,33.994402
SS-MEIR-S-107,SS-MEIR-S-107-1D-03,2015-06-03,YD,57.4,-118.20065,33.99442
SS-MEIR-S-107,SS-MEIR-S-107-2D-03,2015-06-03,YD,77.3,-118.200653,33.994392
SS-MEIR-S-107,SS-MEIR-S-107-3D-03,2015-06-03,YD,90.5,-118.200668,33.99442
SS-MEIR-S-107,SS-MEIR-S-107-4D-03,2015-06-03,YD,91.1,-118.200673,33.994395
SS-MEIR-S-107,SS-MEIR-S-107-5D-03,2015-06-03,YD,140,-118.200687,33.994424
SS-MEIR-S-107,SS-MEIR-S-107-6D-03,2015-06-03,YD,111,-118.200693,33.994396
SS-MEIR-S-107,SS-MEIR-S-107-7D-03,2015-06-03,YD,74.5,-118.200705,33.994427
SS-MEIR-S-107,SS-MEIR-S-107-8D-03,2015-06-03,YD,109,-118.200709,33.994399
SS-MEIR-S-107,SS-MEIR-S-107-9D-03,2015-06-03,YD,98.6,-118.200723,33.99443
SS-MEIR-S-107,SS-MEIR-S-107-DZ-1D-03,2015-06-03,DL,10.1,-118.200688,33.994392
SS-MEIR-S-108,SS-MEIR-S-108-10D-03,2015-06-09,YD,181,-118.201775,33.99473
SS-MEIR-S-108,SS-MEIR-S-108-1D-03,2015-06-09,YD,139,-118.201859,33.99471
SS-MEIR-S-108,SS-MEIR-S-108-2D-03,2015-06-09,YD,137,-118.201838,33.99471
SS-MEIR-S-108,SS-MEIR-S-108-3D-03,2015-06-09,YD,127,-118.201815,33.994712
SS-MEIR-S-108,SS-MEIR-S-108-4D-03,2015-06-09,YD,172,-118.2018,33.994711
SS-MEIR-S-108,SS-MEIR-S-108-5D-03,2015-06-09,YD,173,-118.201781,33.99471
SS-MEIR-S-108,SS-MEIR-S-108-6D-03,2015-06-09,YD,158,-118.201857,33.994735
SS-MEIR-S-108,SS-MEIR-S-108-7D-03,2015-06-09,YD,148,-118.201836,33.994735
SS-MEIR-S-108,SS-MEIR-S-108-8D-03,2015-06-09,YD,159,-118.20181,33.994734
SS-MEIR-S-108,SS-MEIR-S-108-9D-03,2015-06-09,YD,193,-118.201795,33.994734
SS-MEIR-S-108,SS-MEIR-S-108-DZ-1D-03,2015-06-09,DL,136,-118.201841,33.994752
SS-MEIR-S-108,SS-MEIR-S-108-DZ-2D-03,2015-06-09,DL,748,-118.201872,33.994794
SS-MEIR-S-108,SS-MEIR-S-108-DZ-3D-03,2015-06-09,DL,238,-118.201763,33.994775
SS-MEIR-S-109,SS-MEIR-S-109-10D-03,2015-06-10,YD,74.8,-118.200474,33.995534
SS-MEIR-S-109,SS-MEIR-S-109-1D-03,2015-06-10,YD,72,-118.200551,33.995516
SS-MEIR-S-109,SS-MEIR-S-109-2D-03,2015-06-10,YD,69.5,-118.20053,33.995513
SS-MEIR-S-109,SS-MEIR-S-109-3D-03,2015-06-10,YD,71.7,-118.200512,33.995512
SS-MEIR-S-109,SS-MEIR-S-109-4D-03,2015-06-10,YD,70.1,-118.200496,33.99551
SS-MEIR-S-109,SS-MEIR-S-109-5D-03,2015-06-10,YD,89.5,-118.200479,33.995508
SS-MEIR-S-109,SS-MEIR-S-109-6D-03,2015-06-10,YD,94.7,-118.200545,33.995541
SS-MEIR-S-109,SS-MEIR-S-109-7D-03,2015-06-10,YD,72.4,-118.200525,33.995537
SS-MEIR-S-109,SS-MEIR-S-109-8D-03,2015-06-10,YD,132,-118.200506,33.995536
SS-MEIR-S-109,SS-MEIR-S-109-9D-03,2015-06-10,YD,67.8,-118.20049,33.995535
SS-MEIR-S-11,SS-MEIR-S-11-10D-03,2014-09-12,YD,139,-118.201757,33.994716
SS-MEIR-S-11,SS-MEIR-S-11-1D-03,2014-09-12,YD,135,-118.201694,33.994693
SS-MEIR-S-11,SS-MEIR-S-11-2D-03,2014-09-12,YD,169,-118.201687,33.994715
SS-MEIR-S-11,SS-MEIR-S-11-3D-03,2014-09-12,YD,166,-118.201678,33.994706
SS-MEIR-S-11,SS-MEIR-S-11-4D-03,2014-09-12,YD,101,-118.201668,33.994684
SS-MEIR-S-11,SS-MEIR-S-11-5D-03,2014-09-12,YD,110,-118.201664,33.994714
SS-MEIR-S-11,SS-MEIR-S-11-6D-03,2014-09-12,YD,144,-118.201688,33.994688
SS-MEIR-S-11,SS-MEIR-S-11-7D-03,2014-09-12,YD,136,-118.201666,33.994697
SS-MEIR-S-11,SS-MEIR-S-11-8D-03,2014-09-12,YD,141,-118.201679,33.994698
SS-MEIR-S-11,SS-MEIR-S-11-9D-03,2014-09-12,YD,154,-118.201688,33.994706
SS-MEIR-S-11,SS-MEIR-S-11-DZ-1D-03,2014-09-12,DL,165,-118.201682,33.994732
SS-MEIR-S-110,SS-MEIR-S-110-10D-03,2015-06-10,YD,167,-118.200463,33.995537
SS-MEIR-S-110,SS-MEIR-S-110-1D-03,2015-06-10,YD,123,-118.200545,33.995517
SS-MEIR-S-110,SS-MEIR-S-110-2D-03,2015-06-10,YD,121,-118.200521,33.995515
SS-MEIR-S-110,SS-MEIR-S-110-3D-03,2015-06-10,YD,102,-118.200497,33.995512
SS-MEIR-S-110,SS-MEIR-S-110-4D-03,2015-06-10,YD,144,-118.200479,33.995512
SS-MEIR-S-110,SS-MEIR-S-110-5D-03,2015-06-10,YD,130,-118.200461,33.995511
SS-MEIR-S-110,SS-MEIR-S-110-6D-03,2015-06-10,YD,128,-118.200538,33.995543
SS-MEIR-S-110,SS-MEIR-S-110-7D-03,2015-06-10,YD,108,-118.20052,33.995541
SS-MEIR-S-110,SS-MEIR-S-110-8D-03,2015-06-10,YD,121,-118.200502,33.99554
SS-MEIR-S-110,SS-MEIR-S-110-9D-03,2015-06-10,YD,144,-118.200482,33.995538
SS-MEIR-S-110,SS-MEIR-S-110-DZ-1D-03,2015-06-10,DL,125,-118.200495,33.995567
SS-MEIR-S-110,SS-MEIR-S-110-DZ-2D-03,2015-06-10,DL,254,-118.200418,33.995741
SS-MEIR-S-111,SS-MEIR-S-111-10D-03,2015-06-10,YD,129,-118.201425,33.993759
SS-MEIR-S-111,SS-MEIR-S-111-1D-03,2015-06-10,YD,107,-118.201632,33.99374
SS-MEIR-S-111,SS-MEIR-S-111-2D-03,2015-06-10,YD,121,-118.201625,33.993783
SS-MEIR-S-111,SS-MEIR-S-111-3D-03,2015-06-10,YD,115,-118.201592,33.993757
SS-MEIR-S-111,SS-MEIR-S-111-4D-03,2015-06-10,YD,102,-118.201568,33.993734
SS-MEIR-S-111,SS-MEIR-S-111-5D-03,2015-06-10,YD,102,-118.201558,33.993775
SS-MEIR-S-111,SS-MEIR-S-111-6D-03,2015-06-10,YD,87.8,-118.201482,33.99373
SS-MEIR-S-111,SS-MEIR-S-111-7D-03,2015-06-10,YD,119,-118.201475,33.993765
SS-MEIR-S-111,SS-MEIR-S-111-8D-03,2015-06-10,YD,100,-118.201449,33.993744
SS-MEIR-S-111,SS-MEIR-S-111-9D-03,2015-06-10,YD,112,-118.201429,33.993722
SS-MEIR-S-111,SS-MEIR-S-111-DZ-1D-03,2015-06-10,DL,111,-118.201603,33.993801
SS-MEIR-S-111,SS-MEIR-S-111-DZ-2D-03,2015-06-10,DL,146,-118.201544,33.993832
SS-MEIR-S-112,SS-MEIR-S-112-10D-03,2015-07-10,YD,157,-118.200051,33.994689
SS-MEIR-S-112,SS-MEIR-S-112-1D-03,2015-07-10,YD,136,-118.20018,33.994534
SS-MEIR-S-112,SS-MEIR-S-112-2D-03,2015-07-10,YD,169,-118.200153,33.994532
SS-MEIR-S-112,SS-MEIR-S-112-3D-03,2015-07-10,YD,111,-118.200113,33.994529
SS-MEIR-S-112,SS-MEIR-S-112-4D-03,2015-07-10,YD,187,-118.200082,33.994524
SS-MEIR-S-112,SS-MEIR-S-112-5D-03,2015-07-10,YD,152,-118.200079,33.994546
SS-MEIR-S-112,SS-MEIR-S-112-6D-03,2015-07-10,YD,157,-118.200106,33.99455
SS-MEIR-S-112,SS-MEIR-S-112-7D-03,2015-07-10,YD,135,-118.200145,33.994556
SS-MEIR-S-112,SS-MEIR-S-112-8D-03,2015-07-10,YD,129,-118.200173,33.994556
SS-MEIR-S-112,SS-MEIR-S-112-9D-03,2015-07-10,YD,127,-118.200063,33.994626
SS-MEIR-S-112,SS-MEIR-S-112-DZ-1D-03,2015-07-10,DL,196,-118.200157,33.994605
SS-MEIR-S-112,SS-MEIR-S-112-DZ-2D-03,2015-07-10,DL,191,-118.200178,33.994643
SS-MEIR-S-112,SS-MEIR-S-112-DZ-3D-03,2015-07-10,DL,138,-118.200058,33.994677
SS-MEIR-S-113,SS-MEIR-S-113-1D-03,2015-07-10,YD,268,-118.202432,33.994263
SS-MEIR-S-113,SS-MEIR-S-113-2D-03,2015-07-10,YD,88.2,-118.202341,33.994521
SS-MEIR-S-113,SS-MEIR-S-113-3D-03,2015-07-10,YD,135,-118.20233,33.994581
SS-MEIR-S-114,SS-MEIR-S-114-10D-03,2015-07-10,YD,211,-118.203018,33.994505
SS-MEIR-S-114,SS-MEIR-S-114-1D-03,2015-07-10,YD,308,-118.203079,33.9944
SS-MEIR-S-114,SS-MEIR-S-114-2D-03,2015-07-10,YD,447,-118.203037,33.994394
SS-MEIR-S-114,SS-MEIR-S-114-3D-03,2015-07-10,YD,141,-118.203105,33.994449
SS-MEIR-S-114,SS-MEIR-S-114-4D-03,2015-07-10,YD,317,-118.20307,33.994448
SS-MEIR-S-114,SS-MEIR-S-114-5D-03,2015-07-10,YD,181,-118.203045,33.994448
SS-MEIR-S-114,SS-MEIR-S-114-6D-03,2015-07-10,YD,157,-118.203006,33.994447
SS-MEIR-S-114,SS-MEIR-S-114-7D-03,2015-07-10,YD,129,-118.203113,33.994506
SS-MEIR-S-114,SS-MEIR-S-114-8D-03,2015-07-10,YD,224,-118.20308,33.994505
SS-MEIR-S-114,SS-MEIR-S-114-9D-03,2015-07-10,YD,356,-118.203056,33.994509
SS-MEIR-S-114,SS-MEIR-S-114-DZ-1D-03,2015-07-10,DL,406,-118.203047,33.994516
SS-MEIR-S-12,SS-MEIR-S-12-10D-03,2014-08-28,YD,101,-118.201897,33.994801
SS-MEIR-S-12,SS-MEIR-S-12-1D-03,2014-08-28,YD,142,-118.201897,33.994801
SS-MEIR-S-12,SS-MEIR-S-12-2D-03,2014-08-28,YD,153,-118.201897,33.994801
SS-MEIR-S-12,SS-MEIR-S-12-3D-03,2014-08-28,YD,195,-118.201897,33.994801
SS-MEIR-S-12,SS-MEIR-S-12-4D-03,2014-08-28,YD,305,-118.201897,33.994801
SS-MEIR-S-12,SS-MEIR-S-12-5D-03,2014-08-28,YD,361,-118.201897,33.994801
SS-MEIR-S-12,SS-MEIR-S-12-6D-03,2014-08-28,YD,1240,-118.201897,33.994801
SS-MEIR-S-12,SS-MEIR-S-12-7D-03,2014-08-28,YD,295,-118.201897,33.994801
SS-MEIR-S-12,SS-MEIR-S-12-8D-03,2014-08-28,YD,285,-118.201897,33.994801
SS-MEIR-S-12,SS-MEIR-S-12-9D-03,2014-08-28,YD,198,-118.201897,33.994801
SS-MEIR-S-12,SS-MEIR-S-12-DS-1D-03,2014-08-28,DL,221,-118.201897,33.994801
SS-MEIR-S-13,SS-MEIR-S-13-10D-03,2014-08-29,YD,306,-118.201302,33.994301
SS-MEIR-S-13,SS-MEIR-S-13-1D-03,2014-08-29,YD,116,-118.201302,33.994301
SS-MEIR-S-13,SS-MEIR-S-13-2D-03,2014-08-29,YD,228,-118.201302,33.994301
SS-MEIR-S-13,SS-MEIR-S-13-3D-03,2014-08-29,YD,306,-118.201302,33.994301
SS-MEIR-S-13,SS-MEIR-S-13-4D-03,2014-08-29,YD,128,-118.201302,33.994301
SS-MEIR-S-13,SS-MEIR-S-13-5D-03,2014-08-29,YD,182,-118.201302,33.994301
SS-MEIR-S-13,SS-MEIR-S-13-6D-03,2014-08-29,YD,354,-118.201302,33.994301
SS-MEIR-S-13,SS-MEIR-S-13-7D-03,2014-08-29,YD,305,-118.201302,33.994301
SS-MEIR-S-13,SS-MEIR-S-13-8D-03,2014-08-29,YD,150,-118.201302,33.994301
SS-MEIR-S-13,SS-MEIR-S-13-9D-03,2014-08-29,YD,297,-118.201302,33.994301
SS-MEIR-S-13,SS-MEIR-S-13-DZ-1D-03,2014-08-29,DL,224,-118.201302,33.994301
SS-MEIR-S-13,SS-MEIR-S-13-DZ-2D-03,2014-08-29,DL,498,-118.201302,33.994301
SS-MEIR-S-13,SS-MEIR-S-13-DZ-3D-03,2014-08-29,DL,241,-118.201302,33.994301
SS-MEIR-S-13,SS-MEIR-S-13-DZ-4D-03,2014-08-29,DL,541,-118.201302,33.994301
SS-MEIR-S-14,SS-MEIR-S-14-10D-3,2014-08-14,YD,155,-118.200996,33.994801
SS-MEIR-S-14,SS-MEIR-S-14-1D-3,2014-08-14,YD,233,-118.200996,33.994801
SS-MEIR-S-14,SS-MEIR-S-14-2D-3,2014-08-14,YD,164,-118.200996,33.994801
SS-MEIR-S-14,SS-MEIR-S-14-3D-3,2014-08-14,YD,155,-118.200996,33.994801
SS-MEIR-S-14,SS-MEIR-S-14-4D-3,2014-08-14,YD,224,-118.200996,33.994801
SS-MEIR-S-14,SS-MEIR-S-14-5D-3,2014-08-14,YD,320,-118.200996,33.994801
SS-MEIR-S-14,SS-MEIR-S-14-6D-3,2014-08-14,YD,157,-118.200996,33.994801
SS-MEIR-S-14,SS-MEIR-S-14-7D-3,2014-08-14,YD,337,-118.200996,33.994801
SS-MEIR-S-14,SS-MEIR-S-14-8D-3,2014-08-14,YD,197,-118.200996,33.994801
SS-MEIR-S-14,SS-MEIR-S-14-9D-3,2014-08-14,YD,198,-118.200996,33.994801
SS-MEIR-S-14,SS-MEIR-S-14-DZ-1D-3,2014-08-14,DL,257,-118.200996,33.994801
SS-MEIR-S-14,SS-MEIR-S-14-DZ-2D-3,2014-08-14,DL,570,-118.200996,33.994801
SS-MEIR-S-14,SS-MEIR-S-14-DZ-3D-3,2014-08-14,DL,253,-118.200996,33.994801
SS-MEIR-S-15,SS-MEIR-S-15-10D-3,2014-08-16,YD,75.8,-118.200862,33.995888
SS-MEIR-S-15,SS-MEIR-S-15-1D-3,2014-08-16,YD,114,-118.200974,33.99556
SS-MEIR-S-15,SS-MEIR-S-15-2D-3,2014-08-16,YD,133,-118.200948,33.99557
SS-MEIR-S-15,SS-MEIR-S-15-3D-3,2014-08-16,YD,128,-118.200915,33.995594
SS-MEIR-S-15,SS-MEIR-S-15-4D-3,2014-08-16,YD,221,-118.200934,33.995798
SS-MEIR-S-15,SS-MEIR-S-15-5D-3,2014-08-16,YD,146,-118.20091,33.995845
SS-MEIR-S-15,SS-MEIR-S-15-6D-3,2014-08-16,YD,177,-118.20097,33.99558
SS-MEIR-S-15,SS-MEIR-S-15-7D-3,2014-08-16,YD,160,-118.200901,33.995557
SS-MEIR-S-15,SS-MEIR-S-15-8D-3,2014-08-16,YD,172,-118.200929,33.995777
SS-MEIR-S-15,SS-MEIR-S-15-9D-3,2014-08-16,YD,130,-118.20093,33.99582
SS-MEIR-S-15,SS-MEIR-S-15-DZ-1D-3,2014-08-16,DL,244,-118.200957,33.995605
SS-MEIR-S-15,SS-MEIR-S-15-DZ-2D-3,2014-08-16,DL,267,-118.200943,33.995772
SS-MEIR-S-15,SS-MEIR-S-15-DZ-3D-3,2014-08-16,DL,171,-118.200866,33.995685
SS-MEIR-S-16,SS-MEIR-S-16-10D-03,2014-08-29,YD,283,-118.200203,33.995201
SS-MEIR-S-16,SS-MEIR-S-16-1D-03,2014-08-29,YD,104,-118.200203,33.995201
SS-MEIR-S-16,SS-MEIR-S-16-2D-03,2014-08-29,YD,96.7,-118.200203,33.995201
SS-MEIR-S-16,SS-MEIR-S-16-3D-03,2014-08-29,YD,88.3,-118.200203,33.995201
SS-MEIR-S-16,SS-MEIR-S-16-4D-03,2014-08-29,YD,92.4,-118.200203,33.995201
SS-MEIR-S-16,SS-MEIR-S-16-5D-03,2014-08-29,YD,132,-118.200203,33.995201
SS-MEIR-S-16,SS-MEIR-S-16-6D-03,2014-08-29,YD,106,-118.200203,33.995201
SS-MEIR-S-16,SS-MEIR-S-16-7D-03,2014-08-29,YD,92.8,-118.200203,33.995201
SS-MEIR-S-16,SS-MEIR-S-16-8D-03,2014-08-29,YD,127,-118.200203,33.995201
SS-MEIR-S-16,SS-MEIR-S-16-9D-03,2014-08-29,YD,111,-118.200203,33.995201
SS-MEIR-S-16,SS-MEIR-S-16-DS-1D-03,2014-08-29,DL,292,-118.200203,33.995201
SS-MEIR-S-16,SS-MEIR-S-16-DZ-1D-03,2014-08-29,DL,226,-118.200203,33.995201
SS-MEIR-S-16,SS-MEIR-S-16-DZ-2D-03,2014-08-29,DL,138,-118.200203,33.995201
SS-MEIR-S-16,SS-MEIR-S-16-DZ-3D-03,2014-08-29,DL,119,-118.200203,33.995201
SS-MEIR-S-16,SS-MEIR-S-16-DZ-4D-03,2014-08-29,DL,383,-118.200203,33.995201
SS-MEIR-S-17,SS-MEIR-S-17-10D-03,2014-08-29,YD,191,-118.201401,33.995701
SS-MEIR-S-17,SS-MEIR-S-17-1D-03,2014-08-29,YD,276,-118.201401,33.995701
SS-MEIR-S-17,SS-MEIR-S-17-2D-03,2014-08-29,YD,348,-118.201401,33.995701
SS-MEIR-S-17,SS-MEIR-S-17-3D-03,2014-08-29,YD,313,-118.201401,33.995701
SS-MEIR-S-17,SS-MEIR-S-17-4D-03,2014-08-29,YD,298,-118.201401,33.995701
SS-MEIR-S-17,SS-MEIR-S-17-5D-03,2014-08-29,YD,215,-118.201401,33.995701
SS-MEIR-S-17,SS-MEIR-S-17-6D-03,2014-08-29,YD,375,-118.201401,33.995701
SS-MEIR-S-17,SS-MEIR-S-17-7D-03,2014-08-29,YD,382,-118.201401,33.995701
SS-MEIR-S-17,SS-MEIR-S-17-8D-03,2014-08-29,YD,245,-118.201401,33.995701
SS-MEIR-S-17,SS-MEIR-S-17-9D-03,2014-08-29,YD,222,-118.201401,33.995701
SS-MEIR-S-17,SS-MEIR-S-17-DZ-1D-03,2014-08-29,DL,300,-118.201401,33.995701
SS-MEIR-S-17,SS-MEIR-S-17-DZ-2D-03,2014-08-29,DL,298,-118.201401,33.995701
SS-MEIR-S-17,SS-MEIR-S-99-10D-03,2015-04-29,YD,340,-118.201388,33.99563
SS-MEIR-S-17,SS-MEIR-S-99-1D-03,2015-04-29,YD,285,-118.201473,33.995614
SS-MEIR-S-17,SS-MEIR-S-99-2D-03,2015-04-29,YD,279,-118.201448,33.995611
SS-MEIR-S-17,SS-MEIR-S-99-3D-03,2015-04-29,YD,253,-118.201428,33.995609
SS-MEIR-S-17,SS-MEIR-S-99-4D-03,2015-04-29,YD,276,-118.201411,33.995607
SS-MEIR-S-17,SS-MEIR-S-99-5D-03,2015-04-29,YD,253,-118.201393,33.995605
SS-MEIR-S-17,SS-MEIR-S-99-6D-03,2015-04-29,YD,343,-118.201468,33.99564
SS-MEIR-S-17,SS-MEIR-S-99-7D-03,2015-04-29,YD,332,-118.201448,33.995637
SS-MEIR-S-17,SS-MEIR-S-99-8D-03,2015-04-29,YD,357,-118.201426,33.995635
SS-MEIR-S-17,SS-MEIR-S-99-9D-03,2015-04-29,YD,382,-118.201408,33.995633
SS-MEIR-S-18,SS-MEIR-S-18-10D-03,2014-09-05,YD,262,-118.201698,33.995201
SS-MEIR-S-18,SS-MEIR-S-18-1D-03,2014-09-05,YD,129,-118.201698,33.995201
SS-MEIR-S-18,SS-MEIR-S-18-2D-03,2014-09-05,YD,234,-118.201698,33.995201
SS-MEIR-S-18,SS-MEIR-S-18-3D-03,2014-09-05,YD,319,-118.201698,33.995201
SS-MEIR-S-18,SS-MEIR-S-18-4D-03,2014-09-05,YD,206,-118.201698,33.995201
SS-MEIR-S-18,SS-MEIR-S-18-5D-03,2014-09-05,YD,325,-118.201698,33.995201
SS-MEIR-S-18,SS-MEIR-S-18-6D-03,2014-09-05,YD,140,-118.201698,33.995201
SS-MEIR-S-18,SS-MEIR-S-18-7D-03,2014-09-05,YD,122,-118.201698,33.995201
SS-MEIR-S-18,SS-MEIR-S-18-8D-03,2014-09-05,YD,138,-118.201698,33.995201
SS-MEIR-S-18,SS-MEIR-S-18-9D-03,2014-09-05,YD,583,-118.201698,33.995201
SS-MEIR-S-18,SS-MEIR-S-18-DZ-1D-03,2014-09-05,DL,346,-118.201698,33.995201
SS-MEIR-S-18,SS-MEIR-S-18-DZ-2D-03,2014-09-05,DL,374,-118.201698,33.995201
SS-MEIR-S-18,SS-MEIR-S-18-DZ-3D-03,2014-09-05,DL,389,-118.201698,33.995201
SS-MEIR-S-18,SS-MEIR-S-18-DZ-4D-03,2014-09-05,DL,166,-118.201698,33.995201
SS-MEIR-S-19,SS-MEIR-S-19-10D-3,2014-08-25,YD,149,-118.201797,33.9958
SS-MEIR-S-19,SS-MEIR-S-19-1D-3,2014-08-25,YD,119,-118.201797,33.9958
SS-MEIR-S-19,SS-MEIR-S-19-2D-3,2014-08-25,YD,154,-118.201797,33.9958
SS-MEIR-S-19,SS-MEIR-S-19-3D-3,2014-08-25,YD,190,-118.201797,33.9958
SS-MEIR-S-19,SS-MEIR-S-19-4D-3,2014-08-25,YD,149,-118.201797,33.9958
SS-MEIR-S-19,SS-MEIR-S-19-5D-3,2014-08-25,YD,142,-118.201797,33.9958
SS-MEIR-S-19,SS-MEIR-S-19-6D-3,2014-08-25,YD,303,-118.201797,33.9958
SS-MEIR-S-19,SS-MEIR-S-19-7D-3,2014-08-25,YD,149,-118.201797,33.9958
SS-MEIR-S-19,SS-MEIR-S-19-8D-3,2014-08-25,YD,135,-118.201797,33.9958
SS-MEIR-S-19,SS-MEIR-S-19-9D-3,2014-08-25,YD,139,-118.201797,33.9958
SS-MEIR-S-19,SS-MEIR-S-19-DZ-1D-3,2014-08-25,DL,184,-118.201797,33.9958
SS-MEIR-S-21,SS-MEIR-S-21-10D-3,2014-08-16,YD,85.1,-118.202904,33.995399
SS-MEIR-S-21,SS-MEIR-S-21-1D-3,2014-08-16,YD,136,-118.202904,33.995399
SS-MEIR-S-21,SS-MEIR-S-21-2D-3,2014-08-16,YD,141,-118.202904,33.995399
SS-MEIR-S-21,SS-MEIR-S-21-3D-3,2014-08-16,YD,161,-118.202904,33.995399
SS-MEIR-S-21,SS-MEIR-S-21-4D-3,2014-08-16,YD,403,-118.202904,33.995399
SS-MEIR-S-21,SS-MEIR-S-21-5D-3,2014-08-16,YD,124,-118.202904,33.995399
SS-MEIR-S-21,SS-MEIR-S-21-6D-3,2014-08-16,YD,179,-118.202904,33.995399
SS-MEIR-S-21,SS-MEIR-S-21-7D-3,2014-08-16,YD,163,-118.202904,33.995399
SS-MEIR-S-21,SS-MEIR-S-21-8D-3,2014-08-16,YD,199,-118.202904,33.995399
SS-MEIR-S-21,SS-MEIR-S-21-9D-3,2014-08-16,YD,282,-118.202904,33.995399
SS-MEIR-S-21,SS-MEIR-S-21-DZ-1D-3,2014-08-16,DL,171,-118.202904,33.995399
SS-MEIR-S-21,SS-MEIR-S-21-DZ-2D-3,2014-08-16,DL,207,-118.202904,33.995399
SS-MEIR-S-22,SS-MEIR-S-22-10D-03,2014-09-04,YD,126,-118.202904,33.9949
SS-MEIR-S-22,SS-MEIR-S-22-1D-03,2014-09-04,YD,163,-118.202904,33.9949
SS-MEIR-S-22,SS-MEIR-S-22-2D-03,2014-09-04,YD,270,-118.202904,33.9949
SS-MEIR-S-22,SS-MEIR-S-22-3D-03,2014-09-04,YD,383,-118.202904,33.9949
SS-MEIR-S-22,SS-MEIR-S-22-4D-03,2014-09-04,YD,223,-118.202904,33.9949
SS-MEIR-S-22,SS-MEIR-S-22-5D-03,2014-09-04,YD,240,-118.202904,33.9949
SS-MEIR-S-22,SS-MEIR-S-22-6D-03,2014-09-04,YD,135,-118.202904,33.9949
SS-MEIR-S-22,SS-MEIR-S-22-7D-03,2014-09-04,YD,400,-118.202904,33.9949
SS-MEIR-S-22,SS-MEIR-S-22-8D-03,2014-09-04,YD,139,-118.202904,33.9949
SS-MEIR-S-22,SS-MEIR-S-22-9D-03,2014-09-04,YD,130,-118.202904,33.9949
SS-MEIR-S-22,SS-MEIR-S-22-DZ-1D-03,2014-09-04,DL,279,-118.202904,33.9949
SS-MEIR-S-22,SS-MEIR-S-22-DZ-2D-03,2014-09-04,DL,341,-118.202904,33.9949
SS-MEIR-S-23,SS-MEIR-S-23-10D-03,2014-09-04,YD,186,-118.200699,33.995602
SS-MEIR-S-23,SS-MEIR-S-23-1D-03,2014-09-04,YD,144,-118.200699,33.995602
SS-MEIR-S-23,SS-MEIR-S-23-2D-03,2014-09-04,YD,154,-118.200699,33.995602
SS-MEIR-S-23,SS-MEIR-S-23-3D-03,2014-09-04,YD,187,-118.200699,33.995602
SS-MEIR-S-23,SS-MEIR-S-23-4D-03,2014-09-04,YD,132,-118.200699,33.995602
SS-MEIR-S-23,SS-MEIR-S-23-5D-03,2014-09-04,YD,137,-118.200699,33.995602
SS-MEIR-S-23,SS-MEIR-S-23-6D-03,2014-09-04,YD,67,-118.200699,33.995602
SS-MEIR-S-23,SS-MEIR-S-23-7D-03,2014-09-04,YD,94,-118.200699,33.995602
SS-MEIR-S-23,SS-MEIR-S-23-8D-03,2014-09-04,YD,169,-118.200699,33.995602
SS-MEIR-S-23,SS-MEIR-S-23-9D-03,2014-09-04,YD,186,-118.200699,33.995602
SS-MEIR-S-23,SS-MEIR-S-23-DZ-1D-03,2014-09-04,DL,146,-118.200699,33.995602
SS-MEIR-S-24,SS-MEIR-S-24-10D-03,2014-09-04,YD,271,-118.200378,33.994914
SS-MEIR-S-24,SS-MEIR-S-24-1D-03,2014-09-04,YD,152,-118.200453,33.994562
SS-MEIR-S-24,SS-MEIR-S-24-2D-03,2014-09-04,YD,425,-118.200448,33.994597
SS-MEIR-S-24,SS-MEIR-S-24-3D-03,2014-09-04,YD,208,-118.20041,33.994567
SS-MEIR-S-24,SS-MEIR-S-24-4D-03,2014-09-04,YD,406,-118.200385,33.994553
SS-MEIR-S-24,SS-MEIR-S-24-5D-03,2014-09-04,YD,300,-118.200383,33.994581
SS-MEIR-S-24,SS-MEIR-S-24-6D-03,2014-09-04,YD,286,-118.200376,33.994863
SS-MEIR-S-24,SS-MEIR-S-24-7D-03,2014-09-04,YD,597,-118.200333,33.99486
SS-MEIR-S-24,SS-MEIR-S-24-8D-03,2014-09-04,YD,238,-118.200353,33.994885
SS-MEIR-S-24,SS-MEIR-S-24-9D-03,2014-09-04,YD,228,-118.200324,33.994907
SS-MEIR-S-24,SS-MEIR-S-24-DZ-1D-03,2014-09-04,DL,439,-118.200435,33.994613
SS-MEIR-S-24,SS-MEIR-S-24-DZ-2D-03,2014-09-04,DL,2690,-118.20035,33.994837
SS-MEIR-S-25,SS-MEIR-S-25-10D-03,2014-09-05,YD,113,-118.201202,33.995201
SS-MEIR-S-25,SS-MEIR-S-25-1D-03,2014-09-05,YD,172,-118.201202,33.995201
SS-MEIR-S-25,SS-MEIR-S-25-2D-03,2014-09-05,YD,220,-118.201202,33.995201
SS-MEIR-S-25,SS-MEIR-S-25-3D-03,2014-09-05,YD,132,-118.201202,33.995201
SS-MEIR-S-25,SS-MEIR-S-25-4D-03,2014-09-05,YD,126,-118.201202,33.995201
SS-MEIR-S-25,SS-MEIR-S-25-5D-03,2014-09-05,YD,132,-118.201202,33.995201
SS-MEIR-S-25,SS-MEIR-S-25-6D-03,2014-09-05,YD,158,-118.201202,33.995201
SS-MEIR-S-25,SS-MEIR-S-25-7D-03,2014-09-05,YD,82.7,-118.201202,33.995201
SS-MEIR-S-25,SS-MEIR-S-25-8D-03,2014-09-05,YD,91.7,-118.201202,33.995201
SS-MEIR-S-25,SS-MEIR-S-25-9D-03,2014-09-05,YD,235,-118.201202,33.995201
SS-MEIR-S-25,SS-MEIR-S-25-DZ-1D-03,2014-09-05,DL,298,-118.201202,33.995201
SS-MEIR-S-25,SS-MEIR-S-25-DZ-2D-03,2014-09-05,DL,1500,-118.201202,33.995201
SS-MEIR-S-26,SS-MEIR-S-26-10D-03,2014-09-06,YD,356,-118.200203,33.994202
SS-MEIR-S-26,SS-MEIR-S-26-1D-03,2014-09-06,YD,141,-118.200203,33.994202
SS-MEIR-S-26,SS-MEIR-S-26-2D-03,2014-09-06,YD,154,-118.200203,33.994202
SS-MEIR-S-26,SS-MEIR-S-26-3D-03,2014-09-06,YD,136,-118.200203,33.994202
SS-MEIR-S-26,SS-MEIR-S-26-4D-03,2014-09-06,YD,197,-118.200203,33.994202
SS-MEIR-S-26,SS-MEIR-S-26-5D-03,2014-09-06,YD,271,-118.200203,33.994202
SS-MEIR-S-26,SS-MEIR-S-26-6D-03-EZ,2014-09-06,YD,343,-118.200203,33.994202
SS-MEIR-S-26,SS-MEIR-S-26-6D-03D-EZ,2014-09-06,YD,342,-118.200203,33.994202
SS-MEIR-S-26,SS-MEIR-S-26-7D-03,2014-09-06,YD,398,-118.200203,33.994202
SS-MEIR-S-26,SS-MEIR-S-26-8D-03,2014-09-06,YD,272,-118.200203,33.994202
SS-MEIR-S-26,SS-MEIR-S-26-9D-03,2014-09-06,YD,332,-118.200203,33.994202
SS-MEIR-S-26,SS-MEIR-S-26-DZ-1D-03,2014-09-06,DL,223,-118.200203,33.994202
SS-MEIR-S-26,SS-MEIR-S-26-DZ-2D-03,2014-09-06,DL,241,-118.200203,33.994202
SS-MEIR-S-26,SS-MEIR-S-26-DZ-3D-03,2014-09-06,DL,567,-118.200203,33.994202
SS-MEIR-S-26,SS-MEIR-S-26-DZ-4D-03,2014-09-06,DL,572,-118.200203,33.994202
SS-MEIR-S-27,SS-MEIR-S-27-10D-03,2014-09-06,YD,183,-118.201103,33.9958
SS-MEIR-S-27,SS-MEIR-S-27-1D-03,2014-09-06,YD,199,-118.201103,33.9958
SS-MEIR-S-27,SS-MEIR-S-27-2D-03,2014-09-06,YD,211,-118.201103,33.9958
SS-MEIR-S-27,SS-MEIR-S-27-3D-03,2014-09-06,YD,215,-118.201103,33.9958
SS-MEIR-S-27,SS-MEIR-S-27-4D-03,2014-09-06,YD,246,-118.201103,33.9958
SS-MEIR-S-27,SS-MEIR-S-27-5D-03,2014-09-06,YD,192,-118.201103,33.9958
SS-MEIR-S-27,SS-MEIR-S-27-6D-03,2014-09-06,YD,223,-118.201103,33.9958
SS-MEIR-S-27,SS-MEIR-S-27-7D-03,2014-09-06,YD,243,-118.201103,33.9958
SS-MEIR-S-27,SS-MEIR-S-27-8D-03,2014-09-06,YD,192,-118.201103,33.9958
SS-MEIR-S-27,SS-MEIR-S-27-9D-03,2014-09-06,YD,167,-118.201103,33.9958
SS-MEIR-S-27,SS-MEIR-S-27-DZ-1D-03,2014-09-06,DL,224,-118.201103,33.9958
SS-MEIR-S-27,SS-MEIR-S-27-DZ-2D-03,2014-09-06,DL,217,-118.201103,33.9958
SS-MEIR-S-28,SS-MEIR-S-28-10D-03,2014-09-06,YD,136,-118.200996,33.995602
SS-MEIR-S-28,SS-MEIR-S-28-1D-03,2014-09-06,YD,180,-118.200996,33.995602
SS-MEIR-S-28,SS-MEIR-S-28-2D-03,2014-09-06,YD,171,-118.200996,33.995602
SS-MEIR-S-28,SS-MEIR-S-28-3D-03,2014-09-06,YD,214,-118.200996,33.995602
SS-MEIR-S-28,SS-MEIR-S-28-4D-03-PA,2014-09-06,YD,168,-118.200996,33.995602
SS-MEIR-S-28,SS-MEIR-S-28-5D-03,2014-09-06,YD,127,-118.200996,33.995602
SS-MEIR-S-28,SS-MEIR-S-28-6D-03,2014-09-06,YD,105,-118.200996,33.995602
SS-MEIR-S-28,SS-MEIR-S-28-7D-03,2014-09-06,YD,182,-118.200996,33.995602
SS-MEIR-S-28,SS-MEIR-S-28-8D-03,2014-09-06,YD,269,-118.200996,33.995602
SS-MEIR-S-28,SS-MEIR-S-28-9D-03,2014-09-06,YD,143,-118.200996,33.995602
SS-MEIR-S-28,SS-MEIR-S-28-DZ-1D-03,2014-09-06,DL,160,-118.200996,33.995602
SS-MEIR-S-28,SS-MEIR-S-28-DZ-2D-03,2014-09-06,DL,158,-118.200996,33.995602
SS-MEIR-S-28,SS-MEIR-S-28-DZ-3D-03,2014-09-06,DL,324,-118.200996,33.995602
SS-MEIR-S-29,SS-MEIR-S-29-10D-03-EZ,2014-09-15,YD,164,-118.202003,33.995899
SS-MEIR-S-29,SS-MEIR-S-29-1D-03,2014-09-15,YD,51.8,-118.202003,33.995899
SS-MEIR-S-29,SS-MEIR-S-29-2D-03,2014-09-15,YD,92.4,-118.202003,33.995899
SS-MEIR-S-29,SS-MEIR-S-29-3D-03,2014-09-15,YD,95.7,-118.202003,33.995899
SS-MEIR-S-29,SS-MEIR-S-29-4D-03,2014-09-15,YD,64.9,-118.202003,33.995899
SS-MEIR-S-29,SS-MEIR-S-29-5D-03,2014-09-15,YD,103,-118.202003,33.995899
SS-MEIR-S-29,SS-MEIR-S-29-6D-03,2014-09-15,YD,107,-118.202003,33.995899
SS-MEIR-S-29,SS-MEIR-S-29-7D-03,2014-09-15,YD,73.5,-118.202003,33.995899
SS-MEIR-S-29,SS-MEIR-S-29-8D-03,2014-09-15,YD,81.4,-118.202003,33.995899
SS-MEIR-S-29,SS-MEIR-S-29-9D-03-EZ,2014-09-15,YD,174,-118.202003,33.995899
SS-MEIR-S-29,SS-MEIR-S-29-DZ-1D-03,2014-09-15,DL,107,-118.202003,33.995899
SS-MEIR-S-29,SS-MEIR-S-29-DZ-2D-03,2014-09-15,DL,223,-118.202003,33.995899
SS-MEIR-S-30,SS-MEIR-S-30-10D-03,2014-09-16,YD,279,-118.201508,33.994174
SS-MEIR-S-30,SS-MEIR-S-30-1D-03,2014-09-16,YD,97.6,-118.201438,33.994501
SS-MEIR-S-30,SS-MEIR-S-30-2D-03,2014-09-16,YD,88.3,-118.201442,33.994474
SS-MEIR-S-30,SS-MEIR-S-30-3D-03,2014-09-16,YD,192,-118.201466,33.994489
SS-MEIR-S-30,SS-MEIR-S-30-4D-03,2014-09-16,YD,121,-118.201509,33.994507
SS-MEIR-S-30,SS-MEIR-S-30-5D-03,2014-09-16,YD,1170,-118.201514,33.994481
SS-MEIR-S-30,SS-MEIR-S-30-6D-03,2014-09-16,YD,204,-118.201493,33.994288
SS-MEIR-S-30,SS-MEIR-S-30-7D-03,2014-09-16,YD,252,-118.201553,33.994292
SS-MEIR-S-30,SS-MEIR-S-30-8D-03,2014-09-16,YD,209,-118.201529,33.994246
SS-MEIR-S-30,SS-MEIR-S-30-9D-03,2014-09-16,YD,234,-118.201503,33.994204
SS-MEIR-S-30,SS-MEIR-S-30-DZ-1D-03,2014-09-16,DL,215,-118.201516,33.994458
SS-MEIR-S-30,SS-MEIR-S-30-DZ-2D-03,2014-09-16,DL,411,-118.201452,33.994346
SS-MEIR-S-30,SS-MEIR-S-30-DZ-3D-03,2014-09-16,DL,311,-118.20152,33.994309
SS-MEIR-S-30,SS-MEIR-S-30-DZ-4D-03,2014-09-16,DL,293,-118.201532,33.994445
SS-MEIR-S-31,SS-MEIR-S-31-10D-03,2014-09-25,YD,363,-118.200333,33.994156
SS-MEIR-S-31,SS-MEIR-S-31-1D-03,2014-09-25,YD,110,-118.200302,33.994391
SS-MEIR-S-31,SS-MEIR-S-31-2D-03,2014-09-25,YD,115,-118.20033,33.994393
SS-MEIR-S-31,SS-MEIR-S-31-3D-03,2014-09-25,YD,161,-118.200362,33.994396
SS-MEIR-S-31,SS-MEIR-S-31-4D-03,2014-09-25,YD,289,-118.200345,33.99438
SS-MEIR-S-31,SS-MEIR-S-31-5D-03,2014-09-25,YD,135,-118.200332,33.994379
SS-MEIR-S-31,SS-MEIR-S-31-6D-03,2014-09-25,YD,145,-118.200316,33.994374
SS-MEIR-S-31,SS-MEIR-S-31-7D-03,2014-09-25,YD,187,-118.200309,33.994354
SS-MEIR-S-31,SS-MEIR-S-31-8D-03,2014-09-25,YD,235,-118.200335,33.994363
SS-MEIR-S-31,SS-MEIR-S-31-9D-03,2014-09-25,YD,472,-118.200348,33.994364
SS-MEIR-S-31,SS-MEIR-S-31-DZ-1D-03,2014-09-25,DL,160,-118.200326,33.994335
SS-MEIR-S-31,SS-MEIR-S-31-DZ-2D-03,2014-09-25,DL,360,-118.200383,33.994316
SS-MEIR-S-32,SS-MEIR-S-32-10D-03,2014-09-16,YD,229,-118.203102,33.993999
SS-MEIR-S-32,SS-MEIR-S-32-1D-03,2014-09-16,YD,114,-118.203102,33.993999
SS-MEIR-S-32,SS-MEIR-S-32-2D-03,2014-09-16,YD,210,-118.203102,33.993999
SS-MEIR-S-32,SS-MEIR-S-32-3D-03,2014-09-16,YD,147,-118.203102,33.993999
SS-MEIR-S-32,SS-MEIR-S-32-4D-03,2014-09-16,YD,144,-118.203102,33.993999
SS-MEIR-S-32,SS-MEIR-S-32-5D-03,2014-09-16,YD,160,-118.203102,33.993999
SS-MEIR-S-32,SS-MEIR-S-32-6D-03,2014-09-16,YD,142,-118.203102,33.993999
SS-MEIR-S-32,SS-MEIR-S-32-7D-03,2014-09-16,YD,206,-118.203102,33.993999
SS-MEIR-S-32,SS-MEIR-S-32-8D-03,2014-09-16,YD,199,-118.203102,33.993999
SS-MEIR-S-32,SS-MEIR-S-32-9D-03,2014-09-16,YD,160,-118.203102,33.993999
SS-MEIR-S-32,SS-MEIR-S-32-DZ-1D-03,2014-09-16,DL,156,-118.203102,33.993999
SS-MEIR-S-33,SS-MEIR-S-33-10D-03,2014-09-23,YD,116,-118.200798,33.995201
SS-MEIR-S-33,SS-MEIR-S-33-1D-03,2014-09-23,YD,200,-118.200798,33.995201
SS-MEIR-S-33,SS-MEIR-S-33-2D-03,2014-09-23,YD,173,-118.200798,33.995201
SS-MEIR-S-33,SS-MEIR-S-33-3D-03,2014-09-23,YD,118,-118.200798,33.995201
SS-MEIR-S-33,SS-MEIR-S-33-4D-03,2014-09-23,YD,150,-118.200798,33.995201
SS-MEIR-S-33,SS-MEIR-S-33-5D-03,2014-09-23,YD,168,-118.200798,33.995201
SS-MEIR-S-33,SS-MEIR-S-33-6D-03,2014-09-23,YD,163,-118.200798,33.995201
SS-MEIR-S-33,SS-MEIR-S-33-7D-03,2014-09-23,YD,174,-118.200798,33.995201
SS-MEIR-S-33,SS-MEIR-S-33-8D-03,2014-09-23,YD,109,-118.200798,33.995201
SS-MEIR-S-33,SS-MEIR-S-33-9D-03,2014-09-23,YD,129,-118.200798,33.995201
SS-MEIR-S-33,SS-MEIR-S-33-DZ-1D-03,2014-09-23,DL,569,-118.200798,33.995201
SS-MEIR-S-33,SS-MEIR-S-33-DZ-2D-03,2014-09-23,DL,179,-118.200798,33.995201
SS-MEIR-S-33,SS-MEIR-S-33-DZ-3D-03,2014-09-23,DL,306,-118.200798,33.995201
SS-MEIR-S-34,SS-MEIR-S-34-10D-03,2014-09-25,YD,188,-118.200401,33.994202
SS-MEIR-S-34,SS-MEIR-S-34-1D-03,2014-09-25,YD,157,-118.200401,33.994202
SS-MEIR-S-34,SS-MEIR-S-34-2D-03,2014-09-25,YD,117,-118.200401,33.994202
SS-MEIR-S-34,SS-MEIR-S-34-3D-03,2014-09-25,YD,97.3,-118.200401,33.994202
SS-MEIR-S-34,SS-MEIR-S-34-4D-03,2014-09-25,YD,91.2,-118.200401,33.994202
SS-MEIR-S-34,SS-MEIR-S-34-5D-03,2014-09-25,YD,79.7,-118.200401,33.994202
SS-MEIR-S-34,SS-MEIR-S-34-6D-03,2014-09-25,YD,152,-118.200401,33.994202
SS-MEIR-S-34,SS-MEIR-S-34-7D-03,2014-09-25,YD,366,-118.200401,33.994202
SS-MEIR-S-34,SS-MEIR-S-34-8D-03,2014-09-25,YD,180,-118.200401,33.994202
SS-MEIR-S-34,SS-MEIR-S-34-9D-03,2014-09-25,YD,133,-118.200401,33.994202
SS-MEIR-S-34,SS-MEIR-S-34-DZ-1D-03,2014-09-25,DL,101,-118.200401,33.994202
SS-MEIR-S-34,SS-MEIR-S-34-DZ-2D-03,2014-09-25,DL,287,-118.200401,33.994202
SS-MEIR-S-35,SS-MEIR-S-35-10D-03,2014-09-30,YD,165,-118.201302,33.994701
SS-MEIR-S-35,SS-MEIR-S-35-1D-03,2014-09-30,YD,54.4,-118.201302,33.994701
SS-MEIR-S-35,SS-MEIR-S-35-2D-03,2014-09-30,YD,144,-118.201302,33.994701
SS-MEIR-S-35,SS-MEIR-S-35-3D-03,2014-09-30,YD,160,-118.201302,33.994701
SS-MEIR-S-35,SS-MEIR-S-35-4D-03,2014-09-30,YD,183,-118.201302,33.994701
SS-MEIR-S-35,SS-MEIR-S-35-5D-03,2014-09-30,YD,158,-118.201302,33.994701
SS-MEIR-S-35,SS-MEIR-S-35-6D-03,2014-09-30,YD,140,-118.201302,33.994701
SS-MEIR-S-35,SS-MEIR-S-35-7D-03,2014-09-30,YD,172,-118.201302,33.994701
SS-MEIR-S-35,SS-MEIR-S-35-8D-03,2014-09-30,YD,207,-118.201302,33.994701
SS-MEIR-S-35,SS-MEIR-S-35-9D-03,2014-09-30,YD,161,-118.201302,33.994701
SS-MEIR-S-35,SS-MEIR-S-35-DZ-1D-03,2014-09-30,DL,234,-118.201302,33.994701
SS-MEIR-S-35,SS-MEIR-S-35-DZ-2D-03,2014-09-30,DL,230,-118.201302,33.994701
SS-MEIR-S-35,SS-MEIR-S-35-DZ-3D-03,2014-09-30,DL,275,-118.201302,33.994701
SS-MEIR-S-36,SS-MEIR-S-36-10D-03,2014-10-07,YD,242,-118.202103,33.993999
SS-MEIR-S-36,SS-MEIR-S-36-1D-03,2014-10-07,YD,168,-118.202103,33.993999
SS-MEIR-S-36,SS-MEIR-S-36-2D-03,2014-10-07,YD,199,-118.202103,33.993999
SS-MEIR-S-36,SS-MEIR-S-36-3D-03,2014-10-07,YD,330,-118.202103,33.993999
SS-MEIR-S-36,SS-MEIR-S-36-4D-03,2014-10-07,YD,346,-118.202103,33.993999
SS-MEIR-S-36,SS-MEIR-S-36-5D-03,2014-10-07,YD,236,-118.202103,33.993999
SS-MEIR-S-36,SS-MEIR-S-36-6D-03,2014-10-07,YD,329,-118.202103,33.993999
SS-MEIR-S-36,SS-MEIR-S-36-7D-03,2014-10-07,YD,226,-118.202103,33.993999
SS-MEIR-S-36,SS-MEIR-S-36-8D-03,2014-10-07,YD,163,-118.202103,33.993999
SS-MEIR-S-36,SS-MEIR-S-36-9D-03,2014-10-07,YD,168,-118.202103,33.993999
SS-MEIR-S-36,SS-MEIR-S-36-DZ-1D-03,2014-10-07,DL,188,-118.202103,33.993999
SS-MEIR-S-36,SS-MEIR-S-36-DZ-2D-03,2014-10-07,DL,356,-118.202103,33.993999
SS-MEIR-S-37,SS-MEIR-S-37-10D-03,2014-10-07,YD,114,-118.202103,33.994999
SS-MEIR-S-37,SS-MEIR-S-37-1D-03,2014-10-07,YD,113,-118.202103,33.994999
SS-MEIR-S-37,SS-MEIR-S-37-2D-03,2014-10-07,YD,102,-118.202103,33.994999
SS-MEIR-S-37,SS-MEIR-S-37-3D-03,2014-10-07,YD,99.9,-118.202103,33.994999
SS-MEIR-S-37,SS-MEIR-S-37-4D-03,2014-10-07,YD,135,-118.202103,33.994999
SS-MEIR-S-37,SS-MEIR-S-37-5D-03,2014-10-07,YD,233,-118.202103,33.994999
SS-MEIR-S-37,SS-MEIR-S-37-6D-03,2014-10-07,YD,164,-118.202103,33.994999
SS-MEIR-S-37,SS-MEIR-S-37-7D-03,2014-10-07,YD,213,-118.202103,33.994999
SS-MEIR-S-37,SS-MEIR-S-37-8D-03,2014-10-07,YD,118,-118.202103,33.994999
SS-MEIR-S-37,SS-MEIR-S-37-9D-03,2014-10-07,YD,140,-118.202103,33.994999
SS-MEIR-S-37,SS-MEIR-S-37-DZ-1D-03,2014-10-07,DL,216,-118.202103,33.994999
SS-MEIR-S-38,SS-MEIR-S-38-10D-03,2014-10-15,YD,138,-118.201897,33.9953
SS-MEIR-S-38,SS-MEIR-S-38-1D-03,2014-10-15,YD,126,-118.201897,33.9953
SS-MEIR-S-38,SS-MEIR-S-38-2D-03,2014-10-15,YD,142,-118.201897,33.9953
SS-MEIR-S-38,SS-MEIR-S-38-3D-03,2014-10-15,YD,127,-118.201897,33.9953
SS-MEIR-S-38,SS-MEIR-S-38-4D-03,2014-10-15,YD,106,-118.201897,33.9953
SS-MEIR-S-38,SS-MEIR-S-38-5D-03,2014-10-15,YD,149,-118.201897,33.9953
SS-MEIR-S-38,SS-MEIR-S-38-6D-03,2014-10-15,YD,126,-118.201897,33.9953
SS-MEIR-S-38,SS-MEIR-S-38-7D-03,2014-10-15,YD,105,-118.201897,33.9953
SS-MEIR-S-38,SS-MEIR-S-38-8D-03,2014-10-15,YD,96.2,-118.201897,33.9953
SS-MEIR-S-38,SS-MEIR-S-38-9D-03,2014-10-15,YD,102,-118.201897,33.9953
SS-MEIR-S-38,SS-MEIR-S-38-DZ-1D-03,2014-10-15,DL,127,-118.201897,33.9953
SS-MEIR-S-39,SS-MEIR-S-39-10D-03,2014-10-22,YD,390,-118.200104,33.995701
SS-MEIR-S-39,SS-MEIR-S-39-1D-03,2014-10-22,YD,296,-118.200104,33.995701
SS-MEIR-S-39,SS-MEIR-S-39-2D-03,2014-10-22,YD,198,-118.200104,33.995701
SS-MEIR-S-39,SS-MEIR-S-39-3D-03,2014-10-22,YD,225,-118.200104,33.995701
SS-MEIR-S-39,SS-MEIR-S-39-4D-03,2014-10-22,YD,210,-118.200104,33.995701
SS-MEIR-S-39,SS-MEIR-S-39-5D-03,2014-10-22,YD,224,-118.200104,33.995701
SS-MEIR-S-39,SS-MEIR-S-39-6D-03,2014-10-22,YD,461,-118.200104,33.995701
SS-MEIR-S-39,SS-MEIR-S-39-7D-03,2014-10-22,YD,320,-118.200104,33.995701
SS-MEIR-S-39,SS-MEIR-S-39-8D-03,2014-10-22,YD,149,-118.200104,33.995701
SS-MEIR-S-39,SS-MEIR-S-39-9D-03,2014-10-22,YD,72.9,-118.200104,33.995701
SS-MEIR-S-39,SS-MEIR-S-39-DZ-1D-03,2014-10-22,DL,280,-118.200104,33.995701
SS-MEIR-S-39,SS-MEIR-S-39-DZ-2D-03,2014-10-22,DL,210,-118.200104,33.995701
SS-MEIR-S-39,SS-MEIR-S-39-DZ-3D-03,2014-10-22,DL,1360,-118.200104,33.995701
SS-MEIR-S-40,SS-MEIR-S-40-10D-03,2014-10-23,YD,173,-118.200401,33.993801
SS-MEIR-S-40,SS-MEIR-S-40-1D-03,2014-10-23,YD,142,-118.200401,33.993801
SS-MEIR-S-40,SS-MEIR-S-40-2D-03,2014-10-23,YD,3090,-118.200401,33.993801
SS-MEIR-S-40,SS-MEIR-S-40-3D-03,2014-10-23,YD,93,-118.200401,33.993801
SS-MEIR-S-40,SS-MEIR-S-40-4D-03,2014-10-23,YD,128,-118.200401,33.993801
SS-MEIR-S-40,SS-MEIR-S-40-5D-03,2014-10-23,YD,71.6,-118.200401,33.993801
SS-MEIR-S-40,SS-MEIR-S-40-6D-03,2014-10-23,YD,160,-118.200401,33.993801
SS-MEIR-S-40,SS-MEIR-S-40-7D-03,2014-10-23,YD,179,-118.200401,33.993801
SS-MEIR-S-40,SS-MEIR-S-40-8D-03,2014-10-23,YD,196,-118.200401,33.993801
SS-MEIR-S-40,SS-MEIR-S-40-9D-03,2014-10-23,YD,119,-118.200401,33.993801
SS-MEIR-S-40,SS-MEIR-S-40-DZ-1D-03,2014-10-23,DL,192,-118.200401,33.993801
SS-MEIR-S-40,SS-MEIR-S-40-DZ-2D-03,2014-10-23,DL,943,-118.200401,33.993801
SS-MEIR-S-40,SS-MEIR-S-40-DZ-3D-03,2014-10-23,DL,497,-118.200401,33.993801
SS-MEIR-S-41,SS-MEIR-S-41-10D-03,2014-10-23,YD,215,-118.201202,33.994301
SS-MEIR-S-41,SS-MEIR-S-41-1D-03,2014-10-23,YD,361,-118.201202,33.994301
SS-MEIR-S-41,SS-MEIR-S-41-2D-03,2014-10-23,YD,252,-118.201202,33.994301
SS-MEIR-S-41,SS-MEIR-S-41-3D-03,2014-10-23,YD,119,-118.201202,33.994301
SS-MEIR-S-41,SS-MEIR-S-41-4D-03,2014-10-23,YD,111,-118.201202,33.994301
SS-MEIR-S-41,SS-MEIR-S-41-5D-03,2014-10-23,YD,210,-118.201202,33.994301
SS-MEIR-S-41,SS-MEIR-S-41-6D-03,2014-10-23,YD,114,-118.201202,33.994301
SS-MEIR-S-41,SS-MEIR-S-41-7D-03,2014-10-23,YD,195,-118.201202,33.994301
SS-MEIR-S-41,SS-MEIR-S-41-8D-03,2014-10-23,YD,158,-118.201202,33.994301
SS-MEIR-S-41,SS-MEIR-S-41-9D-03,2014-10-23,YD,153,-118.201202,33.994301
SS-MEIR-S-41,SS-MEIR-S-41-DZ-1D-03,2014-10-23,DL,295,-118.201202,33.994301
SS-MEIR-S-41,SS-MEIR-S-41-DZ-2D-03,2014-10-23,DL,17200,-118.201202,33.994301
SS-MEIR-S-42,SS-MEIR-S-42-10D-03,2014-10-24,YD,378,-118.2015,33.9953
SS-MEIR-S-42,SS-MEIR-S-42-1D-03,2014-10-24,YD,152,-118.2015,33.9953
SS-MEIR-S-42,SS-MEIR-S-42-2D-03,2014-10-24,YD,211,-118.2015,33.9953
SS-MEIR-S-42,SS-MEIR-S-42-3D-03,2014-10-24,YD,200,-118.2015,33.9953
SS-MEIR-S-42,SS-MEIR-S-42-4D-03,2014-10-24,YD,178,-118.2015,33.9953
SS-MEIR-S-42,SS-MEIR-S-42-5D-03,2014-10-24,YD,138,-118.2015,33.9953
SS-MEIR-S-42,SS-MEIR-S-42-6D-03,2014-10-24,YD,151,-118.2015,33.9953
SS-MEIR-S-42,SS-MEIR-S-42-7D-03,2014-10-24,YD,206,-118.2015,33.9953
SS-MEIR-S-42,SS-MEIR-S-42-8D-03,2014-10-24,YD,187,-118.2015,33.9953
SS-MEIR-S-42,SS-MEIR-S-42-9D-03,2014-10-24,YD,222,-118.2015,33.9953
SS-MEIR-S-42,SS-MEIR-S-42-DS-1D-03,2014-10-24,DL,160,-118.2015,33.9953
SS-MEIR-S-42,SS-MEIR-S-42-DZ-1D-03,2014-10-24,DL,367,-118.2015,33.9953
SS-MEIR-S-42,SS-MEIR-S-42-DZ-2D-03,2014-10-24,DL,67.8,-118.2015,33.9953
SS-MEIR-S-42,SS-MEIR-S-42-DZ-3D-03,2014-10-24,DL,627,-118.2015,33.9953
SS-MEIR-S-42,SS-MEIR-S-42-DZ-4D-03,2014-10-24,DL,444,-118.2015,33.9953
SS-MEIR-S-43,SS-MEIR-S-43-10D-03,2014-10-27,YD,213,-118.202698,33.994099
SS-MEIR-S-43,SS-MEIR-S-43-1D-03,2014-10-27,YD,183,-118.202698,33.994099
SS-MEIR-S-43,SS-MEIR-S-43-2D-03,2014-10-27,YD,158,-118.202698,33.994099
SS-MEIR-S-43,SS-MEIR-S-43-3D-03,2014-10-27,YD,221,-118.202698,33.994099
SS-MEIR-S-43,SS-MEIR-S-43-4D-03,2014-10-27,YD,106,-118.202698,33.994099
SS-MEIR-S-43,SS-MEIR-S-43-5D-03,2014-10-27,YD,160,-118.202698,33.994099
SS-MEIR-S-43,SS-MEIR-S-43-6D-03,2014-10-27,YD,267,-118.202698,33.994099
SS-MEIR-S-43,SS-MEIR-S-43-7D-03,2014-10-27,YD,164,-118.202698,33.994099
SS-MEIR-S-43,SS-MEIR-S-43-8D-03,2014-10-27,YD,220,-118.202698,33.994099
SS-MEIR-S-43,SS-MEIR-S-43-9D-03,2014-10-27,YD,149,-118.202698,33.994099
SS-MEIR-S-43,SS-MEIR-S-43-DZ-1D-03,2014-10-27,DL,356,-118.202698,33.994099
SS-MEIR-S-43,SS-MEIR-S-43-DZ-2D-03,2014-10-27,DL,538,-118.202698,33.994099
SS-MEIR-S-44,SS-MEIR-S-44-10D-03,2014-10-27,YD,188,-118.200699,33.9939
SS-MEIR-S-44,SS-MEIR-S-44-1D-03,2014-10-27,YD,234,-118.200699,33.9939
SS-MEIR-S-44,SS-MEIR-S-44-2D-03,2014-10-27,YD,153,-118.200699,33.9939
SS-MEIR-S-44,SS-MEIR-S-44-3D-03,2014-10-27,YD,156,-118.200699,33.9939
SS-MEIR-S-44,SS-MEIR-S-44-4D-03,2014-10-27,YD,127,-118.200699,33.9939
SS-MEIR-S-44,SS-MEIR-S-44-5D-03,2014-10-27,YD,130,-118.200699,33.9939
SS-MEIR-S-44,SS-MEIR-S-44-6D-03,2014-10-27,YD,120,-118.200699,33.9939
SS-MEIR-S-44,SS-MEIR-S-44-7D-03,2014-10-27,YD,166,-118.200699,33.9939
SS-MEIR-S-44,SS-MEIR-S-44-8D-03,2014-10-27,YD,125,-118.200699,33.9939
SS-MEIR-S-44,SS-MEIR-S-44-9D-03,2014-10-27,YD,420,-118.200699,33.9939
SS-MEIR-S-44,SS-MEIR-S-44-DS-1D-03,2014-10-27,DL,334,-118.200699,33.9939
SS-MEIR-S-44,SS-MEIR-S-44-DZ-1D-03,2014-10-27,DL,153,-118.200699,33.9939
SS-MEIR-S-44,SS-MEIR-S-44-DZ-2D-03,2014-10-27,DL,200,-118.200699,33.9939
SS-MEIR-S-45,SS-MEIR-S-45-10D-03,2014-10-28,YD,136,-118.201797,33.9935
SS-MEIR-S-45,SS-MEIR-S-45-1D-03,2014-10-28,YD,94,-118.201797,33.9935
SS-MEIR-S-45,SS-MEIR-S-45-2D-03,2014-10-28,YD,86.2,-118.201797,33.9935
SS-MEIR-S-45,SS-MEIR-S-45-3D-03-EZ,2014-10-28,YD,91.3,-118.201797,33.9935
SS-MEIR-S-45,SS-MEIR-S-45-3D-03D-EZ,2014-10-28,YD,92.8,-118.201797,33.9935
SS-MEIR-S-45,SS-MEIR-S-45-4D-03,2014-10-28,YD,107,-118.201797,33.9935
SS-MEIR-S-45,SS-MEIR-S-45-5D-03,2014-10-28,YD,107,-118.201797,33.9935
SS-MEIR-S-45,SS-MEIR-S-45-6D-03,2014-10-28,YD,162,-118.201797,33.9935
SS-MEIR-S-45,SS-MEIR-S-45-7D-03,2014-10-28,YD,98.4,-118.201797,33.9935
SS-MEIR-S-45,SS-MEIR-S-45-8D-03,2014-10-28,YD,114,-118.201797,33.9935
SS-MEIR-S-45,SS-MEIR-S-45-9D-03,2014-10-28,YD,117,-118.201797,33.9935
SS-MEIR-S-46,SS-MEIR-S-46-10D-03,2014-10-28,YD,141,-118.200302,33.994099
SS-MEIR-S-46,SS-MEIR-S-46-1D-03,2014-10-28,YD,160,-118.200302,33.994099
SS-MEIR-S-46,SS-MEIR-S-46-2D-03,2014-10-28,YD,137,-118.200302,33.994099
SS-MEIR-S-46,SS-MEIR-S-46-3D-03,2014-10-28,YD,129,-118.200302,33.994099
SS-MEIR-S-46,SS-MEIR-S-46-4D-03,2014-10-28,YD,178,-118.200302,33.994099
SS-MEIR-S-46,SS-MEIR-S-46-5D-03,2014-10-28,YD,160,-118.200302,33.994099
SS-MEIR-S-46,SS-MEIR-S-46-6D-03,2014-10-28,YD,133,-118.200302,33.994099
SS-MEIR-S-46,SS-MEIR-S-46-7D-03,2014-10-28,YD,133,-118.200302,33.994099
SS-MEIR-S-46,SS-MEIR-S-46-8D-03,2014-10-28,YD,97.9,-118.200302,33.994099
SS-MEIR-S-46,SS-MEIR-S-46-9D-03,2014-10-28,YD,45.3,-118.200302,33.994099
SS-MEIR-S-46,SS-MEIR-S-46-DZ-1D-03,2014-10-28,DL,93.3,-118.200302,33.994099
SS-MEIR-S-47,SS-MEIR-S-47-10D-03,2014-10-28,YD,76.4,-118.200897,33.993401
SS-MEIR-S-47,SS-MEIR-S-47-1D-03,2014-10-28,YD,99.1,-118.200897,33.993401
SS-MEIR-S-47,SS-MEIR-S-47-2D-03,2014-10-28,YD,104,-118.200897,33.993401
SS-MEIR-S-47,SS-MEIR-S-47-3D-03,2014-10-28,YD,72.2,-118.200897,33.993401
SS-MEIR-S-47,SS-MEIR-S-47-4D-03,2014-10-28,YD,50.9,-118.200897,33.993401
SS-MEIR-S-47,SS-MEIR-S-47-5D-03,2014-10-28,YD,77.6,-118.200897,33.993401
SS-MEIR-S-47,SS-MEIR-S-47-6D-03,2014-10-28,YD,97.1,-118.200897,33.993401
SS-MEIR-S-47,SS-MEIR-S-47-7D-03,2014-10-28,YD,59.3,-118.200897,33.993401
SS-MEIR-S-47,SS-MEIR-S-47-8D-03,2014-10-28,YD,58,-118.200897,33.993401
SS-MEIR-S-47,SS-MEIR-S-47-9D-03,2014-10-28,YD,144,-118.200897,33.993401
SS-MEIR-S-47,SS-MEIR-S-47-DZ-1D-03,2014-10-28,DL,72.2,-118.200897,33.993401
SS-MEIR-S-47,SS-MEIR-S-47-DZ-2D-03,2014-10-28,DL,118,-118.200897,33.993401
SS-MEIR-S-48,SS-MEIR-S-48-10D-03,2014-10-29,YD,185,-118.201302,33.9939
SS-MEIR-S-48,SS-MEIR-S-48-1D-03,2014-10-29,YD,168,-118.201302,33.9939
SS-MEIR-S-48,SS-MEIR-S-48-2D-03,2014-10-29,YD,155,-118.201302,33.9939
SS-MEIR-S-48,SS-MEIR-S-48-3D-03,2014-10-29,YD,49.9,-118.201302,33.9939
SS-MEIR-S-48,SS-MEIR-S-48-4D-03,2014-10-29,YD,7.26,-118.201302,33.9939
SS-MEIR-S-48,SS-MEIR-S-48-5D-03,2014-10-29,YD,349,-118.201302,33.9939
SS-MEIR-S-48,SS-MEIR-S-48-6D-03,2014-10-29,YD,223,-118.201302,33.9939
SS-MEIR-S-48,SS-MEIR-S-48-7D-03,2014-10-29,YD,212,-118.201302,33.9939
SS-MEIR-S-48,SS-MEIR-S-48-8D-03,2014-10-29,YD,209,-118.201302,33.9939
SS-MEIR-S-48,SS-MEIR-S-48-9D-03,2014-10-29,YD,196,-118.201302,33.9939
SS-MEIR-S-48,SS-MEIR-S-48-DZ-1D-03,2014-10-29,DL,106,-118.201302,33.9939
SS-MEIR-S-49,SS-MEIR-S-49-10D-03,2014-10-30,YD,189,-118.2005,33.993801
SS-MEIR-S-49,SS-MEIR-S-49-1D-03,2014-10-30,YD,146,-118.2005,33.993801
SS-MEIR-S-49,SS-MEIR-S-49-2D-03,2014-10-30,YD,61.3,-118.2005,33.993801
SS-MEIR-S-49,SS-MEIR-S-49-3D-03,2014-10-30,YD,131,-118.2005,33.993801
SS-MEIR-S-49,SS-MEIR-S-49-4D-03,2014-10-30,YD,139,-118.2005,33.993801
SS-MEIR-S-49,SS-MEIR-S-49-5D-03,2014-10-30,YD,113,-118.2005,33.993801
SS-MEIR-S-49,SS-MEIR-S-49-6D-03,2014-10-30,YD,185,-118.2005,33.993801
SS-MEIR-S-49,SS-MEIR-S-49-7D-03,2014-10-30,YD,159,-118.2005,33.993801
SS-MEIR-S-49,SS-MEIR-S-49-8D-03,2014-10-30,YD,169,-118.2005,33.993801
SS-MEIR-S-49,SS-MEIR-S-49-9D-03,2014-10-30,YD,182,-118.2005,33.993801
SS-MEIR-S-49,SS-MEIR-S-49-DZ-1D-03,2014-10-30,DL,260,-118.2005,33.993801
SS-MEIR-S-49,SS-MEIR-S-49-DZ-2D-03,2014-10-30,DL,427,-118.2005,33.993801
SS-MEIR-S-50,SS-MEIR-S-50-10D-03,2014-10-30,YD,32.2,-118.2024,33.995399
SS-MEIR-S-50,SS-MEIR-S-50-1D-03,2014-10-30,YD,30.7,-118.2024,33.995399
SS-MEIR-S-50,SS-MEIR-S-50-2D-03,2014-10-30,YD,33.4,-118.2024,33.995399
SS-MEIR-S-50,SS-MEIR-S-50-3D-03,2014-10-30,YD,41.9,-118.2024,33.995399
SS-MEIR-S-50,SS-MEIR-S-50-4D-03,2014-10-30,YD,30.6,-118.2024,33.995399
SS-MEIR-S-50,SS-MEIR-S-50-5D-03,2014-10-30,YD,25.2,-118.2024,33.995399
SS-MEIR-S-50,SS-MEIR-S-50-6D-03,2014-10-30,YD,30.5,-118.2024,33.995399
SS-MEIR-S-50,SS-MEIR-S-50-7D-03,2014-10-30,YD,31.8,-118.2024,33.995399
SS-MEIR-S-50,SS-MEIR-S-50-8D-03,2014-10-30,YD,48.9,-118.2024,33.995399
SS-MEIR-S-50,SS-MEIR-S-50-9D-03,2014-10-30,YD,29.7,-118.2024,33.995399
SS-MEIR-S-50,SS-MEIR-S-50-DZ-1D-03,2014-10-30,DL,46.6,-118.2024,33.995399
SS-MEIR-S-50,SS-MEIR-S-50-DZ-2D-03,2014-10-30,DL,76.8,-118.2024,33.995399
SS-MEIR-S-50,SS-MEIR-S-50-DZ-3D-03,2014-10-30,DL,84.2,-118.2024,33.995399
SS-MEIR-S-51,SS-MEIR-S-51-10D-03,2014-10-31,YD,54.1,-118.200798,33.9939
SS-MEIR-S-51,SS-MEIR-S-51-1D-03,2014-10-31,YD,88.1,-118.200798,33.9939
SS-MEIR-S-51,SS-MEIR-S-51-2D-03,2014-10-31,YD,87,-118.200798,33.9939
SS-MEIR-S-51,SS-MEIR-S-51-3D-03,2014-10-31,YD,52.4,-118.200798,33.9939
SS-MEIR-S-51,SS-MEIR-S-51-4D-03,2014-10-31,YD,44,-118.200798,33.9939
SS-MEIR-S-51,SS-MEIR-S-51-5D-03,2014-10-31,YD,69.9,-118.200798,33.9939
SS-MEIR-S-51,SS-MEIR-S-51-6D-03,2014-10-31,YD,56.4,-118.200798,33.9939
SS-MEIR-S-51,SS-MEIR-S-51-7D-03,2014-10-31,YD,52.5,-118.200798,33.9939
SS-MEIR-S-51,SS-MEIR-S-51-8D-03,2014-10-31,YD,42.7,-118.200798,33.9939
SS-MEIR-S-51,SS-MEIR-S-51-9D-03,2014-10-31,YD,52.9,-118.200798,33.9939
SS-MEIR-S-51,SS-MEIR-S-51-DZ-1D-03,2014-10-31,DL,62.1,-118.200798,33.9939
SS-MEIR-S-52,SS-MEIR-S-52-10D-03,2014-10-31,YD,103,-118.200996,33.993301
SS-MEIR-S-52,SS-MEIR-S-52-1D-03,2014-10-31,YD,68.8,-118.200996,33.993301
SS-MEIR-S-52,SS-MEIR-S-52-2D-03,2014-10-31,YD,445,-118.200996,33.993301
SS-MEIR-S-52,SS-MEIR-S-52-3D-03,2014-10-31,YD,54.1,-118.200996,33.993301
SS-MEIR-S-52,SS-MEIR-S-52-4D-03,2014-10-31,YD,78.5,-118.200996,33.993301
SS-MEIR-S-52,SS-MEIR-S-52-5D-03,2014-10-31,YD,84.5,-118.200996,33.993301
SS-MEIR-S-52,SS-MEIR-S-52-6D-03,2014-10-31,YD,62.8,-118.200996,33.993301
SS-MEIR-S-52,SS-MEIR-S-52-7D-03,2014-10-31,YD,59.6,-118.200996,33.993301
SS-MEIR-S-52,SS-MEIR-S-52-8D-03,2014-10-31,YD,127,-118.200996,33.993301
SS-MEIR-S-52,SS-MEIR-S-52-9D-03,2014-10-31,YD,189,-118.200996,33.993301
SS-MEIR-S-53,SS-MEIR-S-53-10D-03,2014-10-31,YD,218,-118.201897,33.9944
SS-MEIR-S-53,SS-MEIR-S-53-1D-03,2014-10-31,YD,126,-118.201897,33.9944
SS-MEIR-S-53,SS-MEIR-S-53-2D-03,2014-10-31,YD,182,-118.201897,33.9944
SS-MEIR-S-53,SS-MEIR-S-53-3D-03,2014-10-31,YD,158,-118.201897,33.9944
SS-MEIR-S-53,SS-MEIR-S-53-4D-03,2014-10-31,YD,242,-118.201897,33.9944
SS-MEIR-S-53,SS-MEIR-S-53-5D-03,2014-10-31,YD,158,-118.201897,33.9944
SS-MEIR-S-53,SS-MEIR-S-53-6D-03,2014-10-31,YD,169,-118.201897,33.9944
SS-MEIR-S-53,SS-MEIR-S-53-7D-03,2014-10-31,YD,196,-118.201897,33.9944
SS-MEIR-S-53,SS-MEIR-S-53-8D-03,2014-10-31,YD,162,-118.201897,33.9944
SS-MEIR-S-53,SS-MEIR-S-53-9D-03,2014-10-31,YD,176,-118.201897,33.9944
SS-MEIR-S-54,SS-MEIR-S-54-10D-03,2014-11-03,YD,161,-118.201995,33.994129
SS-MEIR-S-54,SS-MEIR-S-54-1D-03,2014-11-03,YD,616,-118.202048,33.993784
SS-MEIR-S-54,SS-MEIR-S-54-2D-03,2014-11-03,YD,935,-118.202043,33.993808
SS-MEIR-S-54,SS-MEIR-S-54-3D-03,2014-11-03,YD,114,-118.20203,33.993794
SS-MEIR-S-54,SS-MEIR-S-54-4D-03,2014-11-03,YD,156,-118.202001,33.993782
SS-MEIR-S-54,SS-MEIR-S-54-5D-03,2014-11-03,YD,109,-118.202,33.993802
SS-MEIR-S-54,SS-MEIR-S-54-6D-03,2014-11-03,YD,218,-118.201908,33.99408
SS-MEIR-S-54,SS-MEIR-S-54-7D-03,2014-11-03,YD,176,-118.201904,33.99411
SS-MEIR-S-54,SS-MEIR-S-54-8D-03,2014-11-03,YD,159,-118.202007,33.994069
SS-MEIR-S-54,SS-MEIR-S-54-9D-03,2014-11-03,YD,161,-118.202002,33.994099
SS-MEIR-S-55,SS-MEIR-S-55-10D-03,2014-12-23,YD,149,-118.201698,33.993999
SS-MEIR-S-55,SS-MEIR-S-55-1D-03,2014-12-23,YD,170,-118.201698,33.993999
SS-MEIR-S-55,SS-MEIR-S-55-2D-03,2014-12-23,YD,182,-118.201698,33.993999
SS-MEIR-S-55,SS-MEIR-S-55-3D-03,2014-12-23,YD,208,-118.201698,33.993999
SS-MEIR-S-55,SS-MEIR-S-55-4D-03,2014-12-23,YD,165,-118.201698,33.993999
SS-MEIR-S-55,SS-MEIR-S-55-5D-03,2014-12-23,YD,171,-118.201698,33.993999
SS-MEIR-S-55,SS-MEIR-S-55-6D-03,2014-12-23,YD,194,-118.201698,33.993999
SS-MEIR-S-55,SS-MEIR-S-55-7D-03,2014-12-23,YD,132,-118.201698,33.993999
SS-MEIR-S-55,SS-MEIR-S-55-8D-03,2014-12-23,YD,175,-118.201698,33.993999
SS-MEIR-S-55,SS-MEIR-S-55-9D-03,2014-12-23,YD,216,-118.201698,33.993999
SS-MEIR-S-55,SS-MEIR-S-55-DZ-1D-03,2014-12-23,DL,217,-118.201698,33.993999
SS-MEIR-S-55,SS-MEIR-S-55-DZ-2D-03,2014-12-23,DL,173,-118.201698,33.993999
SS-MEIR-S-56,SS-MEIR-S-56-10D-03,2014-12-26,YD,205,-118.202202,33.9944
SS-MEIR-S-56,SS-MEIR-S-56-1D-03,2014-12-26,YD,158,-118.202202,33.9944
SS-MEIR-S-56,SS-MEIR-S-56-2D-03,2014-12-26,YD,168,-118.202202,33.9944
SS-MEIR-S-56,SS-MEIR-S-56-3D-03,2014-12-26,YD,133,-118.202202,33.9944
SS-MEIR-S-56,SS-MEIR-S-56-4D-03,2014-12-26,YD,265,-118.202202,33.9944
SS-MEIR-S-56,SS-MEIR-S-56-5D-03,2014-12-26,YD,141,-118.202202,33.9944
SS-MEIR-S-56,SS-MEIR-S-56-6D-03,2014-12-26,YD,244,-118.202202,33.9944
SS-MEIR-S-56,SS-MEIR-S-56-7D-03,2014-12-26,YD,290,-118.202202,33.9944
SS-MEIR-S-56,SS-MEIR-S-56-8D-03,2014-12-26,YD,170,-118.202202,33.9944
SS-MEIR-S-56,SS-MEIR-S-56-9D-03,2014-12-26,YD,261,-118.202202,33.9944
SS-MEIR-S-56,SS-MEIR-S-56-DZ-1D-03,2014-12-26,DL,178,-118.202202,33.9944
SS-MEIR-S-56,SS-MEIR-S-56-DZ-2D-03,2014-12-26,DL,208,-118.202202,33.9944
SS-MEIR-S-57,SS-MEIR-S-57-10D-03,2014-12-29,YD,256,-118.201503,33.99593
SS-MEIR-S-57,SS-MEIR-S-57-1D-03,2014-12-29,YD,97.9,-118.201622,33.995622
SS-MEIR-S-57,SS-MEIR-S-57-2D-03,2014-12-29,YD,120,-118.20161,33.995641
SS-MEIR-S-57,SS-MEIR-S-57-3D-03,2014-12-29,YD,252,-118.201619,33.995652
SS-MEIR-S-57,SS-MEIR-S-57-4D-03,2014-12-29,YD,147,-118.201574,33.995621
SS-MEIR-S-57,SS-MEIR-S-57-5D-03,2014-12-29,YD,241,-118.201563,33.995652
SS-MEIR-S-57,SS-MEIR-S-57-6D-03,2014-12-29,YD,179,-118.201566,33.995913
SS-MEIR-S-57,SS-MEIR-S-57-7D-03,2014-12-29,YD,185,-118.201551,33.995912
SS-MEIR-S-57,SS-MEIR-S-57-8D-03,2014-12-29,YD,258,-118.201548,33.995929
SS-MEIR-S-57,SS-MEIR-S-57-9D-03,2014-12-29,YD,233,-118.20156,33.995939
SS-MEIR-S-57,SS-MEIR-S-57-DZ-1D-03,2014-12-29,DL,255,-118.201574,33.995665
SS-MEIR-S-58,SS-MEIR-S-58-10D-03,2014-12-29,YD,131,-118.202301,33.995998
SS-MEIR-S-58,SS-MEIR-S-58-1D-03,2014-12-29,YD,93.8,-118.202301,33.995998
SS-MEIR-S-58,SS-MEIR-S-58-2D-03,2014-12-29,YD,121,-118.202301,33.995998
SS-MEIR-S-58,SS-MEIR-S-58-3D-03,2014-12-29,YD,99.5,-118.202301,33.995998
SS-MEIR-S-58,SS-MEIR-S-58-4D-03,2014-12-29,YD,115,-118.202301,33.995998
SS-MEIR-S-58,SS-MEIR-S-58-5D-03,2014-12-29,YD,151,-118.202301,33.995998
SS-MEIR-S-58,SS-MEIR-S-58-6D-03,2014-12-29,YD,120,-118.202301,33.995998
SS-MEIR-S-58,SS-MEIR-S-58-7D-03,2014-12-29,YD,121,-118.202301,33.995998
SS-MEIR-S-58,SS-MEIR-S-58-8D-03,2014-12-29,YD,159,-118.202301,33.995998
SS-MEIR-S-58,SS-MEIR-S-58-9D-03,2014-12-29,YD,1120,-118.202301,33.995998
SS-MEIR-S-58,SS-MEIR-S-58-DZ-1D-03,2014-12-29,DL,175,-118.202301,33.995998
SS-MEIR-S-58,SS-MEIR-S-58-DZ-2D-03,2014-12-29,DL,578,-118.202301,33.995998
SS-MEIR-S-59,SS-MEIR-S-59-10D-03,2015-01-12,YD,257,-118.200996,33.994301
SS-MEIR-S-59,SS-MEIR-S-59-1D-03,2015-01-12,YD,112,-118.200996,33.994301
SS-MEIR-S-59,SS-MEIR-S-59-2D-03,2015-01-12,YD,184,-118.200996,33.994301
SS-MEIR-S-59,SS-MEIR-S-59-3D-03,2015-01-12,YD,129,-118.200996,33.994301
SS-MEIR-S-59,SS-MEIR-S-59-4D-03,2015-01-12,YD,134,-118.200996,33.994301
SS-MEIR-S-59,SS-MEIR-S-59-5D-03,2015-01-12,YD,102,-118.200996,33.994301
SS-MEIR-S-59,SS-MEIR-S-59-6D-03,2015-01-12,YD,198,-118.200996,33.994301
SS-MEIR-S-59,SS-MEIR-S-59-7D-03,2015-01-12,YD,94.1,-118.200996,33.994301
SS-MEIR-S-59,SS-MEIR-S-59-8D-03,2015-01-12,YD,361,-118.200996,33.994301
SS-MEIR-S-59,SS-MEIR-S-59-9D-03,2015-01-12,YD,77.2,-118.200996,33.994301
SS-MEIR-S-59,SS-MEIR-S-59-DZ-1D-03,2015-01-12,DL,235,-118.200996,33.994301
SS-MEIR-S-60,SS-MEIR-S-60-10D-03,2015-01-14,YD,137,-118.201103,33.994301
SS-MEIR-S-60,SS-MEIR-S-60-1D-03,2015-01-14,YD,78.5,-118.201103,33.994301
SS-MEIR-S-60,SS-MEIR-S-60-2D-03,2015-01-14,YD,128,-118.201103,33.994301
SS-MEIR-S-60,SS-MEIR-S-60-3D-03,2015-01-14,YD,69.6,-118.201103,33.994301
SS-MEIR-S-60,SS-MEIR-S-60-4D-03,2015-01-14,YD,77.4,-118.201103,33.994301
SS-MEIR-S-60,SS-MEIR-S-60-5D-03,2015-01-14,YD,55.8,-118.201103,33.994301
SS-MEIR-S-60,SS-MEIR-S-60-6D-03,2015-01-14,YD,66.6,-118.201103,33.994301
SS-MEIR-S-60,SS-MEIR-S-60-7D-03,2015-01-14,YD,107,-118.201103,33.994301
SS-MEIR-S-60,SS-MEIR-S-60-8D-03,2015-01-14,YD,81.2,-118.201103,33.994301
SS-MEIR-S-60,SS-MEIR-S-60-9D-03,2015-01-14,YD,73.9,-118.201103,33.994301
SS-MEIR-S-60,SS-MEIR-S-60-DZ-1D-03,2015-01-14,DL,142,-118.201103,33.994301
SS-MEIR-S-60,SS-MEIR-S-60-DZ-2D-03,2015-01-14,DL,180,-118.201103,33.994301
SS-MEIR-S-61,SS-MEIR-S-61-10D-03,2015-01-29,YD,226,-118.20088199999999,33.994631
SS-MEIR-S-61,SS-MEIR-S-61-1D-03,2015-01-29,YD,149,-118.200968,33.994614
SS-MEIR-S-61,SS-MEIR-S-61-2D-03,2015-01-29,YD,188,-118.200965,33.994634
SS-MEIR-S-61,SS-MEIR-S-61-3D-03,2015-01-29,YD,155,-118.20096,33.994653
SS-MEIR-S-61,SS-MEIR-S-61-4D-03,2015-01-29,YD,383,-118.200956,33.994672
SS-MEIR-S-61,SS-MEIR-S-61-5D-03,2015-01-29,YD,297,-118.200922,33.994608
SS-MEIR-S-61,SS-MEIR-S-61-6D-03,2015-01-29,YD,192,-118.200921,33.994626
SS-MEIR-S-61,SS-MEIR-S-61-7D-03,2015-01-29,YD,164,-118.200916,33.994647
SS-MEIR-S-61,SS-MEIR-S-61-8D-03,2015-01-29,YD,166,-118.200925,33.994661
SS-MEIR-S-61,SS-MEIR-S-61-9D-03,2015-01-29,YD,176,-118.200881,33.994603
SS-MEIR-S-61,SS-MEIR-S-61-DZ-1D-03,2015-01-29,DL,771,-118.200943,33.99468
SS-MEIR-S-61,SS-MEIR-S-61-DZ-2D-03,2015-01-29,DL,631,-118.200966,33.994717
SS-MEIR-S-61,SS-MEIR-S-61-DZ-3D-03,2015-01-29,DL,767,-118.200862,33.994703
SS-MEIR-S-62,SS-MEIR-S-62-10D-03,2015-01-29,YD,404,-118.200569,33.994165
SS-MEIR-S-62,SS-MEIR-S-62-1D-03,2015-01-29,YD,111,-118.200506,33.994406
SS-MEIR-S-62,SS-MEIR-S-62-2D-03,2015-01-29,YD,127,-118.200514,33.994374
SS-MEIR-S-62,SS-MEIR-S-62-3D-03,2015-01-29,YD,167,-118.200545,33.994389
SS-MEIR-S-62,SS-MEIR-S-62-4D-03,2015-01-29,YD,149,-118.200574,33.994417
SS-MEIR-S-62,SS-MEIR-S-62-5D-03,2015-01-29,YD,142,-118.200586,33.994368
SS-MEIR-S-62,SS-MEIR-S-62-6D-03,2015-01-29,YD,243,-118.200528,33.994206
SS-MEIR-S-62,SS-MEIR-S-62-7D-03,2015-01-29,YD,220,-118.200531,33.994165
SS-MEIR-S-62,SS-MEIR-S-62-8D-03,2015-01-29,YD,234,-118.200546,33.994185
SS-MEIR-S-62,SS-MEIR-S-62-9D-03,2015-01-29,YD,273,-118.200566,33.994194
SS-MEIR-S-62,SS-MEIR-S-62-DZ-1D-03,2015-01-29,DL,187,-118.20056,33.994358
SS-MEIR-S-62,SS-MEIR-S-62-DZ-2D-03,2015-01-29,DL,1470,-118.200516,33.994301
SS-MEIR-S-62,SS-MEIR-S-62-DZ-3D-03,2015-01-29,DL,300,-118.200554,33.994224
SS-MEIR-S-63,SS-MEIR-S-63-10D-03,2015-01-30,YD,1310,-118.201461,33.994832
SS-MEIR-S-63,SS-MEIR-S-63-1D-EZ-03,2015-01-30,YD,153,-118.20162,33.994685
SS-MEIR-S-63,SS-MEIR-S-63-2D-EZ-03,2015-01-30,YD,169,-118.201614,33.99471
SS-MEIR-S-63,SS-MEIR-S-63-3D-EZ-03,2015-01-30,YD,200,-118.201575,33.994679
SS-MEIR-S-63,SS-MEIR-S-63-4D-EZ-03,2015-01-30,YD,233,-118.201579,33.994705
SS-MEIR-S-63,SS-MEIR-S-63-5D-03,2015-01-30,YD,174,-118.201497,33.994672
SS-MEIR-S-63,SS-MEIR-S-63-6D-03,2015-01-30,YD,252,-118.201505,33.994697
SS-MEIR-S-63,SS-MEIR-S-63-7D-03,2015-01-30,YD,233,-118.20147,33.99467
SS-MEIR-S-63,SS-MEIR-S-63-8D-03,2015-01-30,YD,167,-118.201474,33.9947
SS-MEIR-S-63,SS-MEIR-S-63-9D-03,2015-01-30,YD,289,-118.201489,33.994833
SS-MEIR-S-63,SS-MEIR-S-63-DZ-1D-03,2015-01-30,DL,289,-118.20162,33.994741
SS-MEIR-S-63,SS-MEIR-S-63-DZ-2D-03,2015-01-30,DL,309,-118.201586,33.994737
SS-MEIR-S-63,SS-MEIR-S-63-DZ-3D-03,2015-01-30,DL,1220,-118.201544,33.994753
SS-MEIR-S-64,SS-MEIR-S-64-10D-EZ-03,2015-01-30,YD,228,-118.201655,33.994321
SS-MEIR-S-64,SS-MEIR-S-64-1D-03,2015-01-30,YD,120,-118.201558,33.994512
SS-MEIR-S-64,SS-MEIR-S-64-2D-03,2015-01-30,YD,147,-118.20156,33.994475
SS-MEIR-S-64,SS-MEIR-S-64-3D-03,2015-01-30,YD,111,-118.201581,33.994494
SS-MEIR-S-64,SS-MEIR-S-64-4D-03,2015-01-30,YD,135,-118.201598,33.994516
SS-MEIR-S-64,SS-MEIR-S-64-5D-03,2015-01-30,YD,162,-118.201606,33.994487
SS-MEIR-S-64,SS-MEIR-S-64-6D-03,2015-01-30,YD,888,-118.201624,33.994364
SS-MEIR-S-64,SS-MEIR-S-64-7D-03,2015-01-30,YD,169,-118.201626,33.994318
SS-MEIR-S-64,SS-MEIR-S-64-8D-03,2015-01-30,YD,164,-118.201635,33.994339
SS-MEIR-S-64,SS-MEIR-S-64-9D-03,2015-01-30,YD,260,-118.201644,33.994365
SS-MEIR-S-64,SS-MEIR-S-64-DZ-1D-03,2015-01-30,DL,399,-118.201611,33.994466
SS-MEIR-S-64,SS-MEIR-S-64-DZ-2D-03,2015-01-30,DL,168,-118.201548,33.994452
SS-MEIR-S-65,SS-MEIR-S-65-10D-03,2015-02-12,YD,149,-118.200641,33.993258
SS-MEIR-S-65,SS-MEIR-S-65-1D-03,2015-02-12,YD,80.3,-118.200527,33.99347
SS-MEIR-S-65,SS-MEIR-S-65-2D-03,2015-02-12,YD,102,-118.20054,33.993432
SS-MEIR-S-65,SS-MEIR-S-65-3D-03,2015-02-12,YD,115,-118.200555,33.993454
SS-MEIR-S-65,SS-MEIR-S-65-4D-03,2015-02-12,YD,139,-118.200607,33.993478
SS-MEIR-S-65,SS-MEIR-S-65-5D-03,2015-02-12,YD,136,-118.200607,33.993433
SS-MEIR-S-65,SS-MEIR-S-65-6D-03,2015-02-12,YD,291,-118.200584,33.993294
SS-MEIR-S-65,SS-MEIR-S-65-7D-03,2015-02-12,YD,201,-118.200589,33.993268
SS-MEIR-S-65,SS-MEIR-S-65-8D-03,2015-02-12,YD,156,-118.200606,33.993284
SS-MEIR-S-65,SS-MEIR-S-65-9D-03,2015-02-12,YD,231,-118.200641,33.993288
SS-MEIR-S-65,SS-MEIR-S-65-DZ-1D-03,2015-02-12,DL,100,-118.200548,33.993419
SS-MEIR-S-65,SS-MEIR-S-65-DZ-2D-03,2015-02-12,DL,171,-118.200623,33.993306
SS-MEIR-S-66,SS-MEIR-S-66-10D-03,2015-02-12,YD,162,-118.202028,33.994567
SS-MEIR-S-66,SS-MEIR-S-66-1D-03,2015-02-12,YD,195,-118.201967,33.994561
SS-MEIR-S-66,SS-MEIR-S-66-2D-03,2015-02-12,YD,203,-118.201974,33.99454
SS-MEIR-S-66,SS-MEIR-S-66-3D-03,2015-02-12,YD,126,-118.201977,33.994521
SS-MEIR-S-66,SS-MEIR-S-66-4D-03,2015-02-12,YD,129,-118.202003,33.99454
SS-MEIR-S-66,SS-MEIR-S-66-5D-03,2015-02-12,YD,146,-118.202013,33.994557
SS-MEIR-S-66,SS-MEIR-S-66-6D-03,2015-02-12,YD,146,-118.202016,33.994531
SS-MEIR-S-66,SS-MEIR-S-66-7D-03,2015-02-12,YD,174,-118.202022,33.99452
SS-MEIR-S-66,SS-MEIR-S-66-8D-03,2015-02-12,YD,237,-118.202037,33.994537
SS-MEIR-S-66,SS-MEIR-S-66-9D-03,2015-02-12,YD,171,-118.202036,33.99455
SS-MEIR-S-66,SS-MEIR-S-66-DZ-1D-03,2015-02-12,DL,182,-118.201997,33.994516
SS-MEIR-S-66,SS-MEIR-S-66-DZ-2D-03,2015-02-12,DL,702,-118.20206,33.994508
SS-MEIR-S-67,SS-MEIR-S-67-10D-03,2015-02-13,YD,137,-118.202944,33.994664
SS-MEIR-S-67,SS-MEIR-S-67-1D-03,2015-02-13,YD,103,-118.202892,33.994658
SS-MEIR-S-67,SS-MEIR-S-67-2D-03,2015-02-13,YD,237,-118.202899,33.994629
SS-MEIR-S-67,SS-MEIR-S-67-3D-03,2015-02-13,YD,235,-118.202901,33.99461
SS-MEIR-S-67,SS-MEIR-S-67-4D-03,2015-02-13,YD,211,-118.202923,33.99461
SS-MEIR-S-67,SS-MEIR-S-67-5D-03,2015-02-13,YD,139,-118.202916,33.994634
SS-MEIR-S-67,SS-MEIR-S-67-6D-03,2015-02-13,YD,120,-118.202908,33.994659
SS-MEIR-S-67,SS-MEIR-S-67-7D-03,2015-02-13,YD,115,-118.202935,33.99463
SS-MEIR-S-67,SS-MEIR-S-67-8D-03,2015-02-13,YD,173,-118.202957,33.994612
SS-MEIR-S-67,SS-MEIR-S-67-9D-03,2015-02-13,YD,127,-118.202949,33.994638
SS-MEIR-S-67,SS-MEIR-S-67-DZ-1D-03,2015-02-13,DL,313,-118.20291,33.994601
SS-MEIR-S-67,SS-MEIR-S-67-DZ-2D-03,2015-02-13,DL,341,-118.202972,33.994602
SS-MEIR-S-68,SS-MEIR-S-68-10D-03,2015-02-13,YD,143,-118.202353,33.994037
SS-MEIR-S-68,SS-MEIR-S-68-1D-03,2015-02-13,YD,267,-118.202522,33.993847
SS-MEIR-S-68,SS-MEIR-S-68-2D-03,2015-02-13,YD,199,-118.202511,33.993875
SS-MEIR-S-68,SS-MEIR-S-68-3D-03,2015-02-13,YD,174,-118.202474,33.993852
SS-MEIR-S-68,SS-MEIR-S-68-4D-03,2015-02-13,YD,205,-118.202478,33.993831
SS-MEIR-S-68,SS-MEIR-S-68-5D-03,2015-02-13,YD,204,-118.202446,33.993843
SS-MEIR-S-68,SS-MEIR-S-68-6D-03,2015-02-13,YD,181,-118.202415,33.993833
SS-MEIR-S-68,SS-MEIR-S-68-7D-03,2015-02-13,YD,169,-118.202393,33.993841
SS-MEIR-S-68,SS-MEIR-S-68-8D-03,2015-02-13,YD,199,-118.202388,33.994028
SS-MEIR-S-68,SS-MEIR-S-68-9D-03,2015-02-13,YD,267,-118.20239,33.994047
SS-MEIR-S-68,SS-MEIR-S-68-DZ-1D-03,2015-02-13,DL,180,-118.202408,33.993883
SS-MEIR-S-69,SS-MEIR-S-69-10D-03,2015-02-13,YD,155,-118.200776,33.993227
SS-MEIR-S-69,SS-MEIR-S-69-1D-03,2015-02-13,YD,118,-118.200667,33.993479
SS-MEIR-S-69,SS-MEIR-S-69-2D-03,2015-02-13,YD,104,-118.200676,33.993446
SS-MEIR-S-69,SS-MEIR-S-69-3D-03,2015-02-13,YD,87.4,-118.20069,33.993463
SS-MEIR-S-69,SS-MEIR-S-69-4D-03,2015-02-13,YD,110,-118.200722,33.993487
SS-MEIR-S-69,SS-MEIR-S-69-5D-03,2015-02-13,YD,91.2,-118.200726,33.993457
SS-MEIR-S-69,SS-MEIR-S-69-6D-03,2015-02-13,YD,166,-118.200737,33.993254
SS-MEIR-S-69,SS-MEIR-S-69-7D-03,2015-02-13,YD,160,-118.200739,33.993218
SS-MEIR-S-69,SS-MEIR-S-69-8D-03,2015-02-13,YD,124,-118.200755,33.993239
SS-MEIR-S-69,SS-MEIR-S-69-9D-03,2015-02-13,YD,121,-118.200774,33.993257
SS-MEIR-S-69,SS-MEIR-S-69-DZ-1D-03,2015-02-13,DL,147,-118.200699,33.993427
SS-MEIR-S-70,SS-MEIR-S-70-10D-03,2015-02-25,YD,124,-118.203144,33.994956
SS-MEIR-S-70,SS-MEIR-S-70-1D-03,2015-02-25,YD,68.5,-118.203309,33.994998
SS-MEIR-S-70,SS-MEIR-S-70-2D-03,2015-02-25,YD,177,-118.203297,33.994874
SS-MEIR-S-70,SS-MEIR-S-70-3D-03,2015-02-25,YD,175,-118.203259,33.994868
SS-MEIR-S-70,SS-MEIR-S-70-4D-03,2015-02-25,YD,178,-118.2032,33.994865
SS-MEIR-S-70,SS-MEIR-S-70-5D-03,2015-02-25,YD,121,-118.203166,33.99486
SS-MEIR-S-70,SS-MEIR-S-70-6D-03,2015-02-25,YD,124,-118.203115,33.994852
SS-MEIR-S-70,SS-MEIR-S-70-7D-03,2015-02-25,YD,151,-118.203021,33.994842
SS-MEIR-S-70,SS-MEIR-S-70-8D-03,2015-02-25,YD,236,-118.202983,33.99482
SS-MEIR-S-70,SS-MEIR-S-70-9D-03,2015-02-25,YD,185,-118.20314,33.995018
SS-MEIR-S-70,SS-MEIR-S-70-DZ-1D-03,2015-02-25,DL,236,-118.203206,33.9949
SS-MEIR-S-70,SS-MEIR-S-70-DZ-2D-03,2015-02-25,DL,165,-118.203047,33.994974
SS-MEIR-S-70,SS-MEIR-S-70-DZ-3D-03,2015-02-25,DL,177,-118.203016,33.994995
SS-MEIR-S-70,SS-MEIR-S-70-DZ-4D-03,2015-02-25,DL,173,-118.202989,33.995013
SS-MEIR-S-71,SS-MEIR-S-71-10D-03,2015-02-25,YD,170,-118.200432,33.99486
SS-MEIR-S-71,SS-MEIR-S-71-1D-03,2015-02-25,YD,38.6,-118.200574,33.994576
SS-MEIR-S-71,SS-MEIR-S-71-2D-03,2015-02-25,YD,69.8,-118.20057,33.994601
SS-MEIR-S-71,SS-MEIR-S-71-3D-03,2015-02-25,YD,84.7,-118.200546,33.994584
SS-MEIR-S-71,SS-MEIR-S-71-4D-03,2015-02-25,YD,61.5,-118.200523,33.994569
SS-MEIR-S-71,SS-MEIR-S-71-5D-03,2015-02-25,YD,75.2,-118.20052,33.994597
SS-MEIR-S-71,SS-MEIR-S-71-6D-03,2015-02-25,YD,99.6,-118.20048,33.994935
SS-MEIR-S-71,SS-MEIR-S-71-7D-03,2015-02-25,YD,112,-118.200444,33.994931
SS-MEIR-S-71,SS-MEIR-S-71-8D-03,2015-02-25,YD,120,-118.200411,33.994929
SS-MEIR-S-71,SS-MEIR-S-71-9D-03,2015-02-25,YD,112,-118.200427,33.994885
SS-MEIR-S-71,SS-MEIR-S-71-DZ-1D-03,2015-02-25,DL,273,-118.20049,33.994717
SS-MEIR-S-72,SS-MEIR-S-72-10D-03,2015-02-26,YD,146,-118.202653,33.993496
SS-MEIR-S-72,SS-MEIR-S-72-1D-03,2015-02-26,YD,143,-118.20277,33.993669
SS-MEIR-S-72,SS-MEIR-S-72-2D-03,2015-02-26,YD,115,-118.202756,33.993697
SS-MEIR-S-72,SS-MEIR-S-72-3D-03,2015-02-26,YD,113,-118.202685,33.993686
SS-MEIR-S-72,SS-MEIR-S-72-4D-03,2015-02-26,YD,61.5,-118.202688,33.993662
SS-MEIR-S-72,SS-MEIR-S-72-5D-03,2015-02-26,YD,114,-118.202635,33.993678
SS-MEIR-S-72,SS-MEIR-S-72-6D-03,2015-02-26,YD,117,-118.202643,33.993653
SS-MEIR-S-72,SS-MEIR-S-72-7D-03,2015-02-26,YD,158,-118.202638,33.993622
SS-MEIR-S-72,SS-MEIR-S-72-8D-03,2015-02-26,YD,198,-118.202646,33.993572
SS-MEIR-S-72,SS-MEIR-S-72-9D-03,2015-02-26,YD,248,-118.202647,33.993525
SS-MEIR-S-72,SS-MEIR-S-72-DZ-1D-03,2015-02-26,DL,261,-118.202748,33.993654
SS-MEIR-S-72,SS-MEIR-S-72-DZ-2D-03,2015-02-26,DL,203,-118.202699,33.99349
SS-MEIR-S-73,SS-MEIR-S-73-10D-03,2015-02-26,YD,127,-118.201604,33.995924
SS-MEIR-S-73,SS-MEIR-S-73-1D-03,2015-02-26,YD,152,-118.201733,33.995642
SS-MEIR-S-73,SS-MEIR-S-73-2D-03,2015-02-26,YD,159,-118.201713,33.995658
SS-MEIR-S-73,SS-MEIR-S-73-3D-03,2015-02-26,YD,140,-118.201697,33.995638
SS-MEIR-S-73,SS-MEIR-S-73-4D-03,2015-02-26,YD,160,-118.201674,33.995647
SS-MEIR-S-73,SS-MEIR-S-73-5D-03,2015-02-26,YD,162,-118.201658,33.995634
SS-MEIR-S-73,SS-MEIR-S-73-6D-03,2015-02-26,YD,116,-118.201609,33.995863
SS-MEIR-S-73,SS-MEIR-S-73-7D-03,2015-02-26,YD,123,-118.20161,33.995881
SS-MEIR-S-73,SS-MEIR-S-73-8D-03,2015-02-26,YD,219,-118.20161,33.995891
SS-MEIR-S-73,SS-MEIR-S-73-9D-03,2015-02-26,YD,129,-118.201607,33.995905
SS-MEIR-S-73,SS-MEIR-S-73-DZ-1D-03,2015-02-26,DL,80.4,-118.20168,33.995662
SS-MEIR-S-73,SS-MEIR-S-73-DZ-2D-03,2015-02-26,DL,112,-118.201738,33.995736
SS-MEIR-S-74,SS-MEIR-S-74-10D-03,2015-03-03,YD,71.8,-118.200484,33.993423
SS-MEIR-S-74,SS-MEIR-S-74-1D-03,2015-03-03,YD,70.4,-118.200405,33.993456
SS-MEIR-S-74,SS-MEIR-S-74-2D-03,2015-03-03,YD,64.6,-118.200407,33.993432
SS-MEIR-S-74,SS-MEIR-S-74-3D-03,2015-03-03,YD,66.8,-118.200416,33.993411
SS-MEIR-S-74,SS-MEIR-S-74-4D-03,2015-03-03,YD,83.7,-118.200436,33.99346
SS-MEIR-S-74,SS-MEIR-S-74-5D-03,2015-03-03,YD,52.6,-118.200459,33.993461
SS-MEIR-S-74,SS-MEIR-S-74-6D-03,2015-03-03,YD,72.6,-118.20045,33.993443
SS-MEIR-S-74,SS-MEIR-S-74-7D-03,2015-03-03,YD,61.8,-118.200455,33.993429
SS-MEIR-S-74,SS-MEIR-S-74-8D-03,2015-03-03,YD,75.2,-118.200481,33.993462
SS-MEIR-S-74,SS-MEIR-S-74-9D-03,2015-03-03,YD,60.4,-118.200482,33.993444
SS-MEIR-S-74,SS-MEIR-S-74-DZ-1D-03,2015-03-03,DL,71.1,-118.200453,33.993407
SS-MEIR-S-74,SS-MEIR-S-74-DZ-2D-03,2015-03-03,DL,132,-118.200485,33.993293
SS-MEIR-S-74,SS-MEIR-S-74-DZ-3D-03,2015-03-03,DL,166,-118.200509,33.993386
SS-MEIR-S-75,SS-MEIR-S-75-10D-03,2015-02-27,YD,248,-118.201619,33.995424
SS-MEIR-S-75,SS-MEIR-S-75-1D-03,2015-02-27,YD,130,-118.201544,33.995445
SS-MEIR-S-75,SS-MEIR-S-75-2D-03,2015-02-27,YD,114,-118.201545,33.995424
SS-MEIR-S-75,SS-MEIR-S-75-3D-03,2015-02-27,YD,210,-118.201547,33.995409
SS-MEIR-S-75,SS-MEIR-S-75-4D-03,2015-02-27,YD,121,-118.20157,33.995452
SS-MEIR-S-75,SS-MEIR-S-75-5D-03,2015-02-27,YD,140,-118.201574,33.995417
SS-MEIR-S-75,SS-MEIR-S-75-6D-03,2015-02-27,YD,120,-118.20158,33.995436
SS-MEIR-S-75,SS-MEIR-S-75-7D-03,2015-02-27,YD,118,-118.201597,33.99545
SS-MEIR-S-75,SS-MEIR-S-75-8D-03,2015-02-27,YD,176,-118.201601,33.995422
SS-MEIR-S-75,SS-MEIR-S-75-9D-03,2015-02-27,YD,134,-118.201615,33.995448
SS-MEIR-S-75,SS-MEIR-S-75-DZ-1D-03,2015-02-27,DL,250,-118.20162,33.99541
SS-MEIR-S-75,SS-MEIR-S-75-DZ-2D-03,2015-02-27,DL,226,-118.201637,33.99528
SS-MEIR-S-76,SS-MEIR-S-76-10D-03,2015-02-27,YD,226,-118.202343,33.993349
SS-MEIR-S-76,SS-MEIR-S-76-1D-03,2015-02-27,YD,128,-118.202232,33.993637
SS-MEIR-S-76,SS-MEIR-S-76-2D-03,2015-02-27,YD,97,-118.202236,33.993609
SS-MEIR-S-76,SS-MEIR-S-76-3D-03,2015-02-27,YD,95.6,-118.202251,33.99362
SS-MEIR-S-76,SS-MEIR-S-76-4D-03,2015-02-27,YD,115,-118.202263,33.993637
SS-MEIR-S-76,SS-MEIR-S-76-5D-03,2015-02-27,YD,138,-118.202266,33.993604
SS-MEIR-S-76,SS-MEIR-S-76-6D-03,2015-02-27,YD,121,-118.202269,33.993382
SS-MEIR-S-76,SS-MEIR-S-76-7D-03,2015-02-27,YD,117,-118.202274,33.993338
SS-MEIR-S-76,SS-MEIR-S-76-8D-03,2015-02-27,YD,103,-118.202318,33.993378
SS-MEIR-S-76,SS-MEIR-S-76-9D-03,2015-02-27,YD,174,-118.202348,33.993405
SS-MEIR-S-76,SS-MEIR-S-76-DZ-1D-03,2015-02-27,DL,110,-118.202244,33.993591
SS-MEIR-S-76,SS-MEIR-S-76-DZ-2D-03,2015-02-27,DL,100,-118.202319,33.993415
SS-MEIR-S-76,SS-MEIR-S-76-DZ-3D-03,2015-02-27,DL,279,-118.202345,33.99352
SS-MEIR-S-77,SS-MEIR-S-77-10D-03,2015-02-28,YD,150,-118.200877,33.994007
SS-MEIR-S-77,SS-MEIR-S-77-1D-03,2015-02-28,YD,163,-118.200955,33.993673
SS-MEIR-S-77,SS-MEIR-S-77-2D-03,2015-02-28,YD,125,-118.200949,33.993706
SS-MEIR-S-77,SS-MEIR-S-77-3D-03,2015-02-28,YD,111,-118.200919,33.993689
SS-MEIR-S-77,SS-MEIR-S-77-4D-03,2015-02-28,YD,114,-118.200899,33.99367
SS-MEIR-S-77,SS-MEIR-S-77-5D-03,2015-02-28,YD,229,-118.200891,33.993706
SS-MEIR-S-77,SS-MEIR-S-77-6D-03,2015-02-28,YD,122,-118.200946,33.993987
SS-MEIR-S-77,SS-MEIR-S-77-7D-03,2015-02-28,YD,113,-118.200927,33.993969
SS-MEIR-S-77,SS-MEIR-S-77-8D-03,2015-02-28,YD,97.8,-118.200903,33.993982
SS-MEIR-S-77,SS-MEIR-S-77-9D-03,2015-02-28,YD,107,-118.20088199999999,33.993973
SS-MEIR-S-77,SS-MEIR-S-77-DZ-1D-03,2015-02-28,DL,132,-118.200903,33.993732
SS-MEIR-S-78,SS-MEIR-S-78-10D-03,2015-02-28,YD,192,-118.202227,33.993269
SS-MEIR-S-78,SS-MEIR-S-78-1D-03,2015-02-28,YD,136,-118.202082,33.993623
SS-MEIR-S-78,SS-MEIR-S-78-2D-03,2015-02-28,YD,125,-118.2021,33.993608
SS-MEIR-S-78,SS-MEIR-S-78-3D-03,2015-02-28,YD,160,-118.202086,33.993592
SS-MEIR-S-78,SS-MEIR-S-78-4D-03,2015-02-28,YD,202,-118.202143,33.99362
SS-MEIR-S-78,SS-MEIR-S-78-5D-03,2015-02-28,YD,157,-118.20214,33.993594
SS-MEIR-S-78,SS-MEIR-S-78-6D-03,2015-02-28,YD,247,-118.202158,33.993306
SS-MEIR-S-78,SS-MEIR-S-78-7D-03,2015-02-28,YD,201,-118.202179,33.993269
SS-MEIR-S-78,SS-MEIR-S-78-8D-03,2015-02-28,YD,115,-118.202197,33.993285
SS-MEIR-S-78,SS-MEIR-S-78-9D-03,2015-02-28,YD,125,-118.202209,33.993292
SS-MEIR-S-78,SS-MEIR-S-78-DZ-1D-03,2015-02-28,DL,413,-118.202168,33.993578
SS-MEIR-S-78,SS-MEIR-S-78-DZ-2D-03,2015-02-28,DL,426,-118.202097,33.993499
SS-MEIR-S-79,SS-MEIR-S-79-10D-03,2015-03-04,YD,103,-118.202145,33.996044
SS-MEIR-S-79,SS-MEIR-S-79-1D-03,2015-03-04,YD,85.3,-118.202258,33.995695
SS-MEIR-S-79,SS-MEIR-S-79-2D-03,2015-03-04,YD,111,-118.202252,33.995723
SS-MEIR-S-79,SS-MEIR-S-79-3D-03,2015-03-04,YD,130,-118.202229,33.995684
SS-MEIR-S-79,SS-MEIR-S-79-4D-03,2015-03-04,YD,176,-118.202201,33.995687
SS-MEIR-S-79,SS-MEIR-S-79-5D-03,2015-03-04,YD,189,-118.202203,33.995713
SS-MEIR-S-79,SS-MEIR-S-79-6D-03,2015-03-04,YD,148,-118.202203,33.995999
SS-MEIR-S-79,SS-MEIR-S-79-7D-03,2015-03-04,YD,119,-118.202196,33.996048
SS-MEIR-S-79,SS-MEIR-S-79-8D-03,2015-03-04,YD,116,-118.202183,33.996017
SS-MEIR-S-79,SS-MEIR-S-79-9D-03,2015-03-04,YD,123,-118.202154,33.995992
SS-MEIR-S-79,SS-MEIR-S-79-DZ-1D-03,2015-03-04,DL,108,-118.202224,33.995743
SS-MEIR-S-79,SS-MEIR-S-79-DZ-2D-03,2015-03-04,DL,612,-118.202255,33.9958
SS-MEIR-S-79,SS-MEIR-S-79-DZ-3D-03,2015-03-04,DL,219,-118.202226,33.995861
SS-MEIR-S-80,SS-MEIR-S-80-10D-03,2015-03-04,YD,179,-118.202656,33.995157
SS-MEIR-S-80,SS-MEIR-S-80-1D-03,2015-03-04,YD,198,-118.202802,33.994805
SS-MEIR-S-80,SS-MEIR-S-80-2D-03,2015-03-04,YD,162,-118.202795,33.99484
SS-MEIR-S-80,SS-MEIR-S-80-3D-03,2015-03-04,YD,74.9,-118.202734,33.994818
SS-MEIR-S-80,SS-MEIR-S-80-4D-03,2015-03-04,YD,90.7,-118.202707,33.994801
SS-MEIR-S-80,SS-MEIR-S-80-5D-03,2015-03-04,YD,113,-118.202703,33.994832
SS-MEIR-S-80,SS-MEIR-S-80-6D-03,2015-03-04,YD,91.8,-118.202765,33.995051
SS-MEIR-S-80,SS-MEIR-S-80-7D-03,2015-03-04,YD,138,-118.202758,33.995114
SS-MEIR-S-80,SS-MEIR-S-80-8D-03,2015-03-04,YD,150,-118.202729,33.99515
SS-MEIR-S-80,SS-MEIR-S-80-9D-03,2015-03-04,YD,156,-118.202687,33.99515
SS-MEIR-S-80,SS-MEIR-S-80-DZ-1D-03,2015-03-04,DL,218,-118.202734,33.994856
SS-MEIR-S-80,SS-MEIR-S-80-DZ-2D-03,2015-03-04,DL,713,-118.202803,33.994893
SS-MEIR-S-81,SS-MEIR-S-81-10D-03,2015-03-05,YD,102,-118.201651,33.993562
SS-MEIR-S-81,SS-MEIR-S-81-1D-03,2015-03-05,YD,101,-118.201579,33.993583
SS-MEIR-S-81,SS-MEIR-S-81-2D-03,2015-03-05,YD,140,-118.201585,33.993574
SS-MEIR-S-81,SS-MEIR-S-81-3D-03,2015-03-05,YD,135,-118.201588,33.993559
SS-MEIR-S-81,SS-MEIR-S-81-4D-03,2015-03-05,YD,116,-118.201598,33.99358
SS-MEIR-S-81,SS-MEIR-S-81-5D-03,2015-03-05,YD,60,-118.201625,33.993572
SS-MEIR-S-81,SS-MEIR-S-81-6D-03,2015-03-05,YD,119,-118.201625,33.993557
SS-MEIR-S-81,SS-MEIR-S-81-7D-03,2015-03-05,YD,47.6,-118.201634,33.993586
SS-MEIR-S-81,SS-MEIR-S-81-8D-03,2015-03-05,YD,84,-118.201636,33.993563
SS-MEIR-S-81,SS-MEIR-S-81-9D-03,2015-03-05,YD,78.6,-118.201654,33.99358
SS-MEIR-S-81,SS-MEIR-S-81-DZ-1D-03,2015-03-05,DL,144,-118.201588,33.993555
SS-MEIR-S-81,SS-MEIR-S-81-DZ-2D-03,2015-03-05,DL,207,-118.201584,33.993433
SS-MEIR-S-82,SS-MEIR-S-82-10D-03,2015-03-05,YD,174,-118.200193,33.994862
SS-MEIR-S-82,SS-MEIR-S-82-1D-03,2015-03-05,YD,130,-118.2003,33.994558
SS-MEIR-S-82,SS-MEIR-S-82-2D-03,2015-03-05,YD,123,-118.200295,33.99458
SS-MEIR-S-82,SS-MEIR-S-82-3D-03,2015-03-05,YD,115,-118.200277,33.994566
SS-MEIR-S-82,SS-MEIR-S-82-4D-03,2015-03-05,YD,133,-118.200243,33.994547
SS-MEIR-S-82,SS-MEIR-S-82-5D-03,2015-03-05,YD,122,-118.200238,33.994566
SS-MEIR-S-82,SS-MEIR-S-82-6D-03,2015-03-05,YD,259,-118.200261,33.99479
SS-MEIR-S-82,SS-MEIR-S-82-7D-03,2015-03-05,YD,155,-118.200258,33.99484
SS-MEIR-S-82,SS-MEIR-S-82-8D-03,2015-03-05,YD,225,-118.200256,33.994873
SS-MEIR-S-82,SS-MEIR-S-82-9D-03,2015-03-05,YD,132,-118.200177,33.994842
SS-MEIR-S-82,SS-MEIR-S-82-DZ-1D-03,2015-03-05,DL,80.3,-118.200239,33.994586
SS-MEIR-S-82,SS-MEIR-S-82-DZ-2D-03,2015-03-05,DL,272,-118.200198,33.994669
SS-MEIR-S-82,SS-MEIR-S-82-DZ-3D-03,2015-03-05,DL,294,-118.200269,33.99477
SS-MEIR-S-83,SS-MEIR-S-83-10D-03,2015-03-06,YD,108,-118.202287,33.995525
SS-MEIR-S-83,SS-MEIR-S-83-1D-03,2015-03-06,YD,88,-118.201958,33.995466
SS-MEIR-S-83,SS-MEIR-S-83-2D-03,2015-03-06,YD,111,-118.201982,33.995489
SS-MEIR-S-83,SS-MEIR-S-83-3D-03,2015-03-06,YD,141,-118.202011,33.995475
SS-MEIR-S-83,SS-MEIR-S-83-4D-03,2015-03-06,YD,136,-118.202074,33.9955
SS-MEIR-S-83,SS-MEIR-S-83-5D-03,2015-03-06,YD,139,-118.202094,33.995474
SS-MEIR-S-83,SS-MEIR-S-83-6D-03,2015-03-06,YD,154,-118.202115,33.995501
SS-MEIR-S-83,SS-MEIR-S-83-7D-03,2015-03-06,YD,187,-118.202139,33.995488
SS-MEIR-S-83,SS-MEIR-S-83-8D-03,2015-03-06,YD,104,-118.202199,33.995516
SS-MEIR-S-83,SS-MEIR-S-83-9D-03,2015-03-06,YD,160,-118.202241,33.995498
SS-MEIR-S-83,SS-MEIR-S-83-DZ-1D-03,2015-03-06,DL,173,-118.201998,33.995451
SS-MEIR-S-83,SS-MEIR-S-83-DZ-2D-03,2015-03-06,DL,238,-118.202131,33.995462
SS-MEIR-S-83,SS-MEIR-S-83-DZ-3D-03,2015-03-06,DL,160,-118.202243,33.99548
SS-MEIR-S-84,SS-MEIR-S-84-10D-03,2015-03-06,YD,142,-118.200228,33.99364
SS-MEIR-S-84,SS-MEIR-S-84-1D-03,2015-03-06,YD,253,-118.200336,33.993623
SS-MEIR-S-84,SS-MEIR-S-84-2D-03,2015-03-06,YD,90.5,-118.200332,33.993649
SS-MEIR-S-84,SS-MEIR-S-84-3D-03,2015-03-06,YD,133,-118.200308,33.993648
SS-MEIR-S-84,SS-MEIR-S-84-4D-03,2015-03-06,YD,98.5,-118.200302,33.993618
SS-MEIR-S-84,SS-MEIR-S-84-5D-03,2015-03-06,YD,112,-118.200277,33.993611
SS-MEIR-S-84,SS-MEIR-S-84-6D-03,2015-03-06,YD,141,-118.200278,33.99363
SS-MEIR-S-84,SS-MEIR-S-84-7D-03,2015-03-06,YD,146,-118.200273,33.993645
SS-MEIR-S-84,SS-MEIR-S-84-8D-03,2015-03-06,YD,159,-118.20025,33.993641
SS-MEIR-S-84,SS-MEIR-S-84-9D-03,2015-03-06,YD,143,-118.200245,33.993613
SS-MEIR-S-84,SS-MEIR-S-84-DS-1D-03,2015-03-06,DL,183,-118.200216,33.993757
SS-MEIR-S-84,SS-MEIR-S-84-DZ-1D-03,2015-03-06,DL,184,-118.20028,33.993664
SS-MEIR-S-84,SS-MEIR-S-84-DZ-2D-03,2015-03-06,DL,201,-118.200225,33.993714
SS-MEIR-S-85,SS-MEIR-S-85-10D-03,2015-03-17,YD,269,-118.202137,33.994134
SS-MEIR-S-85,SS-MEIR-S-85-1D-03,2015-03-17,YD,176,-118.202353,33.993819
SS-MEIR-S-85,SS-MEIR-S-85-2D-03,2015-03-17,YD,154,-118.202349,33.993846
SS-MEIR-S-85,SS-MEIR-S-85-3D-03,2015-03-17,YD,137,-118.202305,33.993826
SS-MEIR-S-85,SS-MEIR-S-85-4D-03,2015-03-17,YD,158,-118.202279,33.993805
SS-MEIR-S-85,SS-MEIR-S-85-5D-03,2015-03-17,YD,132,-118.202276,33.993836
SS-MEIR-S-85,SS-MEIR-S-85-6D-03,2015-03-17,YD,245,-118.20218,33.993917
SS-MEIR-S-85,SS-MEIR-S-85-7D-03,2015-03-17,YD,326,-118.20217,33.993951
SS-MEIR-S-85,SS-MEIR-S-85-8D-03,2015-03-17,YD,283,-118.202144,33.994074
SS-MEIR-S-85,SS-MEIR-S-85-9D-03,2015-03-17,YD,503,-118.20214,33.994111
SS-MEIR-S-85,SS-MEIR-S-85-DZ-1D-03,2015-03-17,DL,264,-118.202233,33.993882
SS-MEIR-S-85,SS-MEIR-S-85-DZ-2D-03,2015-03-17,DL,338,-118.202339,33.993901
SS-MEIR-S-85,SS-MEIR-S-85-DZ-3D-03,2015-03-17,DL,228,-118.202183,33.994005
SS-MEIR-S-86,SS-MEIR-S-86-10D-03,2015-03-17,YD,105,-118.201997,33.993579
SS-MEIR-S-86,SS-MEIR-S-86-1D-03,2015-03-17,YD,110,-118.201948,33.993603
SS-MEIR-S-86,SS-MEIR-S-86-2D-03,2015-03-17,YD,114,-118.20198,33.993606
SS-MEIR-S-86,SS-MEIR-S-86-3D-03,2015-03-17,YD,85.8,-118.202015,33.993609
SS-MEIR-S-86,SS-MEIR-S-86-4D-03,2015-03-17,YD,87.9,-118.201948,33.993581
SS-MEIR-S-86,SS-MEIR-S-86-5D-03,2015-03-17,YD,94.4,-118.201965,33.993587
SS-MEIR-S-86,SS-MEIR-S-86-6D-03,2015-03-17,YD,101,-118.201997,33.993589
SS-MEIR-S-86,SS-MEIR-S-86-7D-03,2015-03-17,YD,107,-118.20202,33.993592
SS-MEIR-S-86,SS-MEIR-S-86-8D-03,2015-03-17,YD,140,-118.201948,33.993567
SS-MEIR-S-86,SS-MEIR-S-86-9D-03,2015-03-17,YD,108,-118.201976,33.993575
SS-MEIR-S-86,SS-MEIR-S-86-DZ-1D-03,2015-03-17,DL,86.5,-118.202008,33.99357
SS-MEIR-S-86,SS-MEIR-S-86-DZ-2D-03,2015-03-17,DL,161,-118.20206,33.993552
SS-MEIR-S-87,SS-MEIR-S-87-10D-03,2015-03-18,YD,170,-118.201149,33.993723
SS-MEIR-S-87,SS-MEIR-S-87-1D-03,2015-03-18,YD,160,-118.201237,33.993702999999996
SS-MEIR-S-87,SS-MEIR-S-87-2D-03,2015-03-18,YD,197,-118.201232,33.993736
SS-MEIR-S-87,SS-MEIR-S-87-3D-03,2015-03-18,YD,111,-118.201204,33.993699
SS-MEIR-S-87,SS-MEIR-S-87-4D-03,2015-03-18,YD,186,-118.201205,33.993718
SS-MEIR-S-87,SS-MEIR-S-87-5D-03,2015-03-18,YD,224,-118.201208,33.993731
SS-MEIR-S-87,SS-MEIR-S-87-6D-03,2015-03-18,YD,204,-118.201173,33.993695
SS-MEIR-S-87,SS-MEIR-S-87-7D-03,2015-03-18,YD,138,-118.201175,33.993714
SS-MEIR-S-87,SS-MEIR-S-87-8D-03,2015-03-18,YD,249,-118.201149,33.99369
SS-MEIR-S-87,SS-MEIR-S-87-9D-03,2015-03-18,YD,183,-118.201152,33.993709
SS-MEIR-S-87,SS-MEIR-S-87-DZ-1D-03,2015-03-18,DL,182,-118.201178,33.993749
SS-MEIR-S-88,SS-MEIR-S-88-10D-03,2015-03-18,YD,232,-118.202181,33.994939
SS-MEIR-S-88,SS-MEIR-S-88-1D-03,2015-03-18,YD,109,-118.20218,33.994741
SS-MEIR-S-88,SS-MEIR-S-88-2D-03,2015-03-18,YD,172,-118.202252,33.994746
SS-MEIR-S-88,SS-MEIR-S-88-3D-03,2015-03-18,YD,220,-118.20222,33.994776
SS-MEIR-S-88,SS-MEIR-S-88-4D-03,2015-03-18,YD,414,-118.202249,33.994791
SS-MEIR-S-88,SS-MEIR-S-88-5D-03,2015-03-18,YD,178,-118.202208,33.99479
SS-MEIR-S-88,SS-MEIR-S-88-6D-03,2015-03-18,YD,207,-118.202172,33.994879
SS-MEIR-S-88,SS-MEIR-S-88-7D-03,2015-03-18,YD,183,-118.202187,33.994894
SS-MEIR-S-88,SS-MEIR-S-88-8D-03,2015-03-18,YD,211,-118.202186,33.994912
SS-MEIR-S-88,SS-MEIR-S-88-9D-03,2015-03-18,YD,254,-118.202171,33.994929
SS-MEIR-S-88,SS-MEIR-S-88-DZ-1D-03,2015-03-18,DL,709,-118.20228,33.994806
SS-MEIR-S-88,SS-MEIR-S-88-DZ-2D-03,2015-03-18,DL,452,-118.202245,33.99483
SS-MEIR-S-89,SS-MEIR-S-89-10D-03,2015-03-31,YD,192,-118.202428,33.993625
SS-MEIR-S-89,SS-MEIR-S-89-1D-03,2015-03-31,YD,165,-118.202336,33.99365
SS-MEIR-S-89,SS-MEIR-S-89-2D-03,2015-03-31,YD,101,-118.202364,33.993654
SS-MEIR-S-89,SS-MEIR-S-89-3D-03,2015-03-31,YD,149,-118.202355,33.993636
SS-MEIR-S-89,SS-MEIR-S-89-4D-03,2015-03-31,YD,393,-118.202344,33.99362
SS-MEIR-S-89,SS-MEIR-S-89-5D-03,2015-03-31,YD,375,-118.202369,33.993623
SS-MEIR-S-89,SS-MEIR-S-89-6D-03,2015-03-31,YD,237,-118.202396,33.993654
SS-MEIR-S-89,SS-MEIR-S-89-7D-03,2015-03-31,YD,131,-118.202421,33.993659
SS-MEIR-S-89,SS-MEIR-S-89-8D-03,2015-03-31,YD,185,-118.202411,33.993641
SS-MEIR-S-89,SS-MEIR-S-89-9D-03,2015-03-31,YD,344,-118.202404,33.993624
SS-MEIR-S-89,SS-MEIR-S-89-DZ-1D-03,2015-03-31,DL,316,-118.202424,33.993615
SS-MEIR-S-89,SS-MEIR-S-89-DZ-2D-03,2015-03-31,DL,1100,-118.202359,33.993541
SS-MEIR-S-90,SS-MEIR-S-90-10D-03,2015-04-08,YD,303,-118.20281,33.995256
SS-MEIR-S-90,SS-MEIR-S-90-1D-03,2015-04-08,YD,138,-118.202728,33.995525
SS-MEIR-S-90,SS-MEIR-S-90-2D-EZ-03,2015-04-08,YD,124,-118.202719,33.995565
SS-MEIR-S-90,SS-MEIR-S-90-3D-EZ-03,2015-04-08,YD,197,-118.202742,33.995539
SS-MEIR-S-90,SS-MEIR-S-90-4D-03,2015-04-08,YD,176,-118.202787,33.995532
SS-MEIR-S-90,SS-MEIR-S-90-5D-EZ-03,2015-04-08,YD,243,-118.202786,33.995567
SS-MEIR-S-90,SS-MEIR-S-90-6D-03,2015-04-08,YD,105,-118.202795,33.99534
SS-MEIR-S-90,SS-MEIR-S-90-7D-03,2015-04-08,YD,253,-118.202804,33.995303
SS-MEIR-S-90,SS-MEIR-S-90-8D-03,2015-04-08,YD,281,-118.20286,33.995288
SS-MEIR-S-90,SS-MEIR-S-90-9D-03,2015-04-08,YD,347,-118.202885,33.995269
SS-MEIR-S-90,SS-MEIR-S-90-DZ-1D-03,2015-04-08,DL,436,-118.202738,33.995512
SS-MEIR-S-90,SS-MEIR-S-90-DZ-2D-03,2015-04-08,DL,278,-118.202726,33.99544
SS-MEIR-S-91,SS-MEIR-S-91-10D-03,2015-04-13,YD,218,-118.200264,33.993316
SS-MEIR-S-91,SS-MEIR-S-91-1D-03,2015-04-13,YD,157,-118.200248,33.99344
SS-MEIR-S-91,SS-MEIR-S-91-2D-03,2015-04-13,YD,274,-118.20026,33.993413
SS-MEIR-S-91,SS-MEIR-S-91-3D-03,2015-04-13,YD,125,-118.200283,33.993417
SS-MEIR-S-91,SS-MEIR-S-91-4D-03,2015-04-13,YD,124,-118.200333,33.993449
SS-MEIR-S-91,SS-MEIR-S-91-5D-03,2015-04-13,YD,143,-118.200326,33.993418
SS-MEIR-S-91,SS-MEIR-S-91-6D-03,2015-04-13,YD,130,-118.200255,33.993384
SS-MEIR-S-91,SS-MEIR-S-91-7D-03,2015-04-13,YD,289,-118.200277,33.993376
SS-MEIR-S-91,SS-MEIR-S-91-8D-03,2015-04-13,YD,282,-118.200253,33.993369
SS-MEIR-S-91,SS-MEIR-S-91-9D-03,2015-04-13,YD,199,-118.200258,33.993345
SS-MEIR-S-91,SS-MEIR-S-91-DZ-1D-03,2015-04-13,DL,229,-118.20031,33.993398
SS-MEIR-S-91,SS-MEIR-S-91-DZ-2D-03,2015-04-13,DL,290,-118.200273,33.993364
SS-MEIR-S-92,SS-MEIR-S-92-10D-03,2015-04-13,YD,115,-118.200373,33.995308
SS-MEIR-S-92,SS-MEIR-S-92-1D-03,2015-04-13,YD,143,-118.200377,33.995338
SS-MEIR-S-92,SS-MEIR-S-92-2D-03,2015-04-13,YD,138,-118.200421,33.995343
SS-MEIR-S-92,SS-MEIR-S-92-3D-03,2015-04-13,YD,114,-118.20048,33.995347
SS-MEIR-S-92,SS-MEIR-S-92-4D-03,2015-04-13,YD,111,-118.200532,33.995356
SS-MEIR-S-92,SS-MEIR-S-92-5D-03,2015-04-13,YD,94.7,-118.200581,33.995359
SS-MEIR-S-92,SS-MEIR-S-92-6D-03,2015-04-13,YD,112,-118.200584,33.995332
SS-MEIR-S-92,SS-MEIR-S-92-7D-03,2015-04-13,YD,120,-118.200533,33.995327
SS-MEIR-S-92,SS-MEIR-S-92-8D-03,2015-04-13,YD,136,-118.200481,33.995318
SS-MEIR-S-92,SS-MEIR-S-92-9D-03,2015-04-13,YD,95.1,-118.200427,33.995312
SS-MEIR-S-92,SS-MEIR-S-92-DZ-1D-03,2015-04-13,DL,68.7,-118.200504,33.995306
SS-MEIR-S-92,SS-MEIR-S-92-DZ-2D-03,2015-04-13,DL,124,-118.200609,33.995289
SS-MEIR-S-93,SS-MEIR-S-93-10D-03,2015-04-14,YD,158,-118.201855,33.995995
SS-MEIR-S-93,SS-MEIR-S-93-1D-03,2015-04-14,YD,151,-118.201998,33.99566
SS-MEIR-S-93,SS-MEIR-S-93-2D-03,2015-04-14,YD,124,-118.201981,33.99566
SS-MEIR-S-93,SS-MEIR-S-93-3D-03,2015-04-14,YD,177,-118.201964,33.995657
SS-MEIR-S-93,SS-MEIR-S-93-4D-03,2015-04-14,YD,186,-118.201952,33.995655
SS-MEIR-S-93,SS-MEIR-S-93-5D-03,2015-04-14,YD,209,-118.20195,33.995668
SS-MEIR-S-93,SS-MEIR-S-93-6D-03,2015-04-14,YD,295,-118.201949,33.995681
SS-MEIR-S-93,SS-MEIR-S-93-7D-03,2015-04-14,YD,197,-118.201965,33.995683
SS-MEIR-S-93,SS-MEIR-S-93-8D-03,2015-04-14,YD,183,-118.201978,33.995686
SS-MEIR-S-93,SS-MEIR-S-93-9D-03,2015-04-14,YD,196,-118.201993,33.995684
SS-MEIR-S-93,SS-MEIR-S-93-DZ-1D-03,2015-04-14,DL,134,-118.20198,33.995698
SS-MEIR-S-93,SS-MEIR-S-93-DZ-2D-03,2015-04-14,DL,207,-118.201914,33.995735
SS-MEIR-S-94,SS-MEIR-S-94-10D-03,2015-04-27,YD,214,-118.20115,33.994675
SS-MEIR-S-94,SS-MEIR-S-94-1D-03,2015-04-27,YD,206,-118.201249,33.994645
SS-MEIR-S-94,SS-MEIR-S-94-2D-03,2015-04-27,YD,282,-118.201241,33.994683
SS-MEIR-S-94,SS-MEIR-S-94-3D-03,2015-04-27,YD,179,-118.201226,33.99466
SS-MEIR-S-94,SS-MEIR-S-94-4D-03,2015-04-27,YD,268,-118.201214,33.994639
SS-MEIR-S-94,SS-MEIR-S-94-5D-03,2015-04-27,YD,189,-118.201209,33.99468
SS-MEIR-S-94,SS-MEIR-S-94-6D-03,2015-04-27,YD,257,-118.201184,33.994639
SS-MEIR-S-94,SS-MEIR-S-94-7D-03,2015-04-27,YD,364,-118.20118,33.994677
SS-MEIR-S-94,SS-MEIR-S-94-8D-03,2015-04-27,YD,199,-118.201169,33.994655
SS-MEIR-S-94,SS-MEIR-S-94-9D-03,2015-04-27,YD,234,-118.201158,33.994636
SS-MEIR-S-94,SS-MEIR-S-94-DS-1D-03,2015-04-27,DL,379,-118.201156,33.994687
SS-MEIR-S-94,SS-MEIR-S-94-DZ-1D-03,2015-04-27,DL,220,-118.201185,33.99469
SS-MEIR-S-94,SS-MEIR-S-94-DZ-2D-03,2015-04-27,DL,257,-118.201239,33.994728
SS-MEIR-S-95,SS-MEIR-S-95-10D-03,2015-04-27,YD,150,-118.200812,33.994632
SS-MEIR-S-95,SS-MEIR-S-95-1D-03,2015-04-27,YD,167,-118.200827,33.994602
SS-MEIR-S-95,SS-MEIR-S-95-2D-03,2015-04-27,YD,113,-118.200797,33.994598
SS-MEIR-S-95,SS-MEIR-S-95-3D-03,2015-04-27,YD,127,-118.200747,33.99459
SS-MEIR-S-95,SS-MEIR-S-95-4D-03,2015-04-27,YD,135,-118.200712,33.994589
SS-MEIR-S-95,SS-MEIR-S-95-5D-03,2015-04-27,YD,112,-118.200678,33.994586
SS-MEIR-S-95,SS-MEIR-S-95-6D-03,2015-04-27,YD,141,-118.200674,33.994614
SS-MEIR-S-95,SS-MEIR-S-95-7D-03,2015-04-27,YD,130,-118.200692,33.994616
SS-MEIR-S-95,SS-MEIR-S-95-8D-03,2015-04-27,YD,141,-118.200724,33.994616
SS-MEIR-S-95,SS-MEIR-S-95-9D-03,2015-04-27,YD,119,-118.200776,33.994631
SS-MEIR-S-95,SS-MEIR-S-95-DZ-1D-03,2015-04-27,DL,151,-118.200717,33.994639
SS-MEIR-S-95,SS-MEIR-S-95-DZ-2D-03,2015-04-27,DL,137,-118.200789,33.994684
SS-MEIR-S-95,SS-MEIR-S-95-DZ-3D-03,2015-04-27,DL,131,-118.200686,33.994674
SS-MEIR-S-97,SS-MEIR-S-97-10D-03,2015-05-06,YD,400,-118.200825,33.99443
SS-MEIR-S-97,SS-MEIR-S-97-1D-03,2015-05-06,YD,131,-118.200777,33.994374
SS-MEIR-S-97,SS-MEIR-S-97-2D-03,2015-05-06,YD,123,-118.20076,33.994393
SS-MEIR-S-97,SS-MEIR-S-97-3D-03,2015-05-06,YD,130,-118.200776,33.994399
SS-MEIR-S-97,SS-MEIR-S-97-4D-03,2015-05-06,YD,134,-118.200765,33.99441
SS-MEIR-S-97,SS-MEIR-S-97-5D-03,2015-05-06,YD,164,-118.200756,33.994427
SS-MEIR-S-97,SS-MEIR-S-97-6D-03,2015-05-06,YD,160,-118.200773,33.994426
SS-MEIR-S-97,SS-MEIR-S-97-7D-03,2015-05-06,YD,458,-118.200806,33.994399
SS-MEIR-S-97,SS-MEIR-S-97-8D-03,2015-05-06,YD,219,-118.200798,33.994428
SS-MEIR-S-97,SS-MEIR-S-97-9D-03,2015-05-06,YD,143,-118.200831,33.994402
SS-MEIR-S-97,SS-MEIR-S-97-DZ-1D-03,2015-05-06,DL,234,-118.200827,33.994382
SS-MEIR-S-98,SS-MEIR-S-98-10D-03,2015-04-29,YD,152,-118.202579,33.993642
SS-MEIR-S-98,SS-MEIR-S-98-1D-03,2015-04-29,YD,124,-118.202511,33.993673
SS-MEIR-S-98,SS-MEIR-S-98-2D-03,2015-04-29,YD,207,-118.202512,33.993661
SS-MEIR-S-98,SS-MEIR-S-98-3D-03,2015-04-29,YD,122,-118.202512,33.993653
SS-MEIR-S-98,SS-MEIR-S-98-4D-03,2015-04-29,YD,128,-118.202513,33.993638
SS-MEIR-S-98,SS-MEIR-S-98-5D-03,2015-04-29,YD,116,-118.202543,33.993675
SS-MEIR-S-98,SS-MEIR-S-98-6D-03,2015-04-29,YD,130,-118.202544,33.993658
SS-MEIR-S-98,SS-MEIR-S-98-7D-03,2015-04-29,YD,149,-118.202549,33.993638
SS-MEIR-S-98,SS-MEIR-S-98-8D-03,2015-04-29,YD,111,-118.202576,33.99368
SS-MEIR-S-98,SS-MEIR-S-98-9D-03,2015-04-29,YD,108,-118.202577,33.993663
SS-MEIR-S-98,SS-MEIR-S-98-DZ-1D-03,2015-04-29,DL,487,-118.202514,33.993606
